execve("./exploit.py", ["./exploit.py", "local"], 0x7ffd3306d018 /* 31 vars */) = 0
brk(NULL)                               = 0x55882d08c000
mmap(NULL, 8192, PROT_READ|PROT_WRITE, MAP_PRIVATE|MAP_ANONYMOUS, -1, 0) = 0x7fe775830000
access("/etc/ld.so.preload", R_OK)      = -1 ENOENT (No such file or directory)
openat(AT_FDCWD, "/etc/ld.so.cache", O_RDONLY|O_CLOEXEC) = 5
fstat(5, {st_mode=S_IFREG|0644, st_size=26871, ...}) = 0
mmap(NULL, 26871, PROT_READ, MAP_PRIVATE, 5, 0) = 0x7fe775829000
close(5)                                = 0
openat(AT_FDCWD, "/lib/x86_64-linux-gnu/libc.so.6", O_RDONLY|O_CLOEXEC) = 5
read(5, "\177ELF\2\1\1\3\0\0\0\0\0\0\0\0\3\0>\0\1\0\0\0\220\243\2\0\0\0\0\0"..., 832) = 832
pread64(5, "\6\0\0\0\4\0\0\0@\0\0\0\0\0\0\0@\0\0\0\0\0\0\0@\0\0\0\0\0\0\0"..., 784, 64) = 784
fstat(5, {st_mode=S_IFREG|0755, st_size=2125328, ...}) = 0
pread64(5, "\6\0\0\0\4\0\0\0@\0\0\0\0\0\0\0@\0\0\0\0\0\0\0@\0\0\0\0\0\0\0"..., 784, 64) = 784
mmap(NULL, 2170256, PROT_READ, MAP_PRIVATE|MAP_DENYWRITE, 5, 0) = 0x7fe775617000
mmap(0x7fe77563f000, 1605632, PROT_READ|PROT_EXEC, MAP_PRIVATE|MAP_FIXED|MAP_DENYWRITE, 5, 0x28000) = 0x7fe77563f000
mmap(0x7fe7757c7000, 323584, PROT_READ, MAP_PRIVATE|MAP_FIXED|MAP_DENYWRITE, 5, 0x1b0000) = 0x7fe7757c7000
mmap(0x7fe775816000, 24576, PROT_READ|PROT_WRITE, MAP_PRIVATE|MAP_FIXED|MAP_DENYWRITE, 5, 0x1fe000) = 0x7fe775816000
mmap(0x7fe77581c000, 52624, PROT_READ|PROT_WRITE, MAP_PRIVATE|MAP_FIXED|MAP_ANONYMOUS, -1, 0) = 0x7fe77581c000
close(5)                                = 0
mmap(NULL, 12288, PROT_READ|PROT_WRITE, MAP_PRIVATE|MAP_ANONYMOUS, -1, 0) = 0x7fe775614000
arch_prctl(ARCH_SET_FS, 0x7fe775614740) = 0
set_tid_address(0x7fe775614a10)         = 31533
set_robust_list(0x7fe775614a20, 24)     = 0
rseq(0x7fe775615060, 0x20, 0, 0x53053053) = 0
mprotect(0x7fe775816000, 16384, PROT_READ) = 0
mprotect(0x558820cd1000, 4096, PROT_READ) = 0
mprotect(0x7fe775868000, 8192, PROT_READ) = 0
prlimit64(0, RLIMIT_STACK, NULL, {rlim_cur=8192*1024, rlim_max=RLIM64_INFINITY}) = 0
munmap(0x7fe775829000, 26871)           = 0
getrandom("\x12\x8a\xbc\xa5\x29\xab\xbe\x03", 8, GRND_NONBLOCK) = 8
brk(NULL)                               = 0x55882d08c000
brk(0x55882d0ad000)                     = 0x55882d0ad000
openat(AT_FDCWD, "/usr/lib/locale/locale-archive", O_RDONLY|O_CLOEXEC) = 5
fstat(5, {st_mode=S_IFREG|0644, st_size=3055776, ...}) = 0
mmap(NULL, 3055776, PROT_READ, MAP_PRIVATE, 5, 0) = 0x7fe775329000
close(5)                                = 0
execve("/home/ubuntu/.local/bin/python3", ["python3", "./exploit.py", "local"], 0x7ffc9cf11f90 /* 31 vars */) = -1 ENOENT (No such file or directory)
execve("/usr/local/cargo/bin/python3", ["python3", "./exploit.py", "local"], 0x7ffc9cf11f90 /* 31 vars */) = -1 ENOENT (No such file or directory)
execve("/usr/local/cargo/bin/python3", ["python3", "./exploit.py", "local"], 0x7ffc9cf11f90 /* 31 vars */) = -1 ENOENT (No such file or directory)
execve("/usr/local/cargo/bin/python3", ["python3", "./exploit.py", "local"], 0x7ffc9cf11f90 /* 31 vars */) = -1 ENOENT (No such file or directory)
execve("/home/ubuntu/.nvm/versions/node/v22.21.1/bin/python3", ["python3", "./exploit.py", "local"], 0x7ffc9cf11f90 /* 31 vars */) = -1 ENOENT (No such file or directory)
execve("/usr/local/sbin/python3", ["python3", "./exploit.py", "local"], 0x7ffc9cf11f90 /* 31 vars */) = -1 ENOENT (No such file or directory)
execve("/usr/local/bin/python3", ["python3", "./exploit.py", "local"], 0x7ffc9cf11f90 /* 31 vars */) = -1 ENOENT (No such file or directory)
execve("/usr/sbin/python3", ["python3", "./exploit.py", "local"], 0x7ffc9cf11f90 /* 31 vars */) = -1 ENOENT (No such file or directory)
execve("/usr/bin/python3", ["python3", "./exploit.py", "local"], 0x7ffc9cf11f90 /* 31 vars */) = 0
brk(NULL)                               = 0x1f14f000
mmap(NULL, 8192, PROT_READ|PROT_WRITE, MAP_PRIVATE|MAP_ANONYMOUS, -1, 0) = 0x7fd8f3e5f000
access("/etc/ld.so.preload", R_OK)      = -1 ENOENT (No such file or directory)
openat(AT_FDCWD, "/etc/ld.so.cache", O_RDONLY|O_CLOEXEC) = 5
fstat(5, {st_mode=S_IFREG|0644, st_size=26871, ...}) = 0
mmap(NULL, 26871, PROT_READ, MAP_PRIVATE, 5, 0) = 0x7fd8f3e58000
close(5)                                = 0
openat(AT_FDCWD, "/lib/x86_64-linux-gnu/libm.so.6", O_RDONLY|O_CLOEXEC) = 5
read(5, "\177ELF\2\1\1\3\0\0\0\0\0\0\0\0\3\0>\0\1\0\0\0\0\0\0\0\0\0\0\0"..., 832) = 832
fstat(5, {st_mode=S_IFREG|0644, st_size=952616, ...}) = 0
mmap(NULL, 950296, PROT_READ, MAP_PRIVATE|MAP_DENYWRITE, 5, 0) = 0x7fd8f3d6f000
mmap(0x7fd8f3d7f000, 520192, PROT_READ|PROT_EXEC, MAP_PRIVATE|MAP_FIXED|MAP_DENYWRITE, 5, 0x10000) = 0x7fd8f3d7f000
mmap(0x7fd8f3dfe000, 360448, PROT_READ, MAP_PRIVATE|MAP_FIXED|MAP_DENYWRITE, 5, 0x8f000) = 0x7fd8f3dfe000
mmap(0x7fd8f3e56000, 8192, PROT_READ|PROT_WRITE, MAP_PRIVATE|MAP_FIXED|MAP_DENYWRITE, 5, 0xe7000) = 0x7fd8f3e56000
close(5)                                = 0
openat(AT_FDCWD, "/lib/x86_64-linux-gnu/libz.so.1", O_RDONLY|O_CLOEXEC) = 5
read(5, "\177ELF\2\1\1\0\0\0\0\0\0\0\0\0\3\0>\0\1\0\0\0\0\0\0\0\0\0\0\0"..., 832) = 832
fstat(5, {st_mode=S_IFREG|0644, st_size=113000, ...}) = 0
mmap(NULL, 110744, PROT_READ, MAP_PRIVATE|MAP_DENYWRITE, 5, 0) = 0x7fd8f3d53000
mmap(0x7fd8f3d55000, 73728, PROT_READ|PROT_EXEC, MAP_PRIVATE|MAP_FIXED|MAP_DENYWRITE, 5, 0x2000) = 0x7fd8f3d55000
mmap(0x7fd8f3d67000, 24576, PROT_READ, MAP_PRIVATE|MAP_FIXED|MAP_DENYWRITE, 5, 0x14000) = 0x7fd8f3d67000
mmap(0x7fd8f3d6d000, 8192, PROT_READ|PROT_WRITE, MAP_PRIVATE|MAP_FIXED|MAP_DENYWRITE, 5, 0x1a000) = 0x7fd8f3d6d000
close(5)                                = 0
openat(AT_FDCWD, "/lib/x86_64-linux-gnu/libexpat.so.1", O_RDONLY|O_CLOEXEC) = 5
read(5, "\177ELF\2\1\1\0\0\0\0\0\0\0\0\0\3\0>\0\1\0\0\0\0\0\0\0\0\0\0\0"..., 832) = 832
fstat(5, {st_mode=S_IFREG|0644, st_size=174336, ...}) = 0
mmap(NULL, 176256, PROT_READ, MAP_PRIVATE|MAP_DENYWRITE, 5, 0) = 0x7fd8f3d27000
mmap(0x7fd8f3d2b000, 118784, PROT_READ|PROT_EXEC, MAP_PRIVATE|MAP_FIXED|MAP_DENYWRITE, 5, 0x4000) = 0x7fd8f3d2b000
mmap(0x7fd8f3d48000, 32768, PROT_READ, MAP_PRIVATE|MAP_FIXED|MAP_DENYWRITE, 5, 0x21000) = 0x7fd8f3d48000
mmap(0x7fd8f3d50000, 12288, PROT_READ|PROT_WRITE, MAP_PRIVATE|MAP_FIXED|MAP_DENYWRITE, 5, 0x28000) = 0x7fd8f3d50000
close(5)                                = 0
openat(AT_FDCWD, "/lib/x86_64-linux-gnu/libc.so.6", O_RDONLY|O_CLOEXEC) = 5
read(5, "\177ELF\2\1\1\3\0\0\0\0\0\0\0\0\3\0>\0\1\0\0\0\220\243\2\0\0\0\0\0"..., 832) = 832
pread64(5, "\6\0\0\0\4\0\0\0@\0\0\0\0\0\0\0@\0\0\0\0\0\0\0@\0\0\0\0\0\0\0"..., 784, 64) = 784
fstat(5, {st_mode=S_IFREG|0755, st_size=2125328, ...}) = 0
pread64(5, "\6\0\0\0\4\0\0\0@\0\0\0\0\0\0\0@\0\0\0\0\0\0\0@\0\0\0\0\0\0\0"..., 784, 64) = 784
mmap(NULL, 2170256, PROT_READ, MAP_PRIVATE|MAP_DENYWRITE, 5, 0) = 0x7fd8f3b15000
mmap(0x7fd8f3b3d000, 1605632, PROT_READ|PROT_EXEC, MAP_PRIVATE|MAP_FIXED|MAP_DENYWRITE, 5, 0x28000) = 0x7fd8f3b3d000
mmap(0x7fd8f3cc5000, 323584, PROT_READ, MAP_PRIVATE|MAP_FIXED|MAP_DENYWRITE, 5, 0x1b0000) = 0x7fd8f3cc5000
mmap(0x7fd8f3d14000, 24576, PROT_READ|PROT_WRITE, MAP_PRIVATE|MAP_FIXED|MAP_DENYWRITE, 5, 0x1fe000) = 0x7fd8f3d14000
mmap(0x7fd8f3d1a000, 52624, PROT_READ|PROT_WRITE, MAP_PRIVATE|MAP_FIXED|MAP_ANONYMOUS, -1, 0) = 0x7fd8f3d1a000
close(5)                                = 0
mmap(NULL, 8192, PROT_READ|PROT_WRITE, MAP_PRIVATE|MAP_ANONYMOUS, -1, 0) = 0x7fd8f3b13000
arch_prctl(ARCH_SET_FS, 0x7fd8f3b14080) = 0
set_tid_address(0x7fd8f3b14350)         = 31533
set_robust_list(0x7fd8f3b14360, 24)     = 0
rseq(0x7fd8f3b149a0, 0x20, 0, 0x53053053) = 0
mprotect(0x7fd8f3d14000, 16384, PROT_READ) = 0
mprotect(0x7fd8f3d50000, 8192, PROT_READ) = 0
mprotect(0x7fd8f3d6d000, 4096, PROT_READ) = 0
mprotect(0x7fd8f3e56000, 4096, PROT_READ) = 0
mprotect(0xa28000, 4096, PROT_READ)     = 0
mprotect(0x7fd8f3e97000, 8192, PROT_READ) = 0
prlimit64(0, RLIMIT_STACK, NULL, {rlim_cur=8192*1024, rlim_max=RLIM64_INFINITY}) = 0
munmap(0x7fd8f3e58000, 26871)           = 0
getrandom("\x1c\xdd\x09\x43\xc7\xdd\x82\xd4", 8, GRND_NONBLOCK) = 8
brk(NULL)                               = 0x1f14f000
brk(0x1f170000)                         = 0x1f170000
openat(AT_FDCWD, "/usr/lib/locale/locale-archive", O_RDONLY|O_CLOEXEC) = 5
fstat(5, {st_mode=S_IFREG|0644, st_size=3055776, ...}) = 0
mmap(NULL, 3055776, PROT_READ, MAP_PRIVATE, 5, 0) = 0x7fd8f3828000
close(5)                                = 0
openat(AT_FDCWD, "/usr/lib/x86_64-linux-gnu/gconv/gconv-modules.cache", O_RDONLY|O_CLOEXEC) = 5
fstat(5, {st_mode=S_IFREG|0644, st_size=27028, ...}) = 0
mmap(NULL, 27028, PROT_READ, MAP_SHARED, 5, 0) = 0x7fd8f3e58000
close(5)                                = 0
futex(0x7fd8f3d1972c, FUTEX_WAKE_PRIVATE, 2147483647) = 0
getcwd("/workspace/sidechannel/ropfu", 4096) = 29
getrandom("\xab\xa2\x0f\xb7\x0d\xdb\x69\xab\x34\x48\xfe\x5f\xb0\x47\x8b\x75\xdd\x0a\x72\xd3\x5b\x80\x24\x0d", 24, GRND_NONBLOCK) = 24
gettid()                                = 31533
mmap(NULL, 1048576, PROT_READ|PROT_WRITE, MAP_PRIVATE|MAP_ANONYMOUS, -1, 0) = 0x7fd8f3728000
mmap(NULL, 266240, PROT_READ|PROT_WRITE, MAP_PRIVATE|MAP_ANONYMOUS, -1, 0) = 0x7fd8f36e7000
mmap(NULL, 135168, PROT_READ|PROT_WRITE, MAP_PRIVATE|MAP_ANONYMOUS, -1, 0) = 0x7fd8f36c6000
brk(0x1f191000)                         = 0x1f191000
mmap(NULL, 16384, PROT_READ|PROT_WRITE, MAP_PRIVATE|MAP_ANONYMOUS, -1, 0) = 0x7fd8f36c2000
brk(0x1f1b2000)                         = 0x1f1b2000
newfstatat(AT_FDCWD, "/home/ubuntu/.local/bin/python3", 0x7ffc5ece7a30, 0) = -1 ENOENT (No such file or directory)
newfstatat(AT_FDCWD, "/usr/local/cargo/bin/python3", 0x7ffc5ece7a30, 0) = -1 ENOENT (No such file or directory)
newfstatat(AT_FDCWD, "/usr/local/cargo/bin/python3", 0x7ffc5ece7a30, 0) = -1 ENOENT (No such file or directory)
newfstatat(AT_FDCWD, "/usr/local/cargo/bin/python3", 0x7ffc5ece7a30, 0) = -1 ENOENT (No such file or directory)
newfstatat(AT_FDCWD, "/home/ubuntu/.nvm/versions/node/v22.21.1/bin/python3", 0x7ffc5ece7a30, 0) = -1 ENOENT (No such file or directory)
newfstatat(AT_FDCWD, "/usr/local/sbin/python3", 0x7ffc5ece7a30, 0) = -1 ENOENT (No such file or directory)
newfstatat(AT_FDCWD, "/usr/local/bin/python3", 0x7ffc5ece7a30, 0) = -1 ENOENT (No such file or directory)
newfstatat(AT_FDCWD, "/usr/sbin/python3", 0x7ffc5ece7a30, 0) = -1 ENOENT (No such file or directory)
newfstatat(AT_FDCWD, "/usr/bin/python3", {st_mode=S_IFREG|0755, st_size=8021824, ...}, 0) = 0
openat(AT_FDCWD, "/usr/pyvenv.cfg", O_RDONLY) = -1 ENOENT (No such file or directory)
openat(AT_FDCWD, "/usr/bin/pyvenv.cfg", O_RDONLY) = -1 ENOENT (No such file or directory)
readlink("/usr/bin/python3", "python3.12", 4096) = 10
readlink("/usr/bin/python3.12", 0x7ffc5ece2a50, 4096) = -1 EINVAL (Invalid argument)
openat(AT_FDCWD, "/usr/bin/python3._pth", O_RDONLY) = -1 ENOENT (No such file or directory)
openat(AT_FDCWD, "/usr/bin/python3.12._pth", O_RDONLY) = -1 ENOENT (No such file or directory)
openat(AT_FDCWD, "/usr/bin/pybuilddir.txt", O_RDONLY) = -1 ENOENT (No such file or directory)
newfstatat(AT_FDCWD, "/usr/bin/Modules/Setup.local", 0x7ffc5ece7a30, 0) = -1 ENOENT (No such file or directory)
newfstatat(AT_FDCWD, "/usr/bin/lib/python312.zip", 0x7ffc5ece77f0, 0) = -1 ENOENT (No such file or directory)
newfstatat(AT_FDCWD, "/usr/lib/python312.zip", 0x7ffc5ece7850, 0) = -1 ENOENT (No such file or directory)
newfstatat(AT_FDCWD, "/usr/bin/lib/python3.12/os.py", 0x7ffc5ece7850, 0) = -1 ENOENT (No such file or directory)
newfstatat(AT_FDCWD, "/usr/bin/lib/python3.12/os.pyc", 0x7ffc5ece7850, 0) = -1 ENOENT (No such file or directory)
newfstatat(AT_FDCWD, "/usr/lib/python3.12/os.py", {st_mode=S_IFREG|0644, st_size=39786, ...}, 0) = 0
newfstatat(AT_FDCWD, "/usr/bin/lib/python3.12/lib-dynload", 0x7ffc5ece7850, 0) = -1 ENOENT (No such file or directory)
newfstatat(AT_FDCWD, "/usr/lib/python3.12/lib-dynload", {st_mode=S_IFDIR|0755, st_size=4096, ...}, 0) = 0
newfstatat(AT_FDCWD, "/usr/lib/python3.12/lib-dynload", {st_mode=S_IFDIR|0755, st_size=4096, ...}, 0) = 0
openat(AT_FDCWD, "/etc/localtime", O_RDONLY|O_CLOEXEC) = 5
fstat(5, {st_mode=S_IFREG|0644, st_size=114, ...}) = 0
fstat(5, {st_mode=S_IFREG|0644, st_size=114, ...}) = 0
brk(0x1f1d3000)                         = 0x1f1d3000
read(5, "TZif2\0\0\0\0\0\0\0\0\0\0\0\0\0\0\0\0\0\0\0\0\0\0\0\0\0\0\0"..., 4096) = 114
lseek(5, -60, SEEK_CUR)                 = 54
read(5, "TZif2\0\0\0\0\0\0\0\0\0\0\0\0\0\0\0\0\0\0\0\0\0\0\0\0\0\0\0"..., 4096) = 60
close(5)                                = 0
brk(0x1f1d2000)                         = 0x1f1d2000
newfstatat(AT_FDCWD, "/usr/lib/python312.zip", 0x7ffc5ece7280, 0) = -1 ENOENT (No such file or directory)
newfstatat(AT_FDCWD, "/usr/lib", {st_mode=S_IFDIR|0755, st_size=4096, ...}, 0) = 0
newfstatat(AT_FDCWD, "/usr/lib/python312.zip", 0x7ffc5ece7600, 0) = -1 ENOENT (No such file or directory)
newfstatat(AT_FDCWD, "/usr/lib/python3.12", {st_mode=S_IFDIR|0755, st_size=4096, ...}, 0) = 0
newfstatat(AT_FDCWD, "/usr/lib/python3.12", {st_mode=S_IFDIR|0755, st_size=4096, ...}, 0) = 0
newfstatat(AT_FDCWD, "/usr/lib/python3.12", {st_mode=S_IFDIR|0755, st_size=4096, ...}, 0) = 0
openat(AT_FDCWD, "/usr/lib/python3.12", O_RDONLY|O_NONBLOCK|O_CLOEXEC|O_DIRECTORY) = 5
fstat(5, {st_mode=S_IFDIR|0755, st_size=4096, ...}) = 0
getdents64(5, 0x1f1b3390 /* 201 entries */, 32768) = 6712
getdents64(5, 0x1f1b3390 /* 0 entries */, 32768) = 0
close(5)                                = 0
newfstatat(AT_FDCWD, "/usr/lib/python3.12/encodings/__init__.cpython-312-x86_64-linux-gnu.so", 0x7ffc5ece7600, 0) = -1 ENOENT (No such file or directory)
newfstatat(AT_FDCWD, "/usr/lib/python3.12/encodings/__init__.abi3.so", 0x7ffc5ece7600, 0) = -1 ENOENT (No such file or directory)
newfstatat(AT_FDCWD, "/usr/lib/python3.12/encodings/__init__.so", 0x7ffc5ece7600, 0) = -1 ENOENT (No such file or directory)
newfstatat(AT_FDCWD, "/usr/lib/python3.12/encodings/__init__.py", {st_mode=S_IFREG|0644, st_size=5884, ...}, 0) = 0
newfstatat(AT_FDCWD, "/usr/lib/python3.12/encodings/__init__.py", {st_mode=S_IFREG|0644, st_size=5884, ...}, 0) = 0
openat(AT_FDCWD, "/usr/lib/python3.12/encodings/__pycache__/__init__.cpython-312.pyc", O_RDONLY|O_CLOEXEC) = 5
fcntl(5, F_GETFD)                       = 0x1 (flags FD_CLOEXEC)
fstat(5, {st_mode=S_IFREG|0644, st_size=5790, ...}) = 0
ioctl(5, TCGETS, 0x7ffc5ece7240)        = -1 ENOTTY (Inappropriate ioctl for device)
lseek(5, 0, SEEK_CUR)                   = 0
lseek(5, 0, SEEK_CUR)                   = 0
fstat(5, {st_mode=S_IFREG|0644, st_size=5790, ...}) = 0
read(5, "\313\r\r\n\0\0\0\0)!\236h\374\26\0\0\343\0\0\0\0\0\0\0\0\0\0\0\0\6\0\0"..., 5791) = 5790
read(5, "", 1)                          = 0
close(5)                                = 0
newfstatat(AT_FDCWD, "/usr/lib/python3.12/encodings", {st_mode=S_IFDIR|0755, st_size=4096, ...}, 0) = 0
newfstatat(AT_FDCWD, "/usr/lib/python3.12/encodings", {st_mode=S_IFDIR|0755, st_size=4096, ...}, 0) = 0
newfstatat(AT_FDCWD, "/usr/lib/python3.12/encodings", {st_mode=S_IFDIR|0755, st_size=4096, ...}, 0) = 0
openat(AT_FDCWD, "/usr/lib/python3.12/encodings", O_RDONLY|O_NONBLOCK|O_CLOEXEC|O_DIRECTORY) = 5
fstat(5, {st_mode=S_IFDIR|0755, st_size=4096, ...}) = 0
getdents64(5, 0x1f1bc900 /* 125 entries */, 32768) = 4224
getdents64(5, 0x1f1bc900 /* 0 entries */, 32768) = 0
close(5)                                = 0
newfstatat(AT_FDCWD, "/usr/lib/python3.12/encodings/aliases.py", {st_mode=S_IFREG|0644, st_size=15677, ...}, 0) = 0
newfstatat(AT_FDCWD, "/usr/lib/python3.12/encodings/aliases.py", {st_mode=S_IFREG|0644, st_size=15677, ...}, 0) = 0
openat(AT_FDCWD, "/usr/lib/python3.12/encodings/__pycache__/aliases.cpython-312.pyc", O_RDONLY|O_CLOEXEC) = 5
fstat(5, {st_mode=S_IFREG|0644, st_size=12408, ...}) = 0
ioctl(5, TCGETS, 0x7ffc5ece67c0)        = -1 ENOTTY (Inappropriate ioctl for device)
lseek(5, 0, SEEK_CUR)                   = 0
lseek(5, 0, SEEK_CUR)                   = 0
fstat(5, {st_mode=S_IFREG|0644, st_size=12408, ...}) = 0
read(5, "\313\r\r\n\0\0\0\0)!\236h==\0\0\343\0\0\0\0\0\0\0\0\0\0\0\0\5\0\0"..., 12409) = 12408
read(5, "", 1)                          = 0
close(5)                                = 0
brk(0x1f1f3000)                         = 0x1f1f3000
newfstatat(AT_FDCWD, "/usr/lib/python3.12/encodings", {st_mode=S_IFDIR|0755, st_size=4096, ...}, 0) = 0
newfstatat(AT_FDCWD, "/usr/lib/python3.12/encodings/utf_8.py", {st_mode=S_IFREG|0644, st_size=1005, ...}, 0) = 0
newfstatat(AT_FDCWD, "/usr/lib/python3.12/encodings/utf_8.py", {st_mode=S_IFREG|0644, st_size=1005, ...}, 0) = 0
openat(AT_FDCWD, "/usr/lib/python3.12/encodings/__pycache__/utf_8.cpython-312.pyc", O_RDONLY|O_CLOEXEC) = 5
fstat(5, {st_mode=S_IFREG|0644, st_size=2147, ...}) = 0
ioctl(5, TCGETS, 0x7ffc5ece72d0)        = -1 ENOTTY (Inappropriate ioctl for device)
lseek(5, 0, SEEK_CUR)                   = 0
lseek(5, 0, SEEK_CUR)                   = 0
fstat(5, {st_mode=S_IFREG|0644, st_size=2147, ...}) = 0
read(5, "\313\r\r\n\0\0\0\0)!\236h\355\3\0\0\343\0\0\0\0\0\0\0\0\0\0\0\0\5\0\0"..., 2148) = 2147
read(5, "", 1)                          = 0
close(5)                                = 0
rt_sigaction(SIGPIPE, {sa_handler=SIG_IGN, sa_mask=[], sa_flags=SA_RESTORER|SA_ONSTACK, sa_restorer=0x7fd8f3b5a330}, {sa_handler=SIG_DFL, sa_mask=[], sa_flags=0}, 8) = 0
rt_sigaction(SIGXFSZ, {sa_handler=SIG_IGN, sa_mask=[], sa_flags=SA_RESTORER|SA_ONSTACK, sa_restorer=0x7fd8f3b5a330}, {sa_handler=SIG_DFL, sa_mask=[], sa_flags=0}, 8) = 0
rt_sigaction(SIGHUP, NULL, {sa_handler=SIG_DFL, sa_mask=[], sa_flags=0}, 8) = 0
rt_sigaction(SIGINT, NULL, {sa_handler=SIG_DFL, sa_mask=[], sa_flags=0}, 8) = 0
rt_sigaction(SIGQUIT, NULL, {sa_handler=SIG_DFL, sa_mask=[], sa_flags=0}, 8) = 0
rt_sigaction(SIGILL, NULL, {sa_handler=SIG_DFL, sa_mask=[], sa_flags=0}, 8) = 0
rt_sigaction(SIGTRAP, NULL, {sa_handler=SIG_DFL, sa_mask=[], sa_flags=0}, 8) = 0
rt_sigaction(SIGABRT, NULL, {sa_handler=SIG_DFL, sa_mask=[], sa_flags=0}, 8) = 0
rt_sigaction(SIGBUS, NULL, {sa_handler=SIG_DFL, sa_mask=[], sa_flags=0}, 8) = 0
rt_sigaction(SIGFPE, NULL, {sa_handler=SIG_DFL, sa_mask=[], sa_flags=0}, 8) = 0
rt_sigaction(SIGKILL, NULL, {sa_handler=SIG_DFL, sa_mask=[], sa_flags=0}, 8) = 0
rt_sigaction(SIGUSR1, NULL, {sa_handler=SIG_DFL, sa_mask=[], sa_flags=0}, 8) = 0
rt_sigaction(SIGSEGV, NULL, {sa_handler=SIG_DFL, sa_mask=[], sa_flags=0}, 8) = 0
rt_sigaction(SIGUSR2, NULL, {sa_handler=SIG_DFL, sa_mask=[], sa_flags=0}, 8) = 0
rt_sigaction(SIGPIPE, NULL, {sa_handler=SIG_IGN, sa_mask=[], sa_flags=SA_RESTORER|SA_ONSTACK, sa_restorer=0x7fd8f3b5a330}, 8) = 0
rt_sigaction(SIGALRM, NULL, {sa_handler=SIG_DFL, sa_mask=[], sa_flags=0}, 8) = 0
rt_sigaction(SIGTERM, NULL, {sa_handler=SIG_DFL, sa_mask=[], sa_flags=0}, 8) = 0
rt_sigaction(SIGSTKFLT, NULL, {sa_handler=SIG_DFL, sa_mask=[], sa_flags=0}, 8) = 0
rt_sigaction(SIGCHLD, NULL, {sa_handler=SIG_DFL, sa_mask=[], sa_flags=0}, 8) = 0
rt_sigaction(SIGCONT, NULL, {sa_handler=SIG_DFL, sa_mask=[], sa_flags=0}, 8) = 0
rt_sigaction(SIGSTOP, NULL, {sa_handler=SIG_DFL, sa_mask=[], sa_flags=0}, 8) = 0
rt_sigaction(SIGTSTP, NULL, {sa_handler=SIG_DFL, sa_mask=[], sa_flags=0}, 8) = 0
rt_sigaction(SIGTTIN, NULL, {sa_handler=SIG_DFL, sa_mask=[], sa_flags=0}, 8) = 0
rt_sigaction(SIGTTOU, NULL, {sa_handler=SIG_DFL, sa_mask=[], sa_flags=0}, 8) = 0
rt_sigaction(SIGURG, NULL, {sa_handler=SIG_DFL, sa_mask=[], sa_flags=0}, 8) = 0
rt_sigaction(SIGXCPU, NULL, {sa_handler=SIG_DFL, sa_mask=[], sa_flags=0}, 8) = 0
rt_sigaction(SIGXFSZ, NULL, {sa_handler=SIG_IGN, sa_mask=[], sa_flags=SA_RESTORER|SA_ONSTACK, sa_restorer=0x7fd8f3b5a330}, 8) = 0
rt_sigaction(SIGVTALRM, NULL, {sa_handler=SIG_DFL, sa_mask=[], sa_flags=0}, 8) = 0
rt_sigaction(SIGPROF, NULL, {sa_handler=SIG_DFL, sa_mask=[], sa_flags=0}, 8) = 0
rt_sigaction(SIGWINCH, NULL, {sa_handler=SIG_DFL, sa_mask=[], sa_flags=0}, 8) = 0
rt_sigaction(SIGIO, NULL, {sa_handler=SIG_DFL, sa_mask=[], sa_flags=0}, 8) = 0
rt_sigaction(SIGPWR, NULL, {sa_handler=SIG_DFL, sa_mask=[], sa_flags=0}, 8) = 0
rt_sigaction(SIGSYS, NULL, {sa_handler=SIG_DFL, sa_mask=[], sa_flags=0}, 8) = 0
rt_sigaction(SIGRT_2, NULL, {sa_handler=SIG_DFL, sa_mask=[], sa_flags=0}, 8) = 0
rt_sigaction(SIGRT_3, NULL, {sa_handler=SIG_DFL, sa_mask=[], sa_flags=0}, 8) = 0
rt_sigaction(SIGRT_4, NULL, {sa_handler=SIG_DFL, sa_mask=[], sa_flags=0}, 8) = 0
rt_sigaction(SIGRT_5, NULL, {sa_handler=SIG_DFL, sa_mask=[], sa_flags=0}, 8) = 0
rt_sigaction(SIGRT_6, NULL, {sa_handler=SIG_DFL, sa_mask=[], sa_flags=0}, 8) = 0
rt_sigaction(SIGRT_7, NULL, {sa_handler=SIG_DFL, sa_mask=[], sa_flags=0}, 8) = 0
rt_sigaction(SIGRT_8, NULL, {sa_handler=SIG_DFL, sa_mask=[], sa_flags=0}, 8) = 0
rt_sigaction(SIGRT_9, NULL, {sa_handler=SIG_DFL, sa_mask=[], sa_flags=0}, 8) = 0
rt_sigaction(SIGRT_10, NULL, {sa_handler=SIG_DFL, sa_mask=[], sa_flags=0}, 8) = 0
rt_sigaction(SIGRT_11, NULL, {sa_handler=SIG_DFL, sa_mask=[], sa_flags=0}, 8) = 0
rt_sigaction(SIGRT_12, NULL, {sa_handler=SIG_DFL, sa_mask=[], sa_flags=0}, 8) = 0
rt_sigaction(SIGRT_13, NULL, {sa_handler=SIG_DFL, sa_mask=[], sa_flags=0}, 8) = 0
rt_sigaction(SIGRT_14, NULL, {sa_handler=SIG_DFL, sa_mask=[], sa_flags=0}, 8) = 0
rt_sigaction(SIGRT_15, NULL, {sa_handler=SIG_DFL, sa_mask=[], sa_flags=0}, 8) = 0
rt_sigaction(SIGRT_16, NULL, {sa_handler=SIG_DFL, sa_mask=[], sa_flags=0}, 8) = 0
rt_sigaction(SIGRT_17, NULL, {sa_handler=SIG_DFL, sa_mask=[], sa_flags=0}, 8) = 0
rt_sigaction(SIGRT_18, NULL, {sa_handler=SIG_DFL, sa_mask=[], sa_flags=0}, 8) = 0
rt_sigaction(SIGRT_19, NULL, {sa_handler=SIG_DFL, sa_mask=[], sa_flags=0}, 8) = 0
rt_sigaction(SIGRT_20, NULL, {sa_handler=SIG_DFL, sa_mask=[], sa_flags=0}, 8) = 0
rt_sigaction(SIGRT_21, NULL, {sa_handler=SIG_DFL, sa_mask=[], sa_flags=0}, 8) = 0
rt_sigaction(SIGRT_22, NULL, {sa_handler=SIG_DFL, sa_mask=[], sa_flags=0}, 8) = 0
rt_sigaction(SIGRT_23, NULL, {sa_handler=SIG_DFL, sa_mask=[], sa_flags=0}, 8) = 0
rt_sigaction(SIGRT_24, NULL, {sa_handler=SIG_DFL, sa_mask=[], sa_flags=0}, 8) = 0
rt_sigaction(SIGRT_25, NULL, {sa_handler=SIG_DFL, sa_mask=[], sa_flags=0}, 8) = 0
rt_sigaction(SIGRT_26, NULL, {sa_handler=SIG_DFL, sa_mask=[], sa_flags=0}, 8) = 0
rt_sigaction(SIGRT_27, NULL, {sa_handler=SIG_DFL, sa_mask=[], sa_flags=0}, 8) = 0
rt_sigaction(SIGRT_28, NULL, {sa_handler=SIG_DFL, sa_mask=[], sa_flags=0}, 8) = 0
rt_sigaction(SIGRT_29, NULL, {sa_handler=SIG_DFL, sa_mask=[], sa_flags=0}, 8) = 0
rt_sigaction(SIGRT_30, NULL, {sa_handler=SIG_DFL, sa_mask=[], sa_flags=0}, 8) = 0
rt_sigaction(SIGRT_31, NULL, {sa_handler=SIG_DFL, sa_mask=[], sa_flags=0}, 8) = 0
rt_sigaction(SIGRT_32, NULL, {sa_handler=SIG_DFL, sa_mask=[], sa_flags=0}, 8) = 0
rt_sigaction(SIGINT, {sa_handler=0x6e6b20, sa_mask=[], sa_flags=SA_RESTORER|SA_ONSTACK, sa_restorer=0x7fd8f3b5a330}, {sa_handler=SIG_DFL, sa_mask=[], sa_flags=0}, 8) = 0
fstat(0, {st_mode=S_IFCHR|0666, st_rdev=makedev(0x1, 0x3), ...}) = 0
fcntl(0, F_GETFD)                       = 0
fstat(0, {st_mode=S_IFCHR|0666, st_rdev=makedev(0x1, 0x3), ...}) = 0
ioctl(0, TCGETS, 0x7ffc5ece79c0)        = -1 ENOTTY (Inappropriate ioctl for device)
lseek(0, 0, SEEK_CUR)                   = 0
ioctl(0, TCGETS, 0x7ffc5ece7c50)        = -1 ENOTTY (Inappropriate ioctl for device)
fcntl(1, F_GETFD)                       = 0
fstat(1, {st_mode=S_IFREG|0644, st_size=0, ...}) = 0
ioctl(1, TCGETS, 0x7ffc5ece79c0)        = -1 ENOTTY (Inappropriate ioctl for device)
lseek(1, 0, SEEK_CUR)                   = 0
ioctl(1, TCGETS, 0x7ffc5ece7c50)        = -1 ENOTTY (Inappropriate ioctl for device)
lseek(1, 0, SEEK_CUR)                   = 0
fcntl(2, F_GETFD)                       = 0
fstat(2, {st_mode=S_IFREG|0644, st_size=0, ...}) = 0
ioctl(2, TCGETS, 0x7ffc5ece79c0)        = -1 ENOTTY (Inappropriate ioctl for device)
lseek(2, 0, SEEK_CUR)                   = 0
ioctl(2, TCGETS, 0x7ffc5ece7c50)        = -1 ENOTTY (Inappropriate ioctl for device)
lseek(2, 0, SEEK_CUR)                   = 0
mmap(NULL, 1048576, PROT_READ|PROT_WRITE, MAP_PRIVATE|MAP_ANONYMOUS, -1, 0) = 0x7fd8f35c2000
newfstatat(AT_FDCWD, "/usr/bin/pyvenv.cfg", 0x7ffc5ece7240, 0) = -1 ENOENT (No such file or directory)
newfstatat(AT_FDCWD, "/usr/pyvenv.cfg", 0x7ffc5ece72a0, 0) = -1 ENOENT (No such file or directory)
geteuid()                               = 1000
getuid()                                = 1000
getegid()                               = 1000
getgid()                                = 1000
newfstatat(AT_FDCWD, "/home/ubuntu/.local/lib/python3.12/site-packages", {st_mode=S_IFDIR|0755, st_size=4096, ...}, 0) = 0
openat(AT_FDCWD, "/home/ubuntu/.local/lib/python3.12/site-packages", O_RDONLY|O_NONBLOCK|O_CLOEXEC|O_DIRECTORY) = 5
fstat(5, {st_mode=S_IFDIR|0755, st_size=4096, ...}) = 0
getdents64(5, 0x1f1e31c0 /* 66 entries */, 32768) = 2616
getdents64(5, 0x1f1e31c0 /* 0 entries */, 32768) = 0
close(5)                                = 0
newfstatat(AT_FDCWD, "/usr/local/lib/python3.12/dist-packages", {st_mode=S_IFDIR|0755, st_size=4096, ...}, 0) = 0
openat(AT_FDCWD, "/usr/local/lib/python3.12/dist-packages", O_RDONLY|O_NONBLOCK|O_CLOEXEC|O_DIRECTORY) = 5
fstat(5, {st_mode=S_IFDIR|0755, st_size=4096, ...}) = 0
getdents64(5, 0x1f1e31c0 /* 2 entries */, 32768) = 48
getdents64(5, 0x1f1e31c0 /* 0 entries */, 32768) = 0
close(5)                                = 0
newfstatat(AT_FDCWD, "/usr/lib/python3/dist-packages", {st_mode=S_IFDIR|0755, st_size=4096, ...}, 0) = 0
openat(AT_FDCWD, "/usr/lib/python3/dist-packages", O_RDONLY|O_NONBLOCK|O_CLOEXEC|O_DIRECTORY) = 5
fstat(5, {st_mode=S_IFDIR|0755, st_size=4096, ...}) = 0
getdents64(5, 0x1f1e31c0 /* 69 entries */, 32768) = 2808
getdents64(5, 0x1f1e31c0 /* 0 entries */, 32768) = 0
close(5)                                = 0
newfstatat(AT_FDCWD, "/usr/lib/python3/dist-packages/distutils-precedence.pth", {st_mode=S_IFREG|0644, st_size=151, ...}, AT_SYMLINK_NOFOLLOW) = 0
openat(AT_FDCWD, "/usr/lib/python3/dist-packages/distutils-precedence.pth", O_RDONLY|O_CLOEXEC) = 5
fstat(5, {st_mode=S_IFREG|0644, st_size=151, ...}) = 0
ioctl(5, TCGETS, 0x7ffc5ece7110)        = -1 ENOTTY (Inappropriate ioctl for device)
lseek(5, 0, SEEK_CUR)                   = 0
read(5, "import os; var = 'SETUPTOOLS_USE"..., 8192) = 151
newfstatat(AT_FDCWD, "/usr/lib/python3.12", {st_mode=S_IFDIR|0755, st_size=4096, ...}, 0) = 0
newfstatat(AT_FDCWD, "/usr/lib/python3.12/lib-dynload", {st_mode=S_IFDIR|0755, st_size=4096, ...}, 0) = 0
newfstatat(AT_FDCWD, "/usr/lib/python3.12/lib-dynload", {st_mode=S_IFDIR|0755, st_size=4096, ...}, 0) = 0
newfstatat(AT_FDCWD, "/usr/lib/python3.12/lib-dynload", {st_mode=S_IFDIR|0755, st_size=4096, ...}, 0) = 0
openat(AT_FDCWD, "/usr/lib/python3.12/lib-dynload", O_RDONLY|O_NONBLOCK|O_CLOEXEC|O_DIRECTORY) = 6
fstat(6, {st_mode=S_IFDIR|0755, st_size=4096, ...}) = 0
brk(0x1f215000)                         = 0x1f215000
getdents64(6, 0x1f1ec680 /* 48 entries */, 32768) = 3040
getdents64(6, 0x1f1ec680 /* 0 entries */, 32768) = 0
brk(0x1f20d000)                         = 0x1f20d000
close(6)                                = 0
newfstatat(AT_FDCWD, "/home/ubuntu/.local/lib/python3.12/site-packages", {st_mode=S_IFDIR|0755, st_size=4096, ...}, 0) = 0
newfstatat(AT_FDCWD, "/home/ubuntu/.local/lib/python3.12/site-packages", {st_mode=S_IFDIR|0755, st_size=4096, ...}, 0) = 0
newfstatat(AT_FDCWD, "/home/ubuntu/.local/lib/python3.12/site-packages", {st_mode=S_IFDIR|0755, st_size=4096, ...}, 0) = 0
openat(AT_FDCWD, "/home/ubuntu/.local/lib/python3.12/site-packages", O_RDONLY|O_NONBLOCK|O_CLOEXEC|O_DIRECTORY) = 6
fstat(6, {st_mode=S_IFDIR|0755, st_size=4096, ...}) = 0
getdents64(6, 0x1f1ec680 /* 66 entries */, 32768) = 2616
getdents64(6, 0x1f1ec680 /* 0 entries */, 32768) = 0
close(6)                                = 0
newfstatat(AT_FDCWD, "/usr/local/lib/python3.12/dist-packages", {st_mode=S_IFDIR|0755, st_size=4096, ...}, 0) = 0
newfstatat(AT_FDCWD, "/usr/local/lib/python3.12/dist-packages", {st_mode=S_IFDIR|0755, st_size=4096, ...}, 0) = 0
newfstatat(AT_FDCWD, "/usr/local/lib/python3.12/dist-packages", {st_mode=S_IFDIR|0755, st_size=4096, ...}, 0) = 0
openat(AT_FDCWD, "/usr/local/lib/python3.12/dist-packages", O_RDONLY|O_NONBLOCK|O_CLOEXEC|O_DIRECTORY) = 6
fstat(6, {st_mode=S_IFDIR|0755, st_size=4096, ...}) = 0
getdents64(6, 0x1f1ec680 /* 2 entries */, 32768) = 48
getdents64(6, 0x1f1ec680 /* 0 entries */, 32768) = 0
close(6)                                = 0
newfstatat(AT_FDCWD, "/usr/lib/python3/dist-packages", {st_mode=S_IFDIR|0755, st_size=4096, ...}, 0) = 0
newfstatat(AT_FDCWD, "/usr/lib/python3/dist-packages", {st_mode=S_IFDIR|0755, st_size=4096, ...}, 0) = 0
newfstatat(AT_FDCWD, "/usr/lib/python3/dist-packages", {st_mode=S_IFDIR|0755, st_size=4096, ...}, 0) = 0
openat(AT_FDCWD, "/usr/lib/python3/dist-packages", O_RDONLY|O_NONBLOCK|O_CLOEXEC|O_DIRECTORY) = 6
fstat(6, {st_mode=S_IFDIR|0755, st_size=4096, ...}) = 0
getdents64(6, 0x1f1ec680 /* 69 entries */, 32768) = 2808
getdents64(6, 0x1f1ec680 /* 0 entries */, 32768) = 0
close(6)                                = 0
newfstatat(AT_FDCWD, "/usr/lib/python3/dist-packages/_distutils_hack/__init__.cpython-312-x86_64-linux-gnu.so", 0x7ffc5ece6d20, 0) = -1 ENOENT (No such file or directory)
newfstatat(AT_FDCWD, "/usr/lib/python3/dist-packages/_distutils_hack/__init__.abi3.so", 0x7ffc5ece6d20, 0) = -1 ENOENT (No such file or directory)
newfstatat(AT_FDCWD, "/usr/lib/python3/dist-packages/_distutils_hack/__init__.so", 0x7ffc5ece6d20, 0) = -1 ENOENT (No such file or directory)
newfstatat(AT_FDCWD, "/usr/lib/python3/dist-packages/_distutils_hack/__init__.py", {st_mode=S_IFREG|0644, st_size=6299, ...}, 0) = 0
newfstatat(AT_FDCWD, "/usr/lib/python3/dist-packages/_distutils_hack/__init__.py", {st_mode=S_IFREG|0644, st_size=6299, ...}, 0) = 0
openat(AT_FDCWD, "/usr/lib/python3/dist-packages/_distutils_hack/__pycache__/__init__.cpython-312.pyc", O_RDONLY|O_CLOEXEC) = 6
fstat(6, {st_mode=S_IFREG|0644, st_size=9998, ...}) = 0
ioctl(6, TCGETS, 0x7ffc5ece69c0)        = -1 ENOTTY (Inappropriate ioctl for device)
lseek(6, 0, SEEK_CUR)                   = 0
lseek(6, 0, SEEK_CUR)                   = 0
fstat(6, {st_mode=S_IFREG|0644, st_size=9998, ...}) = 0
read(6, "\313\r\r\n\0\0\0\0\n_\337d\233\30\0\0\343\0\0\0\0\0\0\0\0\0\0\0\0\6\0\0"..., 9999) = 9998
read(6, "", 1)                          = 0
close(6)                                = 0
brk(0x1f20b000)                         = 0x1f20b000
read(5, "", 8192)                       = 0
close(5)                                = 0
newfstatat(AT_FDCWD, "/usr/lib/python3.12/dist-packages", 0x7ffc5ece74d0, 0) = -1 ENOENT (No such file or directory)
newfstatat(AT_FDCWD, "/usr/lib/python3.12", {st_mode=S_IFDIR|0755, st_size=4096, ...}, 0) = 0
newfstatat(AT_FDCWD, "/usr/lib/python3.12/sitecustomize.py", {st_mode=S_IFREG|0644, st_size=155, ...}, 0) = 0
newfstatat(AT_FDCWD, "/usr/lib/python3.12/sitecustomize.py", {st_mode=S_IFREG|0644, st_size=155, ...}, 0) = 0
openat(AT_FDCWD, "/usr/lib/python3.12/__pycache__/sitecustomize.cpython-312.pyc", O_RDONLY|O_CLOEXEC) = 5
fstat(5, {st_mode=S_IFREG|0644, st_size=300, ...}) = 0
ioctl(5, TCGETS, 0x7ffc5ece6db0)        = -1 ENOTTY (Inappropriate ioctl for device)
lseek(5, 0, SEEK_CUR)                   = 0
lseek(5, 0, SEEK_CUR)                   = 0
fstat(5, {st_mode=S_IFREG|0644, st_size=300, ...}) = 0
read(5, "\313\r\r\n\0\0\0\0)!\236h\233\0\0\0\343\0\0\0\0\0\0\0\0\0\0\0\0\4\0\0"..., 301) = 300
read(5, "", 1)                          = 0
close(5)                                = 0
newfstatat(AT_FDCWD, "/usr/lib/python3.12", {st_mode=S_IFDIR|0755, st_size=4096, ...}, 0) = 0
newfstatat(AT_FDCWD, "/usr/lib/python3.12/lib-dynload", {st_mode=S_IFDIR|0755, st_size=4096, ...}, 0) = 0
newfstatat(AT_FDCWD, "/home/ubuntu/.local/lib/python3.12/site-packages", {st_mode=S_IFDIR|0755, st_size=4096, ...}, 0) = 0
newfstatat(AT_FDCWD, "/usr/local/lib/python3.12/dist-packages", {st_mode=S_IFDIR|0755, st_size=4096, ...}, 0) = 0
newfstatat(AT_FDCWD, "/usr/lib/python3/dist-packages", {st_mode=S_IFDIR|0755, st_size=4096, ...}, 0) = 0
newfstatat(AT_FDCWD, "/usr/lib/python3.12", {st_mode=S_IFDIR|0755, st_size=4096, ...}, 0) = 0
newfstatat(AT_FDCWD, "/usr/lib/python3.12/lib-dynload", {st_mode=S_IFDIR|0755, st_size=4096, ...}, 0) = 0
newfstatat(AT_FDCWD, "/home/ubuntu/.local/lib/python3.12/site-packages", {st_mode=S_IFDIR|0755, st_size=4096, ...}, 0) = 0
newfstatat(AT_FDCWD, "/usr/local/lib/python3.12/dist-packages", {st_mode=S_IFDIR|0755, st_size=4096, ...}, 0) = 0
newfstatat(AT_FDCWD, "/usr/lib/python3/dist-packages", {st_mode=S_IFDIR|0755, st_size=4096, ...}, 0) = 0
newfstatat(AT_FDCWD, "/workspace/sidechannel/ropfu/./exploit.py", {st_mode=S_IFREG|0755, st_size=1848, ...}, 0) = 0
openat(AT_FDCWD, "/workspace/sidechannel/ropfu/./exploit.py", O_RDONLY|O_CLOEXEC) = 5
fstat(5, {st_mode=S_IFREG|0755, st_size=1848, ...}) = 0
ioctl(5, TCGETS, 0x7ffc5ece7910)        = -1 ENOTTY (Inappropriate ioctl for device)
lseek(5, 0, SEEK_CUR)                   = 0
lseek(5, 0, SEEK_CUR)                   = 0
lseek(5, -22, SEEK_END)                 = 1826
lseek(5, 0, SEEK_CUR)                   = 1826
read(5, "t argparse\n    main()\n", 4096) = 22
lseek(5, 0, SEEK_END)                   = 1848
lseek(5, 0, SEEK_CUR)                   = 1848
lseek(5, 0, SEEK_SET)                   = 0
lseek(5, 0, SEEK_CUR)                   = 0
fstat(5, {st_mode=S_IFREG|0755, st_size=1848, ...}) = 0
read(5, "#!/usr/bin/env python3\nimport os"..., 1849) = 1848
read(5, "", 1)                          = 0
lseek(5, 0, SEEK_SET)                   = 0
close(5)                                = 0
newfstatat(AT_FDCWD, "/workspace/sidechannel/ropfu/./exploit.py", {st_mode=S_IFREG|0755, st_size=1848, ...}, 0) = 0
readlink("./exploit.py", 0x7ffc5ecd70b0, 4096) = -1 EINVAL (Invalid argument)
getcwd("/workspace/sidechannel/ropfu", 1024) = 29
readlink("/workspace/sidechannel/ropfu/exploit.py", 0x7ffc5ecd6c50, 1023) = -1 EINVAL (Invalid argument)
openat(AT_FDCWD, "/workspace/sidechannel/ropfu/./exploit.py", O_RDONLY) = 5
ioctl(5, FIOCLEX)                       = 0
fstat(5, {st_mode=S_IFREG|0755, st_size=1848, ...}) = 0
ioctl(5, TCGETS, 0x7ffc5ece8040)        = -1 ENOTTY (Inappropriate ioctl for device)
lseek(5, 0, SEEK_CUR)                   = 0
fstat(5, {st_mode=S_IFREG|0755, st_size=1848, ...}) = 0
read(5, "#!/usr/bin/env python3\nimport os"..., 4096) = 1848
lseek(5, 0, SEEK_SET)                   = 0
read(5, "#!/usr/bin/env python3\nimport os"..., 4096) = 1848
brk(0x1f22d000)                         = 0x1f22d000
read(5, "", 4096)                       = 0
close(5)                                = 0
newfstatat(AT_FDCWD, "/workspace/sidechannel/ropfu", {st_mode=S_IFDIR|0755, st_size=4096, ...}, 0) = 0
newfstatat(AT_FDCWD, "/workspace/sidechannel/ropfu", {st_mode=S_IFDIR|0755, st_size=4096, ...}, 0) = 0
newfstatat(AT_FDCWD, "/workspace/sidechannel/ropfu", {st_mode=S_IFDIR|0755, st_size=4096, ...}, 0) = 0
openat(AT_FDCWD, "/workspace/sidechannel/ropfu", O_RDONLY|O_NONBLOCK|O_CLOEXEC|O_DIRECTORY) = 5
fstat(5, {st_mode=S_IFDIR|0755, st_size=4096, ...}) = 0
getdents64(5, 0x1f21f240 /* 14 entries */, 32768) = 424
getdents64(5, 0x1f21f240 /* 0 entries */, 32768) = 0
close(5)                                = 0
newfstatat(AT_FDCWD, "/usr/lib/python3.12", {st_mode=S_IFDIR|0755, st_size=4096, ...}, 0) = 0
newfstatat(AT_FDCWD, "/usr/lib/python3.12/lib-dynload", {st_mode=S_IFDIR|0755, st_size=4096, ...}, 0) = 0
newfstatat(AT_FDCWD, "/home/ubuntu/.local/lib/python3.12/site-packages", {st_mode=S_IFDIR|0755, st_size=4096, ...}, 0) = 0
newfstatat(AT_FDCWD, "/home/ubuntu/.local/lib/python3.12/site-packages/pwn/__init__.cpython-312-x86_64-linux-gnu.so", 0x7ffc5ece7970, 0) = -1 ENOENT (No such file or directory)
newfstatat(AT_FDCWD, "/home/ubuntu/.local/lib/python3.12/site-packages/pwn/__init__.abi3.so", 0x7ffc5ece7970, 0) = -1 ENOENT (No such file or directory)
newfstatat(AT_FDCWD, "/home/ubuntu/.local/lib/python3.12/site-packages/pwn/__init__.so", 0x7ffc5ece7970, 0) = -1 ENOENT (No such file or directory)
newfstatat(AT_FDCWD, "/home/ubuntu/.local/lib/python3.12/site-packages/pwn/__init__.py", {st_mode=S_IFREG|0644, st_size=576, ...}, 0) = 0
newfstatat(AT_FDCWD, "/home/ubuntu/.local/lib/python3.12/site-packages/pwn/__init__.py", {st_mode=S_IFREG|0644, st_size=576, ...}, 0) = 0
openat(AT_FDCWD, "/home/ubuntu/.local/lib/python3.12/site-packages/pwn/__pycache__/__init__.cpython-312.pyc", O_RDONLY|O_CLOEXEC) = 5
fstat(5, {st_mode=S_IFREG|0644, st_size=1131, ...}) = 0
ioctl(5, TCGETS, 0x7ffc5ece7610)        = -1 ENOTTY (Inappropriate ioctl for device)
lseek(5, 0, SEEK_CUR)                   = 0
lseek(5, 0, SEEK_CUR)                   = 0
fstat(5, {st_mode=S_IFREG|0644, st_size=1131, ...}) = 0
read(5, "\313\r\r\n\0\0\0\0\226\254\33i@\2\0\0\343\0\0\0\0\0\0\0\0\0\0\0\0\6\0\0"..., 1132) = 1131
read(5, "", 1)                          = 0
close(5)                                = 0
newfstatat(AT_FDCWD, "/workspace/sidechannel/ropfu", {st_mode=S_IFDIR|0755, st_size=4096, ...}, 0) = 0
newfstatat(AT_FDCWD, "/usr/lib/python3.12", {st_mode=S_IFDIR|0755, st_size=4096, ...}, 0) = 0
newfstatat(AT_FDCWD, "/usr/lib/python3.12/__future__.py", {st_mode=S_IFREG|0644, st_size=5218, ...}, 0) = 0
newfstatat(AT_FDCWD, "/usr/lib/python3.12/__future__.py", {st_mode=S_IFREG|0644, st_size=5218, ...}, 0) = 0
openat(AT_FDCWD, "/usr/lib/python3.12/__pycache__/__future__.cpython-312.pyc", O_RDONLY|O_CLOEXEC) = 5
fstat(5, {st_mode=S_IFREG|0644, st_size=4704, ...}) = 0
ioctl(5, TCGETS, 0x7ffc5ece6fa0)        = -1 ENOTTY (Inappropriate ioctl for device)
lseek(5, 0, SEEK_CUR)                   = 0
lseek(5, 0, SEEK_CUR)                   = 0
fstat(5, {st_mode=S_IFREG|0644, st_size=4704, ...}) = 0
read(5, "\313\r\r\n\0\0\0\0)!\236hb\24\0\0\343\0\0\0\0\0\0\0\0\0\0\0\0\5\0\0"..., 4705) = 4704
read(5, "", 1)                          = 0
close(5)                                = 0
newfstatat(AT_FDCWD, "/home/ubuntu/.local/lib/python3.12/site-packages/pwn", {st_mode=S_IFDIR|0755, st_size=4096, ...}, 0) = 0
newfstatat(AT_FDCWD, "/home/ubuntu/.local/lib/python3.12/site-packages/pwn", {st_mode=S_IFDIR|0755, st_size=4096, ...}, 0) = 0
newfstatat(AT_FDCWD, "/home/ubuntu/.local/lib/python3.12/site-packages/pwn", {st_mode=S_IFDIR|0755, st_size=4096, ...}, 0) = 0
openat(AT_FDCWD, "/home/ubuntu/.local/lib/python3.12/site-packages/pwn", O_RDONLY|O_NONBLOCK|O_CLOEXEC|O_DIRECTORY) = 5
fstat(5, {st_mode=S_IFDIR|0755, st_size=4096, ...}) = 0
getdents64(5, 0x1f21f240 /* 5 entries */, 32768) = 144
getdents64(5, 0x1f21f240 /* 0 entries */, 32768) = 0
close(5)                                = 0
newfstatat(AT_FDCWD, "/home/ubuntu/.local/lib/python3.12/site-packages/pwn/toplevel.py", {st_mode=S_IFREG|0644, st_size=3126, ...}, 0) = 0
newfstatat(AT_FDCWD, "/home/ubuntu/.local/lib/python3.12/site-packages/pwn/toplevel.py", {st_mode=S_IFREG|0644, st_size=3126, ...}, 0) = 0
openat(AT_FDCWD, "/home/ubuntu/.local/lib/python3.12/site-packages/pwn/__pycache__/toplevel.cpython-312.pyc", O_RDONLY|O_CLOEXEC) = 5
fstat(5, {st_mode=S_IFREG|0644, st_size=3559, ...}) = 0
ioctl(5, TCGETS, 0x7ffc5ece6fa0)        = -1 ENOTTY (Inappropriate ioctl for device)
lseek(5, 0, SEEK_CUR)                   = 0
lseek(5, 0, SEEK_CUR)                   = 0
fstat(5, {st_mode=S_IFREG|0644, st_size=3559, ...}) = 0
read(5, "\313\r\r\n\0\0\0\0\226\254\33i6\f\0\0\343\0\0\0\0\0\0\0\0\0\0\0\0\4\0\0"..., 3560) = 3559
read(5, "", 1)                          = 0
close(5)                                = 0
newfstatat(AT_FDCWD, "/workspace/sidechannel/ropfu", {st_mode=S_IFDIR|0755, st_size=4096, ...}, 0) = 0
newfstatat(AT_FDCWD, "/usr/lib/python3.12", {st_mode=S_IFDIR|0755, st_size=4096, ...}, 0) = 0
newfstatat(AT_FDCWD, "/usr/lib/python3.12/collections/__init__.cpython-312-x86_64-linux-gnu.so", 0x7ffc5ece6c90, 0) = -1 ENOENT (No such file or directory)
newfstatat(AT_FDCWD, "/usr/lib/python3.12/collections/__init__.abi3.so", 0x7ffc5ece6c90, 0) = -1 ENOENT (No such file or directory)
newfstatat(AT_FDCWD, "/usr/lib/python3.12/collections/__init__.so", 0x7ffc5ece6c90, 0) = -1 ENOENT (No such file or directory)
newfstatat(AT_FDCWD, "/usr/lib/python3.12/collections/__init__.py", {st_mode=S_IFREG|0644, st_size=52378, ...}, 0) = 0
newfstatat(AT_FDCWD, "/usr/lib/python3.12/collections/__init__.py", {st_mode=S_IFREG|0644, st_size=52378, ...}, 0) = 0
openat(AT_FDCWD, "/usr/lib/python3.12/collections/__pycache__/__init__.cpython-312.pyc", O_RDONLY|O_CLOEXEC) = 5
fstat(5, {st_mode=S_IFREG|0644, st_size=73089, ...}) = 0
ioctl(5, TCGETS, 0x7ffc5ece6930)        = -1 ENOTTY (Inappropriate ioctl for device)
lseek(5, 0, SEEK_CUR)                   = 0
lseek(5, 0, SEEK_CUR)                   = 0
fstat(5, {st_mode=S_IFREG|0644, st_size=73089, ...}) = 0
brk(0x1f251000)                         = 0x1f251000
read(5, "\313\r\r\n\0\0\0\0)!\236h\232\314\0\0\343\0\0\0\0\0\0\0\0\0\0\0\0\5\0\0"..., 73090) = 73089
read(5, "", 1)                          = 0
close(5)                                = 0
brk(0x1f240000)                         = 0x1f240000
newfstatat(AT_FDCWD, "/workspace/sidechannel/ropfu", {st_mode=S_IFDIR|0755, st_size=4096, ...}, 0) = 0
newfstatat(AT_FDCWD, "/usr/lib/python3.12", {st_mode=S_IFDIR|0755, st_size=4096, ...}, 0) = 0
newfstatat(AT_FDCWD, "/usr/lib/python3.12/keyword.py", {st_mode=S_IFREG|0644, st_size=1073, ...}, 0) = 0
newfstatat(AT_FDCWD, "/usr/lib/python3.12/keyword.py", {st_mode=S_IFREG|0644, st_size=1073, ...}, 0) = 0
openat(AT_FDCWD, "/usr/lib/python3.12/__pycache__/keyword.cpython-312.pyc", O_RDONLY|O_CLOEXEC) = 5
fstat(5, {st_mode=S_IFREG|0644, st_size=1041, ...}) = 0
ioctl(5, TCGETS, 0x7ffc5ece62c0)        = -1 ENOTTY (Inappropriate ioctl for device)
lseek(5, 0, SEEK_CUR)                   = 0
lseek(5, 0, SEEK_CUR)                   = 0
fstat(5, {st_mode=S_IFREG|0644, st_size=1041, ...}) = 0
read(5, "\313\r\r\n\0\0\0\0)!\236h1\4\0\0\343\0\0\0\0\0\0\0\0\0\0\0\0\3\0\0"..., 1042) = 1041
read(5, "", 1)                          = 0
close(5)                                = 0
newfstatat(AT_FDCWD, "/workspace/sidechannel/ropfu", {st_mode=S_IFDIR|0755, st_size=4096, ...}, 0) = 0
newfstatat(AT_FDCWD, "/usr/lib/python3.12", {st_mode=S_IFDIR|0755, st_size=4096, ...}, 0) = 0
newfstatat(AT_FDCWD, "/usr/lib/python3.12/operator.py", {st_mode=S_IFREG|0644, st_size=10965, ...}, 0) = 0
newfstatat(AT_FDCWD, "/usr/lib/python3.12/operator.py", {st_mode=S_IFREG|0644, st_size=10965, ...}, 0) = 0
openat(AT_FDCWD, "/usr/lib/python3.12/__pycache__/operator.cpython-312.pyc", O_RDONLY|O_CLOEXEC) = 5
fstat(5, {st_mode=S_IFREG|0644, st_size=17364, ...}) = 0
ioctl(5, TCGETS, 0x7ffc5ece62c0)        = -1 ENOTTY (Inappropriate ioctl for device)
lseek(5, 0, SEEK_CUR)                   = 0
lseek(5, 0, SEEK_CUR)                   = 0
fstat(5, {st_mode=S_IFREG|0644, st_size=17364, ...}) = 0
read(5, "\313\r\r\n\0\0\0\0)!\236h\325*\0\0\343\0\0\0\0\0\0\0\0\0\0\0\0\4\0\0"..., 17365) = 17364
read(5, "", 1)                          = 0
close(5)                                = 0
newfstatat(AT_FDCWD, "/workspace/sidechannel/ropfu", {st_mode=S_IFDIR|0755, st_size=4096, ...}, 0) = 0
newfstatat(AT_FDCWD, "/usr/lib/python3.12", {st_mode=S_IFDIR|0755, st_size=4096, ...}, 0) = 0
newfstatat(AT_FDCWD, "/usr/lib/python3.12/reprlib.py", {st_mode=S_IFREG|0644, st_size=6569, ...}, 0) = 0
newfstatat(AT_FDCWD, "/usr/lib/python3.12/reprlib.py", {st_mode=S_IFREG|0644, st_size=6569, ...}, 0) = 0
openat(AT_FDCWD, "/usr/lib/python3.12/__pycache__/reprlib.cpython-312.pyc", O_RDONLY|O_CLOEXEC) = 5
fstat(5, {st_mode=S_IFREG|0644, st_size=9909, ...}) = 0
ioctl(5, TCGETS, 0x7ffc5ece62c0)        = -1 ENOTTY (Inappropriate ioctl for device)
lseek(5, 0, SEEK_CUR)                   = 0
lseek(5, 0, SEEK_CUR)                   = 0
fstat(5, {st_mode=S_IFREG|0644, st_size=9909, ...}) = 0
read(5, "\313\r\r\n\0\0\0\0)!\236h\251\31\0\0\343\0\0\0\0\0\0\0\0\0\0\0\0\4\0\0"..., 9910) = 9909
read(5, "", 1)                          = 0
close(5)                                = 0
newfstatat(AT_FDCWD, "/workspace/sidechannel/ropfu", {st_mode=S_IFDIR|0755, st_size=4096, ...}, 0) = 0
newfstatat(AT_FDCWD, "/usr/lib/python3.12", {st_mode=S_IFDIR|0755, st_size=4096, ...}, 0) = 0
newfstatat(AT_FDCWD, "/usr/lib/python3.12/logging/__init__.cpython-312-x86_64-linux-gnu.so", 0x7ffc5ece6c90, 0) = -1 ENOENT (No such file or directory)
newfstatat(AT_FDCWD, "/usr/lib/python3.12/logging/__init__.abi3.so", 0x7ffc5ece6c90, 0) = -1 ENOENT (No such file or directory)
newfstatat(AT_FDCWD, "/usr/lib/python3.12/logging/__init__.so", 0x7ffc5ece6c90, 0) = -1 ENOENT (No such file or directory)
newfstatat(AT_FDCWD, "/usr/lib/python3.12/logging/__init__.py", {st_mode=S_IFREG|0644, st_size=83437, ...}, 0) = 0
newfstatat(AT_FDCWD, "/usr/lib/python3.12/logging/__init__.py", {st_mode=S_IFREG|0644, st_size=83437, ...}, 0) = 0
openat(AT_FDCWD, "/usr/lib/python3.12/logging/__pycache__/__init__.cpython-312.pyc", O_RDONLY|O_CLOEXEC) = 5
fstat(5, {st_mode=S_IFREG|0644, st_size=95463, ...}) = 0
ioctl(5, TCGETS, 0x7ffc5ece6930)        = -1 ENOTTY (Inappropriate ioctl for device)
lseek(5, 0, SEEK_CUR)                   = 0
lseek(5, 0, SEEK_CUR)                   = 0
fstat(5, {st_mode=S_IFREG|0644, st_size=95463, ...}) = 0
read(5, "\313\r\r\n\0\0\0\0)!\236h\355E\1\0\343\0\0\0\0\0\0\0\0\0\0\0\0\f\0\0"..., 95464) = 95463
read(5, "", 1)                          = 0
close(5)                                = 0
brk(0x1f261000)                         = 0x1f261000
newfstatat(AT_FDCWD, "/workspace/sidechannel/ropfu", {st_mode=S_IFDIR|0755, st_size=4096, ...}, 0) = 0
newfstatat(AT_FDCWD, "/usr/lib/python3.12", {st_mode=S_IFDIR|0755, st_size=4096, ...}, 0) = 0
newfstatat(AT_FDCWD, "/usr/lib/python3.12/re/__init__.cpython-312-x86_64-linux-gnu.so", 0x7ffc5ece6620, 0) = -1 ENOENT (No such file or directory)
newfstatat(AT_FDCWD, "/usr/lib/python3.12/re/__init__.abi3.so", 0x7ffc5ece6620, 0) = -1 ENOENT (No such file or directory)
newfstatat(AT_FDCWD, "/usr/lib/python3.12/re/__init__.so", 0x7ffc5ece6620, 0) = -1 ENOENT (No such file or directory)
newfstatat(AT_FDCWD, "/usr/lib/python3.12/re/__init__.py", {st_mode=S_IFREG|0644, st_size=16315, ...}, 0) = 0
newfstatat(AT_FDCWD, "/usr/lib/python3.12/re/__init__.py", {st_mode=S_IFREG|0644, st_size=16315, ...}, 0) = 0
openat(AT_FDCWD, "/usr/lib/python3.12/re/__pycache__/__init__.cpython-312.pyc", O_RDONLY|O_CLOEXEC) = 5
fstat(5, {st_mode=S_IFREG|0644, st_size=17938, ...}) = 0
ioctl(5, TCGETS, 0x7ffc5ece62c0)        = -1 ENOTTY (Inappropriate ioctl for device)
lseek(5, 0, SEEK_CUR)                   = 0
lseek(5, 0, SEEK_CUR)                   = 0
fstat(5, {st_mode=S_IFREG|0644, st_size=17938, ...}) = 0
read(5, "\313\r\r\n\0\0\0\0)!\236h\273?\0\0\343\0\0\0\0\0\0\0\0\0\0\0\0\10\0\0"..., 17939) = 17938
read(5, "", 1)                          = 0
close(5)                                = 0
newfstatat(AT_FDCWD, "/workspace/sidechannel/ropfu", {st_mode=S_IFDIR|0755, st_size=4096, ...}, 0) = 0
newfstatat(AT_FDCWD, "/usr/lib/python3.12", {st_mode=S_IFDIR|0755, st_size=4096, ...}, 0) = 0
newfstatat(AT_FDCWD, "/usr/lib/python3.12/enum.py", {st_mode=S_IFREG|0644, st_size=81636, ...}, 0) = 0
newfstatat(AT_FDCWD, "/usr/lib/python3.12/enum.py", {st_mode=S_IFREG|0644, st_size=81636, ...}, 0) = 0
openat(AT_FDCWD, "/usr/lib/python3.12/__pycache__/enum.cpython-312.pyc", O_RDONLY|O_CLOEXEC) = 5
fstat(5, {st_mode=S_IFREG|0644, st_size=80708, ...}) = 0
ioctl(5, TCGETS, 0x7ffc5ece5c50)        = -1 ENOTTY (Inappropriate ioctl for device)
lseek(5, 0, SEEK_CUR)                   = 0
lseek(5, 0, SEEK_CUR)                   = 0
fstat(5, {st_mode=S_IFREG|0644, st_size=80708, ...}) = 0
read(5, "\313\r\r\n\0\0\0\0)!\236h\344>\1\0\343\0\0\0\0\0\0\0\0\0\0\0\0\10\0\0"..., 80709) = 80708
read(5, "", 1)                          = 0
close(5)                                = 0
newfstatat(AT_FDCWD, "/workspace/sidechannel/ropfu", {st_mode=S_IFDIR|0755, st_size=4096, ...}, 0) = 0
newfstatat(AT_FDCWD, "/usr/lib/python3.12", {st_mode=S_IFDIR|0755, st_size=4096, ...}, 0) = 0
newfstatat(AT_FDCWD, "/usr/lib/python3.12/types.py", {st_mode=S_IFREG|0644, st_size=10993, ...}, 0) = 0
newfstatat(AT_FDCWD, "/usr/lib/python3.12/types.py", {st_mode=S_IFREG|0644, st_size=10993, ...}, 0) = 0
openat(AT_FDCWD, "/usr/lib/python3.12/__pycache__/types.cpython-312.pyc", O_RDONLY|O_CLOEXEC) = 5
fstat(5, {st_mode=S_IFREG|0644, st_size=14939, ...}) = 0
ioctl(5, TCGETS, 0x7ffc5ece55e0)        = -1 ENOTTY (Inappropriate ioctl for device)
lseek(5, 0, SEEK_CUR)                   = 0
lseek(5, 0, SEEK_CUR)                   = 0
fstat(5, {st_mode=S_IFREG|0644, st_size=14939, ...}) = 0
read(5, "\313\r\r\n\0\0\0\0)!\236h\361*\0\0\343\0\0\0\0\0\0\0\0\0\0\0\0\6\0\0"..., 14940) = 14939
read(5, "", 1)                          = 0
close(5)                                = 0
newfstatat(AT_FDCWD, "/workspace/sidechannel/ropfu", {st_mode=S_IFDIR|0755, st_size=4096, ...}, 0) = 0
newfstatat(AT_FDCWD, "/usr/lib/python3.12", {st_mode=S_IFDIR|0755, st_size=4096, ...}, 0) = 0
newfstatat(AT_FDCWD, "/usr/lib/python3.12/functools.py", {st_mode=S_IFREG|0644, st_size=38126, ...}, 0) = 0
newfstatat(AT_FDCWD, "/usr/lib/python3.12/functools.py", {st_mode=S_IFREG|0644, st_size=38126, ...}, 0) = 0
openat(AT_FDCWD, "/usr/lib/python3.12/__pycache__/functools.cpython-312.pyc", O_RDONLY|O_CLOEXEC) = 5
fstat(5, {st_mode=S_IFREG|0644, st_size=40506, ...}) = 0
ioctl(5, TCGETS, 0x7ffc5ece55e0)        = -1 ENOTTY (Inappropriate ioctl for device)
lseek(5, 0, SEEK_CUR)                   = 0
lseek(5, 0, SEEK_CUR)                   = 0
fstat(5, {st_mode=S_IFREG|0644, st_size=40506, ...}) = 0
read(5, "\313\r\r\n\0\0\0\0)!\236h\356\224\0\0\343\0\0\0\0\0\0\0\0\0\0\0\0\7\0\0"..., 40507) = 40506
read(5, "", 1)                          = 0
close(5)                                = 0
newfstatat(AT_FDCWD, "/usr/lib/python3.12/re", {st_mode=S_IFDIR|0755, st_size=4096, ...}, 0) = 0
newfstatat(AT_FDCWD, "/usr/lib/python3.12/re", {st_mode=S_IFDIR|0755, st_size=4096, ...}, 0) = 0
newfstatat(AT_FDCWD, "/usr/lib/python3.12/re", {st_mode=S_IFDIR|0755, st_size=4096, ...}, 0) = 0
openat(AT_FDCWD, "/usr/lib/python3.12/re", O_RDONLY|O_NONBLOCK|O_CLOEXEC|O_DIRECTORY) = 5
fstat(5, {st_mode=S_IFDIR|0755, st_size=4096, ...}) = 0
getdents64(5, 0x1f24af50 /* 8 entries */, 32768) = 248
getdents64(5, 0x1f24af50 /* 0 entries */, 32768) = 0
close(5)                                = 0
newfstatat(AT_FDCWD, "/usr/lib/python3.12/re/_compiler.py", {st_mode=S_IFREG|0644, st_size=26089, ...}, 0) = 0
newfstatat(AT_FDCWD, "/usr/lib/python3.12/re/_compiler.py", {st_mode=S_IFREG|0644, st_size=26089, ...}, 0) = 0
openat(AT_FDCWD, "/usr/lib/python3.12/re/__pycache__/_compiler.cpython-312.pyc", O_RDONLY|O_CLOEXEC) = 5
fstat(5, {st_mode=S_IFREG|0644, st_size=26516, ...}) = 0
ioctl(5, TCGETS, 0x7ffc5ece57e0)        = -1 ENOTTY (Inappropriate ioctl for device)
lseek(5, 0, SEEK_CUR)                   = 0
lseek(5, 0, SEEK_CUR)                   = 0
fstat(5, {st_mode=S_IFREG|0644, st_size=26516, ...}) = 0
read(5, "\313\r\r\n\0\0\0\0)!\236h\351e\0\0\343\0\0\0\0\0\0\0\0\0\0\0\0\10\0\0"..., 26517) = 26516
read(5, "", 1)                          = 0
close(5)                                = 0
brk(0x1f28c000)                         = 0x1f28c000
newfstatat(AT_FDCWD, "/usr/lib/python3.12/re", {st_mode=S_IFDIR|0755, st_size=4096, ...}, 0) = 0
newfstatat(AT_FDCWD, "/usr/lib/python3.12/re/_parser.py", {st_mode=S_IFREG|0644, st_size=41201, ...}, 0) = 0
newfstatat(AT_FDCWD, "/usr/lib/python3.12/re/_parser.py", {st_mode=S_IFREG|0644, st_size=41201, ...}, 0) = 0
openat(AT_FDCWD, "/usr/lib/python3.12/re/__pycache__/_parser.cpython-312.pyc", O_RDONLY|O_CLOEXEC) = 5
fstat(5, {st_mode=S_IFREG|0644, st_size=42007, ...}) = 0
ioctl(5, TCGETS, 0x7ffc5ece4d00)        = -1 ENOTTY (Inappropriate ioctl for device)
lseek(5, 0, SEEK_CUR)                   = 0
lseek(5, 0, SEEK_CUR)                   = 0
fstat(5, {st_mode=S_IFREG|0644, st_size=42007, ...}) = 0
read(5, "\313\r\r\n\0\0\0\0)!\236h\361\240\0\0\343\0\0\0\0\0\0\0\0\0\0\0\0\v\0\0"..., 42008) = 42007
read(5, "", 1)                          = 0
close(5)                                = 0
newfstatat(AT_FDCWD, "/usr/lib/python3.12/re", {st_mode=S_IFDIR|0755, st_size=4096, ...}, 0) = 0
newfstatat(AT_FDCWD, "/usr/lib/python3.12/re/_constants.py", {st_mode=S_IFREG|0644, st_size=5930, ...}, 0) = 0
newfstatat(AT_FDCWD, "/usr/lib/python3.12/re/_constants.py", {st_mode=S_IFREG|0644, st_size=5930, ...}, 0) = 0
openat(AT_FDCWD, "/usr/lib/python3.12/re/__pycache__/_constants.cpython-312.pyc", O_RDONLY|O_CLOEXEC) = 5
fstat(5, {st_mode=S_IFREG|0644, st_size=5296, ...}) = 0
ioctl(5, TCGETS, 0x7ffc5ece4690)        = -1 ENOTTY (Inappropriate ioctl for device)
lseek(5, 0, SEEK_CUR)                   = 0
lseek(5, 0, SEEK_CUR)                   = 0
fstat(5, {st_mode=S_IFREG|0644, st_size=5296, ...}) = 0
read(5, "\313\r\r\n\0\0\0\0)!\236h*\27\0\0\343\0\0\0\0\0\0\0\0\0\0\0\0\24\0\0"..., 5297) = 5296
read(5, "", 1)                          = 0
close(5)                                = 0
newfstatat(AT_FDCWD, "/usr/lib/python3.12/re", {st_mode=S_IFDIR|0755, st_size=4096, ...}, 0) = 0
newfstatat(AT_FDCWD, "/usr/lib/python3.12/re/_casefix.py", {st_mode=S_IFREG|0644, st_size=5446, ...}, 0) = 0
newfstatat(AT_FDCWD, "/usr/lib/python3.12/re/_casefix.py", {st_mode=S_IFREG|0644, st_size=5446, ...}, 0) = 0
openat(AT_FDCWD, "/usr/lib/python3.12/re/__pycache__/_casefix.cpython-312.pyc", O_RDONLY|O_CLOEXEC) = 5
fstat(5, {st_mode=S_IFREG|0644, st_size=1816, ...}) = 0
ioctl(5, TCGETS, 0x7ffc5ece5170)        = -1 ENOTTY (Inappropriate ioctl for device)
lseek(5, 0, SEEK_CUR)                   = 0
lseek(5, 0, SEEK_CUR)                   = 0
fstat(5, {st_mode=S_IFREG|0644, st_size=1816, ...}) = 0
read(5, "\313\r\r\n\0\0\0\0)!\236hF\25\0\0\343\0\0\0\0\0\0\0\0\0\0\0\0\4\0\0"..., 1817) = 1816
read(5, "", 1)                          = 0
close(5)                                = 0
newfstatat(AT_FDCWD, "/workspace/sidechannel/ropfu", {st_mode=S_IFDIR|0755, st_size=4096, ...}, 0) = 0
newfstatat(AT_FDCWD, "/usr/lib/python3.12", {st_mode=S_IFDIR|0755, st_size=4096, ...}, 0) = 0
newfstatat(AT_FDCWD, "/usr/lib/python3.12/copyreg.py", {st_mode=S_IFREG|0644, st_size=7614, ...}, 0) = 0
newfstatat(AT_FDCWD, "/usr/lib/python3.12/copyreg.py", {st_mode=S_IFREG|0644, st_size=7614, ...}, 0) = 0
openat(AT_FDCWD, "/usr/lib/python3.12/__pycache__/copyreg.cpython-312.pyc", O_RDONLY|O_CLOEXEC) = 5
fstat(5, {st_mode=S_IFREG|0644, st_size=7414, ...}) = 0
ioctl(5, TCGETS, 0x7ffc5ece5c50)        = -1 ENOTTY (Inappropriate ioctl for device)
lseek(5, 0, SEEK_CUR)                   = 0
lseek(5, 0, SEEK_CUR)                   = 0
fstat(5, {st_mode=S_IFREG|0644, st_size=7414, ...}) = 0
read(5, "\313\r\r\n\0\0\0\0)!\236h\276\35\0\0\343\0\0\0\0\0\0\0\0\0\0\0\0\6\0\0"..., 7415) = 7414
read(5, "", 1)                          = 0
close(5)                                = 0
newfstatat(AT_FDCWD, "/workspace/sidechannel/ropfu", {st_mode=S_IFDIR|0755, st_size=4096, ...}, 0) = 0
newfstatat(AT_FDCWD, "/usr/lib/python3.12", {st_mode=S_IFDIR|0755, st_size=4096, ...}, 0) = 0
newfstatat(AT_FDCWD, "/usr/lib/python3.12/traceback.py", {st_mode=S_IFREG|0644, st_size=46325, ...}, 0) = 0
newfstatat(AT_FDCWD, "/usr/lib/python3.12/traceback.py", {st_mode=S_IFREG|0644, st_size=46325, ...}, 0) = 0
openat(AT_FDCWD, "/usr/lib/python3.12/__pycache__/traceback.cpython-312.pyc", O_RDONLY|O_CLOEXEC) = 5
fstat(5, {st_mode=S_IFREG|0644, st_size=51523, ...}) = 0
ioctl(5, TCGETS, 0x7ffc5ece62c0)        = -1 ENOTTY (Inappropriate ioctl for device)
lseek(5, 0, SEEK_CUR)                   = 0
lseek(5, 0, SEEK_CUR)                   = 0
fstat(5, {st_mode=S_IFREG|0644, st_size=51523, ...}) = 0
read(5, "\313\r\r\n\0\0\0\0)!\236h\365\264\0\0\343\0\0\0\0\0\0\0\0\0\0\0\0\6\0\0"..., 51524) = 51523
read(5, "", 1)                          = 0
close(5)                                = 0
newfstatat(AT_FDCWD, "/usr/lib/python3.12/collections", {st_mode=S_IFDIR|0755, st_size=4096, ...}, 0) = 0
newfstatat(AT_FDCWD, "/usr/lib/python3.12/collections", {st_mode=S_IFDIR|0755, st_size=4096, ...}, 0) = 0
newfstatat(AT_FDCWD, "/usr/lib/python3.12/collections", {st_mode=S_IFDIR|0755, st_size=4096, ...}, 0) = 0
openat(AT_FDCWD, "/usr/lib/python3.12/collections", O_RDONLY|O_NONBLOCK|O_CLOEXEC|O_DIRECTORY) = 5
fstat(5, {st_mode=S_IFDIR|0755, st_size=4096, ...}) = 0
getdents64(5, 0x1f26fbc0 /* 5 entries */, 32768) = 144
getdents64(5, 0x1f26fbc0 /* 0 entries */, 32768) = 0
close(5)                                = 0
newfstatat(AT_FDCWD, "/usr/lib/python3.12/collections/abc.py", {st_mode=S_IFREG|0644, st_size=119, ...}, 0) = 0
newfstatat(AT_FDCWD, "/usr/lib/python3.12/collections/abc.py", {st_mode=S_IFREG|0644, st_size=119, ...}, 0) = 0
openat(AT_FDCWD, "/usr/lib/python3.12/collections/__pycache__/abc.cpython-312.pyc", O_RDONLY|O_CLOEXEC) = 5
fstat(5, {st_mode=S_IFREG|0644, st_size=249, ...}) = 0
ioctl(5, TCGETS, 0x7ffc5ece5c50)        = -1 ENOTTY (Inappropriate ioctl for device)
lseek(5, 0, SEEK_CUR)                   = 0
lseek(5, 0, SEEK_CUR)                   = 0
fstat(5, {st_mode=S_IFREG|0644, st_size=249, ...}) = 0
read(5, "\313\r\r\n\0\0\0\0)!\236hw\0\0\0\343\0\0\0\0\0\0\0\0\0\0\0\0\2\0\0"..., 250) = 249
read(5, "", 1)                          = 0
close(5)                                = 0
newfstatat(AT_FDCWD, "/workspace/sidechannel/ropfu", {st_mode=S_IFDIR|0755, st_size=4096, ...}, 0) = 0
newfstatat(AT_FDCWD, "/usr/lib/python3.12", {st_mode=S_IFDIR|0755, st_size=4096, ...}, 0) = 0
newfstatat(AT_FDCWD, "/usr/lib/python3.12/linecache.py", {st_mode=S_IFREG|0644, st_size=5649, ...}, 0) = 0
newfstatat(AT_FDCWD, "/usr/lib/python3.12/linecache.py", {st_mode=S_IFREG|0644, st_size=5649, ...}, 0) = 0
openat(AT_FDCWD, "/usr/lib/python3.12/__pycache__/linecache.cpython-312.pyc", O_RDONLY|O_CLOEXEC) = 5
fstat(5, {st_mode=S_IFREG|0644, st_size=6401, ...}) = 0
ioctl(5, TCGETS, 0x7ffc5ece5c50)        = -1 ENOTTY (Inappropriate ioctl for device)
lseek(5, 0, SEEK_CUR)                   = 0
lseek(5, 0, SEEK_CUR)                   = 0
fstat(5, {st_mode=S_IFREG|0644, st_size=6401, ...}) = 0
read(5, "\313\r\r\n\0\0\0\0)!\236h\21\26\0\0\343\0\0\0\0\0\0\0\0\0\0\0\0\2\0\0"..., 6402) = 6401
read(5, "", 1)                          = 0
close(5)                                = 0
newfstatat(AT_FDCWD, "/workspace/sidechannel/ropfu", {st_mode=S_IFDIR|0755, st_size=4096, ...}, 0) = 0
newfstatat(AT_FDCWD, "/usr/lib/python3.12", {st_mode=S_IFDIR|0755, st_size=4096, ...}, 0) = 0
newfstatat(AT_FDCWD, "/usr/lib/python3.12/tokenize.py", {st_mode=S_IFREG|0644, st_size=21214, ...}, 0) = 0
newfstatat(AT_FDCWD, "/usr/lib/python3.12/tokenize.py", {st_mode=S_IFREG|0644, st_size=21214, ...}, 0) = 0
openat(AT_FDCWD, "/usr/lib/python3.12/__pycache__/tokenize.cpython-312.pyc", O_RDONLY|O_CLOEXEC) = 5
fstat(5, {st_mode=S_IFREG|0644, st_size=24775, ...}) = 0
ioctl(5, TCGETS, 0x7ffc5ece55e0)        = -1 ENOTTY (Inappropriate ioctl for device)
lseek(5, 0, SEEK_CUR)                   = 0
lseek(5, 0, SEEK_CUR)                   = 0
fstat(5, {st_mode=S_IFREG|0644, st_size=24775, ...}) = 0
read(5, "\313\r\r\n\0\0\0\0)!\236h\336R\0\0\343\0\0\0\0\0\0\0\0\0\0\0\0\t\0\0"..., 24776) = 24775
read(5, "", 1)                          = 0
close(5)                                = 0
mmap(NULL, 1048576, PROT_READ|PROT_WRITE, MAP_PRIVATE|MAP_ANONYMOUS, -1, 0) = 0x7fd8f34c2000
newfstatat(AT_FDCWD, "/workspace/sidechannel/ropfu", {st_mode=S_IFDIR|0755, st_size=4096, ...}, 0) = 0
newfstatat(AT_FDCWD, "/usr/lib/python3.12", {st_mode=S_IFDIR|0755, st_size=4096, ...}, 0) = 0
newfstatat(AT_FDCWD, "/usr/lib/python3.12/token.py", {st_mode=S_IFREG|0644, st_size=2479, ...}, 0) = 0
newfstatat(AT_FDCWD, "/usr/lib/python3.12/token.py", {st_mode=S_IFREG|0644, st_size=2479, ...}, 0) = 0
openat(AT_FDCWD, "/usr/lib/python3.12/__pycache__/token.cpython-312.pyc", O_RDONLY|O_CLOEXEC) = 5
fstat(5, {st_mode=S_IFREG|0644, st_size=3557, ...}) = 0
ioctl(5, TCGETS, 0x7ffc5ece4f70)        = -1 ENOTTY (Inappropriate ioctl for device)
lseek(5, 0, SEEK_CUR)                   = 0
lseek(5, 0, SEEK_CUR)                   = 0
fstat(5, {st_mode=S_IFREG|0644, st_size=3557, ...}) = 0
read(5, "\313\r\r\n\0\0\0\0)!\236h\257\t\0\0\343\0\0\0\0\0\0\0\0\0\0\0\0\20\0\0"..., 3558) = 3557
read(5, "", 1)                          = 0
close(5)                                = 0
newfstatat(AT_FDCWD, "/workspace/sidechannel/ropfu", {st_mode=S_IFDIR|0755, st_size=4096, ...}, 0) = 0
newfstatat(AT_FDCWD, "/usr/lib/python3.12", {st_mode=S_IFDIR|0755, st_size=4096, ...}, 0) = 0
newfstatat(AT_FDCWD, "/usr/lib/python3.12/textwrap.py", {st_mode=S_IFREG|0644, st_size=19718, ...}, 0) = 0
newfstatat(AT_FDCWD, "/usr/lib/python3.12/textwrap.py", {st_mode=S_IFREG|0644, st_size=19718, ...}, 0) = 0
openat(AT_FDCWD, "/usr/lib/python3.12/__pycache__/textwrap.cpython-312.pyc", O_RDONLY|O_CLOEXEC) = 5
fstat(5, {st_mode=S_IFREG|0644, st_size=18293, ...}) = 0
ioctl(5, TCGETS, 0x7ffc5ece5c50)        = -1 ENOTTY (Inappropriate ioctl for device)
lseek(5, 0, SEEK_CUR)                   = 0
lseek(5, 0, SEEK_CUR)                   = 0
fstat(5, {st_mode=S_IFREG|0644, st_size=18293, ...}) = 0
read(5, "\313\r\r\n\0\0\0\0)!\236h\6M\0\0\343\0\0\0\0\0\0\0\0\0\0\0\0\5\0\0"..., 18294) = 18293
read(5, "", 1)                          = 0
close(5)                                = 0
newfstatat(AT_FDCWD, "/workspace/sidechannel/ropfu", {st_mode=S_IFDIR|0755, st_size=4096, ...}, 0) = 0
newfstatat(AT_FDCWD, "/usr/lib/python3.12", {st_mode=S_IFDIR|0755, st_size=4096, ...}, 0) = 0
newfstatat(AT_FDCWD, "/usr/lib/python3.12/contextlib.py", {st_mode=S_IFREG|0644, st_size=27637, ...}, 0) = 0
newfstatat(AT_FDCWD, "/usr/lib/python3.12/contextlib.py", {st_mode=S_IFREG|0644, st_size=27637, ...}, 0) = 0
openat(AT_FDCWD, "/usr/lib/python3.12/__pycache__/contextlib.cpython-312.pyc", O_RDONLY|O_CLOEXEC) = 5
fstat(5, {st_mode=S_IFREG|0644, st_size=30376, ...}) = 0
ioctl(5, TCGETS, 0x7ffc5ece5c50)        = -1 ENOTTY (Inappropriate ioctl for device)
lseek(5, 0, SEEK_CUR)                   = 0
lseek(5, 0, SEEK_CUR)                   = 0
fstat(5, {st_mode=S_IFREG|0644, st_size=30376, ...}) = 0
brk(0x1f2b0000)                         = 0x1f2b0000
read(5, "\313\r\r\n\0\0\0\0)!\236h\365k\0\0\343\0\0\0\0\0\0\0\0\0\0\0\0\7\0\0"..., 30377) = 30376
read(5, "", 1)                          = 0
close(5)                                = 0
brk(0x1f2a9000)                         = 0x1f2a9000
newfstatat(AT_FDCWD, "/workspace/sidechannel/ropfu", {st_mode=S_IFDIR|0755, st_size=4096, ...}, 0) = 0
newfstatat(AT_FDCWD, "/usr/lib/python3.12", {st_mode=S_IFDIR|0755, st_size=4096, ...}, 0) = 0
newfstatat(AT_FDCWD, "/usr/lib/python3.12/warnings.py", {st_mode=S_IFREG|0644, st_size=21760, ...}, 0) = 0
newfstatat(AT_FDCWD, "/usr/lib/python3.12/warnings.py", {st_mode=S_IFREG|0644, st_size=21760, ...}, 0) = 0
openat(AT_FDCWD, "/usr/lib/python3.12/__pycache__/warnings.cpython-312.pyc", O_RDONLY|O_CLOEXEC) = 5
fstat(5, {st_mode=S_IFREG|0644, st_size=23792, ...}) = 0
ioctl(5, TCGETS, 0x7ffc5ece62c0)        = -1 ENOTTY (Inappropriate ioctl for device)
lseek(5, 0, SEEK_CUR)                   = 0
lseek(5, 0, SEEK_CUR)                   = 0
fstat(5, {st_mode=S_IFREG|0644, st_size=23792, ...}) = 0
read(5, "\313\r\r\n\0\0\0\0)!\236h\0U\0\0\343\0\0\0\0\0\0\0\0\0\0\0\0\6\0\0"..., 23793) = 23792
read(5, "", 1)                          = 0
close(5)                                = 0
newfstatat(AT_FDCWD, "/workspace/sidechannel/ropfu", {st_mode=S_IFDIR|0755, st_size=4096, ...}, 0) = 0
newfstatat(AT_FDCWD, "/usr/lib/python3.12", {st_mode=S_IFDIR|0755, st_size=4096, ...}, 0) = 0
newfstatat(AT_FDCWD, "/usr/lib/python3.12/weakref.py", {st_mode=S_IFREG|0644, st_size=21513, ...}, 0) = 0
newfstatat(AT_FDCWD, "/usr/lib/python3.12/weakref.py", {st_mode=S_IFREG|0644, st_size=21513, ...}, 0) = 0
openat(AT_FDCWD, "/usr/lib/python3.12/__pycache__/weakref.cpython-312.pyc", O_RDONLY|O_CLOEXEC) = 5
fstat(5, {st_mode=S_IFREG|0644, st_size=31348, ...}) = 0
ioctl(5, TCGETS, 0x7ffc5ece62c0)        = -1 ENOTTY (Inappropriate ioctl for device)
lseek(5, 0, SEEK_CUR)                   = 0
lseek(5, 0, SEEK_CUR)                   = 0
fstat(5, {st_mode=S_IFREG|0644, st_size=31348, ...}) = 0
read(5, "\313\r\r\n\0\0\0\0)!\236h\tT\0\0\343\0\0\0\0\0\0\0\0\0\0\0\0\5\0\0"..., 31349) = 31348
read(5, "", 1)                          = 0
close(5)                                = 0
newfstatat(AT_FDCWD, "/workspace/sidechannel/ropfu", {st_mode=S_IFDIR|0755, st_size=4096, ...}, 0) = 0
newfstatat(AT_FDCWD, "/usr/lib/python3.12", {st_mode=S_IFDIR|0755, st_size=4096, ...}, 0) = 0
newfstatat(AT_FDCWD, "/usr/lib/python3.12/_weakrefset.py", {st_mode=S_IFREG|0644, st_size=5893, ...}, 0) = 0
newfstatat(AT_FDCWD, "/usr/lib/python3.12/_weakrefset.py", {st_mode=S_IFREG|0644, st_size=5893, ...}, 0) = 0
openat(AT_FDCWD, "/usr/lib/python3.12/__pycache__/_weakrefset.cpython-312.pyc", O_RDONLY|O_CLOEXEC) = 5
fstat(5, {st_mode=S_IFREG|0644, st_size=11751, ...}) = 0
ioctl(5, TCGETS, 0x7ffc5ece5c50)        = -1 ENOTTY (Inappropriate ioctl for device)
lseek(5, 0, SEEK_CUR)                   = 0
lseek(5, 0, SEEK_CUR)                   = 0
fstat(5, {st_mode=S_IFREG|0644, st_size=11751, ...}) = 0
read(5, "\313\r\r\n\0\0\0\0)!\236h\5\27\0\0\343\0\0\0\0\0\0\0\0\0\0\0\0\4\0\0"..., 11752) = 11751
read(5, "", 1)                          = 0
close(5)                                = 0
newfstatat(AT_FDCWD, "/workspace/sidechannel/ropfu", {st_mode=S_IFDIR|0755, st_size=4096, ...}, 0) = 0
newfstatat(AT_FDCWD, "/usr/lib/python3.12", {st_mode=S_IFDIR|0755, st_size=4096, ...}, 0) = 0
newfstatat(AT_FDCWD, "/usr/lib/python3.12/string.py", {st_mode=S_IFREG|0644, st_size=11786, ...}, 0) = 0
newfstatat(AT_FDCWD, "/usr/lib/python3.12/string.py", {st_mode=S_IFREG|0644, st_size=11786, ...}, 0) = 0
openat(AT_FDCWD, "/usr/lib/python3.12/__pycache__/string.cpython-312.pyc", O_RDONLY|O_CLOEXEC) = 5
fstat(5, {st_mode=S_IFREG|0644, st_size=11482, ...}) = 0
ioctl(5, TCGETS, 0x7ffc5ece62c0)        = -1 ENOTTY (Inappropriate ioctl for device)
lseek(5, 0, SEEK_CUR)                   = 0
lseek(5, 0, SEEK_CUR)                   = 0
fstat(5, {st_mode=S_IFREG|0644, st_size=11482, ...}) = 0
read(5, "\313\r\r\n\0\0\0\0)!\236h\n.\0\0\343\0\0\0\0\0\0\0\0\0\0\0\0\4\0\0"..., 11483) = 11482
read(5, "", 1)                          = 0
close(5)                                = 0
newfstatat(AT_FDCWD, "/workspace/sidechannel/ropfu", {st_mode=S_IFDIR|0755, st_size=4096, ...}, 0) = 0
newfstatat(AT_FDCWD, "/usr/lib/python3.12", {st_mode=S_IFDIR|0755, st_size=4096, ...}, 0) = 0
newfstatat(AT_FDCWD, "/usr/lib/python3.12/threading.py", {st_mode=S_IFREG|0644, st_size=60123, ...}, 0) = 0
newfstatat(AT_FDCWD, "/usr/lib/python3.12/threading.py", {st_mode=S_IFREG|0644, st_size=60123, ...}, 0) = 0
openat(AT_FDCWD, "/usr/lib/python3.12/__pycache__/threading.cpython-312.pyc", O_RDONLY|O_CLOEXEC) = 5
fstat(5, {st_mode=S_IFREG|0644, st_size=65346, ...}) = 0
ioctl(5, TCGETS, 0x7ffc5ece62c0)        = -1 ENOTTY (Inappropriate ioctl for device)
lseek(5, 0, SEEK_CUR)                   = 0
lseek(5, 0, SEEK_CUR)                   = 0
fstat(5, {st_mode=S_IFREG|0644, st_size=65346, ...}) = 0
brk(0x1f2cb000)                         = 0x1f2cb000
read(5, "\313\r\r\n\0\0\0\0)!\236h\333\352\0\0\343\0\0\0\0\0\0\0\0\0\0\0\0\5\0\0"..., 65347) = 65346
read(5, "", 1)                          = 0
close(5)                                = 0
gettid()                                = 31533
brk(0x1f2ef000)                         = 0x1f2ef000
brk(0x1f2cf000)                         = 0x1f2cf000
brk(0x1f2ff000)                         = 0x1f2ff000
brk(0x1f2cf000)                         = 0x1f2cf000
newfstatat(AT_FDCWD, "/workspace/sidechannel/ropfu", {st_mode=S_IFDIR|0755, st_size=4096, ...}, 0) = 0
newfstatat(AT_FDCWD, "/usr/lib/python3.12", {st_mode=S_IFDIR|0755, st_size=4096, ...}, 0) = 0
newfstatat(AT_FDCWD, "/usr/lib/python3.12/platform.py", {st_mode=S_IFREG|0755, st_size=43331, ...}, 0) = 0
newfstatat(AT_FDCWD, "/usr/lib/python3.12/platform.py", {st_mode=S_IFREG|0755, st_size=43331, ...}, 0) = 0
openat(AT_FDCWD, "/usr/lib/python3.12/__pycache__/platform.cpython-312.pyc", O_RDONLY|O_CLOEXEC) = 5
fstat(5, {st_mode=S_IFREG|0644, st_size=41600, ...}) = 0
ioctl(5, TCGETS, 0x7ffc5ece6930)        = -1 ENOTTY (Inappropriate ioctl for device)
lseek(5, 0, SEEK_CUR)                   = 0
lseek(5, 0, SEEK_CUR)                   = 0
fstat(5, {st_mode=S_IFREG|0644, st_size=41600, ...}) = 0
read(5, "\313\r\r\n\0\0\0\0)!\236hC\251\0\0\343\0\0\0\0\0\0\0\0\0\0\0\0\v\0\0"..., 41601) = 41600
read(5, "", 1)                          = 0
close(5)                                = 0
newfstatat(AT_FDCWD, "/workspace/sidechannel/ropfu", {st_mode=S_IFDIR|0755, st_size=4096, ...}, 0) = 0
newfstatat(AT_FDCWD, "/usr/lib/python3.12", {st_mode=S_IFDIR|0755, st_size=4096, ...}, 0) = 0
newfstatat(AT_FDCWD, "/usr/lib/python3.12/lib-dynload", {st_mode=S_IFDIR|0755, st_size=4096, ...}, 0) = 0
newfstatat(AT_FDCWD, "/home/ubuntu/.local/lib/python3.12/site-packages", {st_mode=S_IFDIR|0755, st_size=4096, ...}, 0) = 0
newfstatat(AT_FDCWD, "/usr/local/lib/python3.12/dist-packages", {st_mode=S_IFDIR|0755, st_size=4096, ...}, 0) = 0
newfstatat(AT_FDCWD, "/usr/lib/python3/dist-packages", {st_mode=S_IFDIR|0755, st_size=4096, ...}, 0) = 0
newfstatat(AT_FDCWD, "/workspace/sidechannel/ropfu", {st_mode=S_IFDIR|0755, st_size=4096, ...}, 0) = 0
newfstatat(AT_FDCWD, "/usr/lib/python3.12", {st_mode=S_IFDIR|0755, st_size=4096, ...}, 0) = 0
newfstatat(AT_FDCWD, "/usr/lib/python3.12/lib-dynload", {st_mode=S_IFDIR|0755, st_size=4096, ...}, 0) = 0
newfstatat(AT_FDCWD, "/home/ubuntu/.local/lib/python3.12/site-packages", {st_mode=S_IFDIR|0755, st_size=4096, ...}, 0) = 0
newfstatat(AT_FDCWD, "/home/ubuntu/.local/lib/python3.12/site-packages/socks.py", {st_mode=S_IFREG|0644, st_size=31086, ...}, 0) = 0
newfstatat(AT_FDCWD, "/home/ubuntu/.local/lib/python3.12/site-packages/socks.py", {st_mode=S_IFREG|0644, st_size=31086, ...}, 0) = 0
openat(AT_FDCWD, "/home/ubuntu/.local/lib/python3.12/site-packages/__pycache__/socks.cpython-312.pyc", O_RDONLY|O_CLOEXEC) = 5
fstat(5, {st_mode=S_IFREG|0644, st_size=34160, ...}) = 0
ioctl(5, TCGETS, 0x7ffc5ece6930)        = -1 ENOTTY (Inappropriate ioctl for device)
lseek(5, 0, SEEK_CUR)                   = 0
lseek(5, 0, SEEK_CUR)                   = 0
fstat(5, {st_mode=S_IFREG|0644, st_size=34160, ...}) = 0
read(5, "\313\r\r\n\0\0\0\0\225\254\33iny\0\0\343\0\0\0\0\0\0\0\0\0\0\0\0\t\0\0"..., 34161) = 34160
read(5, "", 1)                          = 0
close(5)                                = 0
newfstatat(AT_FDCWD, "/workspace/sidechannel/ropfu", {st_mode=S_IFDIR|0755, st_size=4096, ...}, 0) = 0
newfstatat(AT_FDCWD, "/usr/lib/python3.12", {st_mode=S_IFDIR|0755, st_size=4096, ...}, 0) = 0
newfstatat(AT_FDCWD, "/usr/lib/python3.12/base64.py", {st_mode=S_IFREG|0755, st_size=20602, ...}, 0) = 0
newfstatat(AT_FDCWD, "/usr/lib/python3.12/base64.py", {st_mode=S_IFREG|0755, st_size=20602, ...}, 0) = 0
openat(AT_FDCWD, "/usr/lib/python3.12/__pycache__/base64.cpython-312.pyc", O_RDONLY|O_CLOEXEC) = 5
fstat(5, {st_mode=S_IFREG|0644, st_size=24408, ...}) = 0
ioctl(5, TCGETS, 0x7ffc5ece62c0)        = -1 ENOTTY (Inappropriate ioctl for device)
lseek(5, 0, SEEK_CUR)                   = 0
lseek(5, 0, SEEK_CUR)                   = 0
fstat(5, {st_mode=S_IFREG|0644, st_size=24408, ...}) = 0
read(5, "\313\r\r\n\0\0\0\0)!\236hzP\0\0\343\0\0\0\0\0\0\0\0\0\0\0\0\5\0\0"..., 24409) = 24408
read(5, "", 1)                          = 0
close(5)                                = 0
newfstatat(AT_FDCWD, "/workspace/sidechannel/ropfu", {st_mode=S_IFDIR|0755, st_size=4096, ...}, 0) = 0
newfstatat(AT_FDCWD, "/usr/lib/python3.12", {st_mode=S_IFDIR|0755, st_size=4096, ...}, 0) = 0
newfstatat(AT_FDCWD, "/usr/lib/python3.12/struct.py", {st_mode=S_IFREG|0644, st_size=257, ...}, 0) = 0
newfstatat(AT_FDCWD, "/usr/lib/python3.12/struct.py", {st_mode=S_IFREG|0644, st_size=257, ...}, 0) = 0
openat(AT_FDCWD, "/usr/lib/python3.12/__pycache__/struct.cpython-312.pyc", O_RDONLY|O_CLOEXEC) = 5
fstat(5, {st_mode=S_IFREG|0644, st_size=325, ...}) = 0
ioctl(5, TCGETS, 0x7ffc5ece5c50)        = -1 ENOTTY (Inappropriate ioctl for device)
lseek(5, 0, SEEK_CUR)                   = 0
lseek(5, 0, SEEK_CUR)                   = 0
fstat(5, {st_mode=S_IFREG|0644, st_size=325, ...}) = 0
read(5, "\313\r\r\n\0\0\0\0)!\236h\1\1\0\0\343\0\0\0\0\0\0\0\0\0\0\0\0\2\0\0"..., 326) = 325
read(5, "", 1)                          = 0
close(5)                                = 0
newfstatat(AT_FDCWD, "/workspace/sidechannel/ropfu", {st_mode=S_IFDIR|0755, st_size=4096, ...}, 0) = 0
newfstatat(AT_FDCWD, "/usr/lib/python3.12", {st_mode=S_IFDIR|0755, st_size=4096, ...}, 0) = 0
newfstatat(AT_FDCWD, "/usr/lib/python3.12/socket.py", {st_mode=S_IFREG|0644, st_size=37411, ...}, 0) = 0
newfstatat(AT_FDCWD, "/usr/lib/python3.12/socket.py", {st_mode=S_IFREG|0644, st_size=37411, ...}, 0) = 0
openat(AT_FDCWD, "/usr/lib/python3.12/__pycache__/socket.cpython-312.pyc", O_RDONLY|O_CLOEXEC) = 5
fstat(5, {st_mode=S_IFREG|0644, st_size=41817, ...}) = 0
ioctl(5, TCGETS, 0x7ffc5ece62c0)        = -1 ENOTTY (Inappropriate ioctl for device)
lseek(5, 0, SEEK_CUR)                   = 0
lseek(5, 0, SEEK_CUR)                   = 0
fstat(5, {st_mode=S_IFREG|0644, st_size=41817, ...}) = 0
read(5, "\313\r\r\n\0\0\0\0)!\236h#\222\0\0\343\0\0\0\0\0\0\0\0\0\0\0\0\5\0\0"..., 41818) = 41817
read(5, "", 1)                          = 0
close(5)                                = 0
brk(0x1f2f1000)                         = 0x1f2f1000
newfstatat(AT_FDCWD, "/workspace/sidechannel/ropfu", {st_mode=S_IFDIR|0755, st_size=4096, ...}, 0) = 0
newfstatat(AT_FDCWD, "/usr/lib/python3.12", {st_mode=S_IFDIR|0755, st_size=4096, ...}, 0) = 0
newfstatat(AT_FDCWD, "/usr/lib/python3.12/selectors.py", {st_mode=S_IFREG|0644, st_size=19671, ...}, 0) = 0
newfstatat(AT_FDCWD, "/usr/lib/python3.12/selectors.py", {st_mode=S_IFREG|0644, st_size=19671, ...}, 0) = 0
openat(AT_FDCWD, "/usr/lib/python3.12/__pycache__/selectors.cpython-312.pyc", O_RDONLY|O_CLOEXEC) = 5
fstat(5, {st_mode=S_IFREG|0644, st_size=26128, ...}) = 0
ioctl(5, TCGETS, 0x7ffc5ece5c50)        = -1 ENOTTY (Inappropriate ioctl for device)
lseek(5, 0, SEEK_CUR)                   = 0
lseek(5, 0, SEEK_CUR)                   = 0
fstat(5, {st_mode=S_IFREG|0644, st_size=26128, ...}) = 0
read(5, "\313\r\r\n\0\0\0\0)!\236h\327L\0\0\343\0\0\0\0\0\0\0\0\0\0\0\0\5\0\0"..., 26129) = 26128
read(5, "", 1)                          = 0
close(5)                                = 0
epoll_create1(EPOLL_CLOEXEC)            = 5
close(5)                                = 0
newfstatat(AT_FDCWD, "/workspace/sidechannel/ropfu", {st_mode=S_IFDIR|0755, st_size=4096, ...}, 0) = 0
newfstatat(AT_FDCWD, "/usr/lib/python3.12", {st_mode=S_IFDIR|0755, st_size=4096, ...}, 0) = 0
newfstatat(AT_FDCWD, "/usr/lib/python3.12/signal.py", {st_mode=S_IFREG|0644, st_size=2495, ...}, 0) = 0
newfstatat(AT_FDCWD, "/usr/lib/python3.12/signal.py", {st_mode=S_IFREG|0644, st_size=2495, ...}, 0) = 0
openat(AT_FDCWD, "/usr/lib/python3.12/__pycache__/signal.cpython-312.pyc", O_RDONLY|O_CLOEXEC) = 5
fstat(5, {st_mode=S_IFREG|0644, st_size=4448, ...}) = 0
ioctl(5, TCGETS, 0x7ffc5ece6930)        = -1 ENOTTY (Inappropriate ioctl for device)
lseek(5, 0, SEEK_CUR)                   = 0
lseek(5, 0, SEEK_CUR)                   = 0
fstat(5, {st_mode=S_IFREG|0644, st_size=4448, ...}) = 0
read(5, "\313\r\r\n\0\0\0\0)!\236h\277\t\0\0\343\0\0\0\0\0\0\0\0\0\0\0\0\5\0\0"..., 4449) = 4448
read(5, "", 1)                          = 0
close(5)                                = 0
newfstatat(AT_FDCWD, "/workspace/sidechannel/ropfu", {st_mode=S_IFDIR|0755, st_size=4096, ...}, 0) = 0
newfstatat(AT_FDCWD, "/usr/lib/python3.12", {st_mode=S_IFDIR|0755, st_size=4096, ...}, 0) = 0
newfstatat(AT_FDCWD, "/usr/lib/python3.12/subprocess.py", {st_mode=S_IFREG|0644, st_size=88725, ...}, 0) = 0
newfstatat(AT_FDCWD, "/usr/lib/python3.12/subprocess.py", {st_mode=S_IFREG|0644, st_size=88725, ...}, 0) = 0
openat(AT_FDCWD, "/usr/lib/python3.12/__pycache__/subprocess.cpython-312.pyc", O_RDONLY|O_CLOEXEC) = 5
fstat(5, {st_mode=S_IFREG|0644, st_size=79187, ...}) = 0
ioctl(5, TCGETS, 0x7ffc5ece6930)        = -1 ENOTTY (Inappropriate ioctl for device)
lseek(5, 0, SEEK_CUR)                   = 0
lseek(5, 0, SEEK_CUR)                   = 0
fstat(5, {st_mode=S_IFREG|0644, st_size=79187, ...}) = 0
brk(0x1f314000)                         = 0x1f314000
read(5, "\313\r\r\n\0\0\0\0)!\236h\225Z\1\0\343\0\0\0\0\0\0\0\0\0\0\0\0\5\0\0"..., 79188) = 79187
read(5, "", 1)                          = 0
close(5)                                = 0
mmap(NULL, 1048576, PROT_READ|PROT_WRITE, MAP_PRIVATE|MAP_ANONYMOUS, -1, 0) = 0x7fd8f33c2000
newfstatat(AT_FDCWD, "/workspace/sidechannel/ropfu", {st_mode=S_IFDIR|0755, st_size=4096, ...}, 0) = 0
newfstatat(AT_FDCWD, "/usr/lib/python3.12", {st_mode=S_IFDIR|0755, st_size=4096, ...}, 0) = 0
newfstatat(AT_FDCWD, "/usr/lib/python3.12/locale.py", {st_mode=S_IFREG|0644, st_size=78562, ...}, 0) = 0
newfstatat(AT_FDCWD, "/usr/lib/python3.12/locale.py", {st_mode=S_IFREG|0644, st_size=78562, ...}, 0) = 0
openat(AT_FDCWD, "/usr/lib/python3.12/__pycache__/locale.cpython-312.pyc", O_RDONLY|O_CLOEXEC) = 5
fstat(5, {st_mode=S_IFREG|0644, st_size=59536, ...}) = 0
ioctl(5, TCGETS, 0x7ffc5ece62c0)        = -1 ENOTTY (Inappropriate ioctl for device)
lseek(5, 0, SEEK_CUR)                   = 0
lseek(5, 0, SEEK_CUR)                   = 0
fstat(5, {st_mode=S_IFREG|0644, st_size=59536, ...}) = 0
read(5, "\313\r\r\n\0\0\0\0)!\236h\3422\1\0\343\0\0\0\0\0\0\0\0\0\0\0\0\f\0\0"..., 59537) = 59536
read(5, "", 1)                          = 0
close(5)                                = 0
mmap(NULL, 208896, PROT_READ|PROT_WRITE, MAP_PRIVATE|MAP_ANONYMOUS, -1, 0) = 0x7fd8f338f000
newfstatat(AT_FDCWD, "/workspace/sidechannel/ropfu", {st_mode=S_IFDIR|0755, st_size=4096, ...}, 0) = 0
newfstatat(AT_FDCWD, "/usr/lib/python3.12", {st_mode=S_IFDIR|0755, st_size=4096, ...}, 0) = 0
newfstatat(AT_FDCWD, "/usr/lib/python3.12/lib-dynload", {st_mode=S_IFDIR|0755, st_size=4096, ...}, 0) = 0
newfstatat(AT_FDCWD, "/home/ubuntu/.local/lib/python3.12/site-packages", {st_mode=S_IFDIR|0755, st_size=4096, ...}, 0) = 0
newfstatat(AT_FDCWD, "/usr/local/lib/python3.12/dist-packages", {st_mode=S_IFDIR|0755, st_size=4096, ...}, 0) = 0
newfstatat(AT_FDCWD, "/usr/lib/python3/dist-packages", {st_mode=S_IFDIR|0755, st_size=4096, ...}, 0) = 0
newfstatat(AT_FDCWD, "/workspace/sidechannel/ropfu", {st_mode=S_IFDIR|0755, st_size=4096, ...}, 0) = 0
newfstatat(AT_FDCWD, "/usr/lib/python3.12", {st_mode=S_IFDIR|0755, st_size=4096, ...}, 0) = 0
newfstatat(AT_FDCWD, "/usr/lib/python3.12/tempfile.py", {st_mode=S_IFREG|0644, st_size=37334, ...}, 0) = 0
newfstatat(AT_FDCWD, "/usr/lib/python3.12/tempfile.py", {st_mode=S_IFREG|0644, st_size=37334, ...}, 0) = 0
openat(AT_FDCWD, "/usr/lib/python3.12/__pycache__/tempfile.cpython-312.pyc", O_RDONLY|O_CLOEXEC) = 5
fstat(5, {st_mode=S_IFREG|0644, st_size=47339, ...}) = 0
ioctl(5, TCGETS, 0x7ffc5ece6930)        = -1 ENOTTY (Inappropriate ioctl for device)
lseek(5, 0, SEEK_CUR)                   = 0
lseek(5, 0, SEEK_CUR)                   = 0
fstat(5, {st_mode=S_IFREG|0644, st_size=47339, ...}) = 0
read(5, "\313\r\r\n\0\0\0\0)!\236h\326\221\0\0\343\0\0\0\0\0\0\0\0\0\0\0\0\5\0\0"..., 47340) = 47339
read(5, "", 1)                          = 0
close(5)                                = 0
newfstatat(AT_FDCWD, "/workspace/sidechannel/ropfu", {st_mode=S_IFDIR|0755, st_size=4096, ...}, 0) = 0
newfstatat(AT_FDCWD, "/usr/lib/python3.12", {st_mode=S_IFDIR|0755, st_size=4096, ...}, 0) = 0
newfstatat(AT_FDCWD, "/usr/lib/python3.12/shutil.py", {st_mode=S_IFREG|0644, st_size=58120, ...}, 0) = 0
newfstatat(AT_FDCWD, "/usr/lib/python3.12/shutil.py", {st_mode=S_IFREG|0644, st_size=58120, ...}, 0) = 0
openat(AT_FDCWD, "/usr/lib/python3.12/__pycache__/shutil.cpython-312.pyc", O_RDONLY|O_CLOEXEC) = 5
fstat(5, {st_mode=S_IFREG|0644, st_size=68113, ...}) = 0
ioctl(5, TCGETS, 0x7ffc5ece62c0)        = -1 ENOTTY (Inappropriate ioctl for device)
lseek(5, 0, SEEK_CUR)                   = 0
lseek(5, 0, SEEK_CUR)                   = 0
fstat(5, {st_mode=S_IFREG|0644, st_size=68113, ...}) = 0
read(5, "\313\r\r\n\0\0\0\0)!\236h\10\343\0\0\343\0\0\0\0\0\0\0\0\0\0\0\0\5\0\0"..., 68114) = 68113
read(5, "", 1)                          = 0
close(5)                                = 0
newfstatat(AT_FDCWD, "/workspace/sidechannel/ropfu", {st_mode=S_IFDIR|0755, st_size=4096, ...}, 0) = 0
newfstatat(AT_FDCWD, "/usr/lib/python3.12", {st_mode=S_IFDIR|0755, st_size=4096, ...}, 0) = 0
newfstatat(AT_FDCWD, "/usr/lib/python3.12/fnmatch.py", {st_mode=S_IFREG|0644, st_size=5999, ...}, 0) = 0
newfstatat(AT_FDCWD, "/usr/lib/python3.12/fnmatch.py", {st_mode=S_IFREG|0644, st_size=5999, ...}, 0) = 0
openat(AT_FDCWD, "/usr/lib/python3.12/__pycache__/fnmatch.cpython-312.pyc", O_RDONLY|O_CLOEXEC) = 5
fstat(5, {st_mode=S_IFREG|0644, st_size=6495, ...}) = 0
ioctl(5, TCGETS, 0x7ffc5ece5c50)        = -1 ENOTTY (Inappropriate ioctl for device)
lseek(5, 0, SEEK_CUR)                   = 0
lseek(5, 0, SEEK_CUR)                   = 0
fstat(5, {st_mode=S_IFREG|0644, st_size=6495, ...}) = 0
read(5, "\313\r\r\n\0\0\0\0)!\236ho\27\0\0\343\0\0\0\0\0\0\0\0\0\0\0\0\4\0\0"..., 6496) = 6495
read(5, "", 1)                          = 0
close(5)                                = 0
newfstatat(AT_FDCWD, "/workspace/sidechannel/ropfu", {st_mode=S_IFDIR|0755, st_size=4096, ...}, 0) = 0
newfstatat(AT_FDCWD, "/usr/lib/python3.12", {st_mode=S_IFDIR|0755, st_size=4096, ...}, 0) = 0
newfstatat(AT_FDCWD, "/usr/lib/python3.12/bz2.py", {st_mode=S_IFREG|0644, st_size=11847, ...}, 0) = 0
newfstatat(AT_FDCWD, "/usr/lib/python3.12/bz2.py", {st_mode=S_IFREG|0644, st_size=11847, ...}, 0) = 0
openat(AT_FDCWD, "/usr/lib/python3.12/__pycache__/bz2.cpython-312.pyc", O_RDONLY|O_CLOEXEC) = 5
fstat(5, {st_mode=S_IFREG|0644, st_size=15133, ...}) = 0
ioctl(5, TCGETS, 0x7ffc5ece5c50)        = -1 ENOTTY (Inappropriate ioctl for device)
lseek(5, 0, SEEK_CUR)                   = 0
lseek(5, 0, SEEK_CUR)                   = 0
fstat(5, {st_mode=S_IFREG|0644, st_size=15133, ...}) = 0
read(5, "\313\r\r\n\0\0\0\0)!\236hG.\0\0\343\0\0\0\0\0\0\0\0\0\0\0\0\5\0\0"..., 15134) = 15133
read(5, "", 1)                          = 0
close(5)                                = 0
newfstatat(AT_FDCWD, "/workspace/sidechannel/ropfu", {st_mode=S_IFDIR|0755, st_size=4096, ...}, 0) = 0
newfstatat(AT_FDCWD, "/usr/lib/python3.12", {st_mode=S_IFDIR|0755, st_size=4096, ...}, 0) = 0
newfstatat(AT_FDCWD, "/usr/lib/python3.12/_compression.py", {st_mode=S_IFREG|0644, st_size=5681, ...}, 0) = 0
newfstatat(AT_FDCWD, "/usr/lib/python3.12/_compression.py", {st_mode=S_IFREG|0644, st_size=5681, ...}, 0) = 0
openat(AT_FDCWD, "/usr/lib/python3.12/__pycache__/_compression.cpython-312.pyc", O_RDONLY|O_CLOEXEC) = 5
fstat(5, {st_mode=S_IFREG|0644, st_size=7497, ...}) = 0
ioctl(5, TCGETS, 0x7ffc5ece55e0)        = -1 ENOTTY (Inappropriate ioctl for device)
lseek(5, 0, SEEK_CUR)                   = 0
lseek(5, 0, SEEK_CUR)                   = 0
fstat(5, {st_mode=S_IFREG|0644, st_size=7497, ...}) = 0
read(5, "\313\r\r\n\0\0\0\0)!\236h1\26\0\0\343\0\0\0\0\0\0\0\0\0\0\0\0\5\0\0"..., 7498) = 7497
read(5, "", 1)                          = 0
close(5)                                = 0
newfstatat(AT_FDCWD, "/workspace/sidechannel/ropfu", {st_mode=S_IFDIR|0755, st_size=4096, ...}, 0) = 0
newfstatat(AT_FDCWD, "/usr/lib/python3.12", {st_mode=S_IFDIR|0755, st_size=4096, ...}, 0) = 0
newfstatat(AT_FDCWD, "/usr/lib/python3.12/lib-dynload", {st_mode=S_IFDIR|0755, st_size=4096, ...}, 0) = 0
newfstatat(AT_FDCWD, "/usr/lib/python3.12/lib-dynload/_bz2.cpython-312-x86_64-linux-gnu.so", {st_mode=S_IFREG|0644, st_size=32112, ...}, 0) = 0
openat(AT_FDCWD, "/usr/lib/python3.12/lib-dynload/_bz2.cpython-312-x86_64-linux-gnu.so", O_RDONLY|O_CLOEXEC) = 5
read(5, "\177ELF\2\1\1\0\0\0\0\0\0\0\0\0\3\0>\0\1\0\0\0\0\0\0\0\0\0\0\0"..., 832) = 832
fstat(5, {st_mode=S_IFREG|0644, st_size=32112, ...}) = 0
mmap(NULL, 34032, PROT_READ, MAP_PRIVATE|MAP_DENYWRITE, 5, 0) = 0x7fd8f3386000
mmap(0x7fd8f3388000, 12288, PROT_READ|PROT_EXEC, MAP_PRIVATE|MAP_FIXED|MAP_DENYWRITE, 5, 0x2000) = 0x7fd8f3388000
mmap(0x7fd8f338b000, 8192, PROT_READ, MAP_PRIVATE|MAP_FIXED|MAP_DENYWRITE, 5, 0x5000) = 0x7fd8f338b000
mmap(0x7fd8f338d000, 8192, PROT_READ|PROT_WRITE, MAP_PRIVATE|MAP_FIXED|MAP_DENYWRITE, 5, 0x6000) = 0x7fd8f338d000
close(5)                                = 0
openat(AT_FDCWD, "/etc/ld.so.cache", O_RDONLY|O_CLOEXEC) = 5
fstat(5, {st_mode=S_IFREG|0644, st_size=26871, ...}) = 0
mmap(NULL, 26871, PROT_READ, MAP_PRIVATE, 5, 0) = 0x7fd8f337f000
close(5)                                = 0
openat(AT_FDCWD, "/lib/x86_64-linux-gnu/libbz2.so.1.0", O_RDONLY|O_CLOEXEC) = 5
read(5, "\177ELF\2\1\1\0\0\0\0\0\0\0\0\0\3\0>\0\1\0\0\0\0\0\0\0\0\0\0\0"..., 832) = 832
fstat(5, {st_mode=S_IFREG|0644, st_size=78944, ...}) = 0
mmap(NULL, 80936, PROT_READ, MAP_PRIVATE|MAP_DENYWRITE, 5, 0) = 0x7fd8f336b000
mmap(0x7fd8f336d000, 57344, PROT_READ|PROT_EXEC, MAP_PRIVATE|MAP_FIXED|MAP_DENYWRITE, 5, 0x2000) = 0x7fd8f336d000
mmap(0x7fd8f337b000, 8192, PROT_READ, MAP_PRIVATE|MAP_FIXED|MAP_DENYWRITE, 5, 0x10000) = 0x7fd8f337b000
mmap(0x7fd8f337d000, 8192, PROT_READ|PROT_WRITE, MAP_PRIVATE|MAP_FIXED|MAP_DENYWRITE, 5, 0x11000) = 0x7fd8f337d000
close(5)                                = 0
mprotect(0x7fd8f337d000, 4096, PROT_READ) = 0
mprotect(0x7fd8f338d000, 4096, PROT_READ) = 0
munmap(0x7fd8f337f000, 26871)           = 0
newfstatat(AT_FDCWD, "/workspace/sidechannel/ropfu", {st_mode=S_IFDIR|0755, st_size=4096, ...}, 0) = 0
newfstatat(AT_FDCWD, "/usr/lib/python3.12", {st_mode=S_IFDIR|0755, st_size=4096, ...}, 0) = 0
newfstatat(AT_FDCWD, "/usr/lib/python3.12/lzma.py", {st_mode=S_IFREG|0644, st_size=13277, ...}, 0) = 0
newfstatat(AT_FDCWD, "/usr/lib/python3.12/lzma.py", {st_mode=S_IFREG|0644, st_size=13277, ...}, 0) = 0
openat(AT_FDCWD, "/usr/lib/python3.12/__pycache__/lzma.cpython-312.pyc", O_RDONLY|O_CLOEXEC) = 5
fstat(5, {st_mode=S_IFREG|0644, st_size=15855, ...}) = 0
ioctl(5, TCGETS, 0x7ffc5ece5c50)        = -1 ENOTTY (Inappropriate ioctl for device)
lseek(5, 0, SEEK_CUR)                   = 0
lseek(5, 0, SEEK_CUR)                   = 0
fstat(5, {st_mode=S_IFREG|0644, st_size=15855, ...}) = 0
read(5, "\313\r\r\n\0\0\0\0)!\236h\3353\0\0\343\0\0\0\0\0\0\0\0\0\0\0\0\t\0\0"..., 15856) = 15855
read(5, "", 1)                          = 0
close(5)                                = 0
newfstatat(AT_FDCWD, "/workspace/sidechannel/ropfu", {st_mode=S_IFDIR|0755, st_size=4096, ...}, 0) = 0
newfstatat(AT_FDCWD, "/usr/lib/python3.12", {st_mode=S_IFDIR|0755, st_size=4096, ...}, 0) = 0
newfstatat(AT_FDCWD, "/usr/lib/python3.12/lib-dynload", {st_mode=S_IFDIR|0755, st_size=4096, ...}, 0) = 0
newfstatat(AT_FDCWD, "/usr/lib/python3.12/lib-dynload/_lzma.cpython-312-x86_64-linux-gnu.so", {st_mode=S_IFREG|0644, st_size=49256, ...}, 0) = 0
openat(AT_FDCWD, "/usr/lib/python3.12/lib-dynload/_lzma.cpython-312-x86_64-linux-gnu.so", O_RDONLY|O_CLOEXEC) = 5
read(5, "\177ELF\2\1\1\0\0\0\0\0\0\0\0\0\3\0>\0\1\0\0\0\0\0\0\0\0\0\0\0"..., 832) = 832
fstat(5, {st_mode=S_IFREG|0644, st_size=49256, ...}) = 0
mmap(NULL, 51176, PROT_READ, MAP_PRIVATE|MAP_DENYWRITE, 5, 0) = 0x7fd8f335e000
mmap(0x7fd8f3361000, 20480, PROT_READ|PROT_EXEC, MAP_PRIVATE|MAP_FIXED|MAP_DENYWRITE, 5, 0x3000) = 0x7fd8f3361000
mmap(0x7fd8f3366000, 12288, PROT_READ, MAP_PRIVATE|MAP_FIXED|MAP_DENYWRITE, 5, 0x8000) = 0x7fd8f3366000
mmap(0x7fd8f3369000, 8192, PROT_READ|PROT_WRITE, MAP_PRIVATE|MAP_FIXED|MAP_DENYWRITE, 5, 0xa000) = 0x7fd8f3369000
close(5)                                = 0
openat(AT_FDCWD, "/etc/ld.so.cache", O_RDONLY|O_CLOEXEC) = 5
fstat(5, {st_mode=S_IFREG|0644, st_size=26871, ...}) = 0
mmap(NULL, 26871, PROT_READ, MAP_PRIVATE, 5, 0) = 0x7fd8f337f000
close(5)                                = 0
openat(AT_FDCWD, "/lib/x86_64-linux-gnu/liblzma.so.5", O_RDONLY|O_CLOEXEC) = 5
read(5, "\177ELF\2\1\1\0\0\0\0\0\0\0\0\0\3\0>\0\1\0\0\0\0\0\0\0\0\0\0\0"..., 832) = 832
fstat(5, {st_mode=S_IFREG|0644, st_size=202904, ...}) = 0
mmap(NULL, 200728, PROT_READ, MAP_PRIVATE|MAP_DENYWRITE, 5, 0) = 0x7fd8f332c000
mmap(0x7fd8f332f000, 139264, PROT_READ|PROT_EXEC, MAP_PRIVATE|MAP_FIXED|MAP_DENYWRITE, 5, 0x3000) = 0x7fd8f332f000
mmap(0x7fd8f3351000, 45056, PROT_READ, MAP_PRIVATE|MAP_FIXED|MAP_DENYWRITE, 5, 0x25000) = 0x7fd8f3351000
mmap(0x7fd8f335c000, 8192, PROT_READ|PROT_WRITE, MAP_PRIVATE|MAP_FIXED|MAP_DENYWRITE, 5, 0x30000) = 0x7fd8f335c000
close(5)                                = 0
mprotect(0x7fd8f335c000, 4096, PROT_READ) = 0
mprotect(0x7fd8f3369000, 4096, PROT_READ) = 0
munmap(0x7fd8f337f000, 26871)           = 0
newfstatat(AT_FDCWD, "/workspace/sidechannel/ropfu", {st_mode=S_IFDIR|0755, st_size=4096, ...}, 0) = 0
newfstatat(AT_FDCWD, "/usr/lib/python3.12", {st_mode=S_IFDIR|0755, st_size=4096, ...}, 0) = 0
newfstatat(AT_FDCWD, "/usr/lib/python3.12/random.py", {st_mode=S_IFREG|0644, st_size=34683, ...}, 0) = 0
newfstatat(AT_FDCWD, "/usr/lib/python3.12/random.py", {st_mode=S_IFREG|0644, st_size=34683, ...}, 0) = 0
openat(AT_FDCWD, "/usr/lib/python3.12/__pycache__/random.cpython-312.pyc", O_RDONLY|O_CLOEXEC) = 5
fstat(5, {st_mode=S_IFREG|0644, st_size=33153, ...}) = 0
ioctl(5, TCGETS, 0x7ffc5ece62c0)        = -1 ENOTTY (Inappropriate ioctl for device)
lseek(5, 0, SEEK_CUR)                   = 0
lseek(5, 0, SEEK_CUR)                   = 0
fstat(5, {st_mode=S_IFREG|0644, st_size=33153, ...}) = 0
read(5, "\313\r\r\n\0\0\0\0)!\236h{\207\0\0\343\0\0\0\0\0\0\0\0\0\0\0\0\5\0\0"..., 33154) = 33153
read(5, "", 1)                          = 0
close(5)                                = 0
newfstatat(AT_FDCWD, "/workspace/sidechannel/ropfu", {st_mode=S_IFDIR|0755, st_size=4096, ...}, 0) = 0
newfstatat(AT_FDCWD, "/usr/lib/python3.12", {st_mode=S_IFDIR|0755, st_size=4096, ...}, 0) = 0
newfstatat(AT_FDCWD, "/usr/lib/python3.12/bisect.py", {st_mode=S_IFREG|0644, st_size=3423, ...}, 0) = 0
newfstatat(AT_FDCWD, "/usr/lib/python3.12/bisect.py", {st_mode=S_IFREG|0644, st_size=3423, ...}, 0) = 0
openat(AT_FDCWD, "/usr/lib/python3.12/__pycache__/bisect.cpython-312.pyc", O_RDONLY|O_CLOEXEC) = 5
fstat(5, {st_mode=S_IFREG|0644, st_size=3641, ...}) = 0
ioctl(5, TCGETS, 0x7ffc5ece5c50)        = -1 ENOTTY (Inappropriate ioctl for device)
lseek(5, 0, SEEK_CUR)                   = 0
lseek(5, 0, SEEK_CUR)                   = 0
fstat(5, {st_mode=S_IFREG|0644, st_size=3641, ...}) = 0
read(5, "\313\r\r\n\0\0\0\0)!\236h_\r\0\0\343\0\0\0\0\0\0\0\0\0\0\0\0\4\0\0"..., 3642) = 3641
read(5, "", 1)                          = 0
close(5)                                = 0
getrandom("\x95\x49\xe8\x83\x21\xe1\xc8\x49\xa5\x75\x41\x08\xa3\x7f\xfd\xf3\x28\xae\x12\x93\xf9\x71\x77\x36\xdd\xa7\x6a\xe4\xb3\x70\x3b\xfc"..., 2496, GRND_NONBLOCK) = 2496
newfstatat(AT_FDCWD, "/workspace/sidechannel/ropfu", {st_mode=S_IFDIR|0755, st_size=4096, ...}, 0) = 0
newfstatat(AT_FDCWD, "/usr/lib/python3.12", {st_mode=S_IFDIR|0755, st_size=4096, ...}, 0) = 0
newfstatat(AT_FDCWD, "/usr/lib/python3.12/pprint.py", {st_mode=S_IFREG|0644, st_size=24158, ...}, 0) = 0
newfstatat(AT_FDCWD, "/usr/lib/python3.12/pprint.py", {st_mode=S_IFREG|0644, st_size=24158, ...}, 0) = 0
openat(AT_FDCWD, "/usr/lib/python3.12/__pycache__/pprint.cpython-312.pyc", O_RDONLY|O_CLOEXEC) = 5
fstat(5, {st_mode=S_IFREG|0644, st_size=29474, ...}) = 0
ioctl(5, TCGETS, 0x7ffc5ece6930)        = -1 ENOTTY (Inappropriate ioctl for device)
lseek(5, 0, SEEK_CUR)                   = 0
lseek(5, 0, SEEK_CUR)                   = 0
fstat(5, {st_mode=S_IFREG|0644, st_size=29474, ...}) = 0
read(5, "\313\r\r\n\0\0\0\0)!\236h^^\0\0\343\0\0\0\0\0\0\0\0\0\0\0\0\v\0\0"..., 29475) = 29474
read(5, "", 1)                          = 0
close(5)                                = 0
newfstatat(AT_FDCWD, "/workspace/sidechannel/ropfu", {st_mode=S_IFDIR|0755, st_size=4096, ...}, 0) = 0
newfstatat(AT_FDCWD, "/usr/lib/python3.12", {st_mode=S_IFDIR|0755, st_size=4096, ...}, 0) = 0
newfstatat(AT_FDCWD, "/usr/lib/python3.12/dataclasses.py", {st_mode=S_IFREG|0644, st_size=61753, ...}, 0) = 0
newfstatat(AT_FDCWD, "/usr/lib/python3.12/dataclasses.py", {st_mode=S_IFREG|0644, st_size=61753, ...}, 0) = 0
openat(AT_FDCWD, "/usr/lib/python3.12/__pycache__/dataclasses.cpython-312.pyc", O_RDONLY|O_CLOEXEC) = 5
fstat(5, {st_mode=S_IFREG|0644, st_size=44678, ...}) = 0
ioctl(5, TCGETS, 0x7ffc5ece62c0)        = -1 ENOTTY (Inappropriate ioctl for device)
lseek(5, 0, SEEK_CUR)                   = 0
lseek(5, 0, SEEK_CUR)                   = 0
fstat(5, {st_mode=S_IFREG|0644, st_size=44678, ...}) = 0
read(5, "\313\r\r\n\0\0\0\0)!\236h9\361\0\0\343\0\0\0\0\0\0\0\0\0\0\0\0\21\0\0"..., 44679) = 44678
read(5, "", 1)                          = 0
close(5)                                = 0
newfstatat(AT_FDCWD, "/workspace/sidechannel/ropfu", {st_mode=S_IFDIR|0755, st_size=4096, ...}, 0) = 0
newfstatat(AT_FDCWD, "/usr/lib/python3.12", {st_mode=S_IFDIR|0755, st_size=4096, ...}, 0) = 0
newfstatat(AT_FDCWD, "/usr/lib/python3.12/copy.py", {st_mode=S_IFREG|0644, st_size=8412, ...}, 0) = 0
newfstatat(AT_FDCWD, "/usr/lib/python3.12/copy.py", {st_mode=S_IFREG|0644, st_size=8412, ...}, 0) = 0
openat(AT_FDCWD, "/usr/lib/python3.12/__pycache__/copy.cpython-312.pyc", O_RDONLY|O_CLOEXEC) = 5
fstat(5, {st_mode=S_IFREG|0644, st_size=9800, ...}) = 0
ioctl(5, TCGETS, 0x7ffc5ece5c50)        = -1 ENOTTY (Inappropriate ioctl for device)
lseek(5, 0, SEEK_CUR)                   = 0
lseek(5, 0, SEEK_CUR)                   = 0
fstat(5, {st_mode=S_IFREG|0644, st_size=9800, ...}) = 0
read(5, "\313\r\r\n\0\0\0\0)!\236h\334 \0\0\343\0\0\0\0\0\0\0\0\0\0\0\0\23\0\0"..., 9801) = 9800
read(5, "", 1)                          = 0
close(5)                                = 0
newfstatat(AT_FDCWD, "/workspace/sidechannel/ropfu", {st_mode=S_IFDIR|0755, st_size=4096, ...}, 0) = 0
newfstatat(AT_FDCWD, "/usr/lib/python3.12", {st_mode=S_IFDIR|0755, st_size=4096, ...}, 0) = 0
newfstatat(AT_FDCWD, "/usr/lib/python3.12/inspect.py", {st_mode=S_IFREG|0644, st_size=125420, ...}, 0) = 0
newfstatat(AT_FDCWD, "/usr/lib/python3.12/inspect.py", {st_mode=S_IFREG|0644, st_size=125420, ...}, 0) = 0
openat(AT_FDCWD, "/usr/lib/python3.12/__pycache__/inspect.cpython-312.pyc", O_RDONLY|O_CLOEXEC) = 5
fstat(5, {st_mode=S_IFREG|0644, st_size=133446, ...}) = 0
ioctl(5, TCGETS, 0x7ffc5ece5c50)        = -1 ENOTTY (Inappropriate ioctl for device)
lseek(5, 0, SEEK_CUR)                   = 0
lseek(5, 0, SEEK_CUR)                   = 0
fstat(5, {st_mode=S_IFREG|0644, st_size=133446, ...}) = 0
mmap(NULL, 135168, PROT_READ|PROT_WRITE, MAP_PRIVATE|MAP_ANONYMOUS, -1, 0) = 0x7fd8f330b000
read(5, "\313\r\r\n\0\0\0\0)!\236h\354\351\1\0\343\0\0\0\0\0\0\0\0\0\0\0\0\6\0\0"..., 133447) = 133446
read(5, "", 1)                          = 0
close(5)                                = 0
brk(0x1f336000)                         = 0x1f336000
brk(0x1f335000)                         = 0x1f335000
munmap(0x7fd8f330b000, 135168)          = 0
newfstatat(AT_FDCWD, "/workspace/sidechannel/ropfu", {st_mode=S_IFDIR|0755, st_size=4096, ...}, 0) = 0
newfstatat(AT_FDCWD, "/usr/lib/python3.12", {st_mode=S_IFDIR|0755, st_size=4096, ...}, 0) = 0
newfstatat(AT_FDCWD, "/usr/lib/python3.12/ast.py", {st_mode=S_IFREG|0644, st_size=64260, ...}, 0) = 0
newfstatat(AT_FDCWD, "/usr/lib/python3.12/ast.py", {st_mode=S_IFREG|0644, st_size=64260, ...}, 0) = 0
openat(AT_FDCWD, "/usr/lib/python3.12/__pycache__/ast.cpython-312.pyc", O_RDONLY|O_CLOEXEC) = 5
fstat(5, {st_mode=S_IFREG|0644, st_size=100279, ...}) = 0
ioctl(5, TCGETS, 0x7ffc5ece55e0)        = -1 ENOTTY (Inappropriate ioctl for device)
lseek(5, 0, SEEK_CUR)                   = 0
lseek(5, 0, SEEK_CUR)                   = 0
fstat(5, {st_mode=S_IFREG|0644, st_size=100279, ...}) = 0
brk(0x1f359000)                         = 0x1f359000
read(5, "\313\r\r\n\0\0\0\0)!\236h\4\373\0\0\343\0\0\0\0\0\0\0\0\0\0\0\0\21\0\0"..., 100280) = 100279
read(5, "", 1)                          = 0
close(5)                                = 0
mmap(NULL, 1048576, PROT_READ|PROT_WRITE, MAP_PRIVATE|MAP_ANONYMOUS, -1, 0) = 0x7fd8f322c000
newfstatat(AT_FDCWD, "/workspace/sidechannel/ropfu", {st_mode=S_IFDIR|0755, st_size=4096, ...}, 0) = 0
newfstatat(AT_FDCWD, "/usr/lib/python3.12", {st_mode=S_IFDIR|0755, st_size=4096, ...}, 0) = 0
newfstatat(AT_FDCWD, "/usr/lib/python3.12/dis.py", {st_mode=S_IFREG|0644, st_size=30209, ...}, 0) = 0
newfstatat(AT_FDCWD, "/usr/lib/python3.12/dis.py", {st_mode=S_IFREG|0644, st_size=30209, ...}, 0) = 0
openat(AT_FDCWD, "/usr/lib/python3.12/__pycache__/dis.cpython-312.pyc", O_RDONLY|O_CLOEXEC) = 5
fstat(5, {st_mode=S_IFREG|0644, st_size=34560, ...}) = 0
ioctl(5, TCGETS, 0x7ffc5ece55e0)        = -1 ENOTTY (Inappropriate ioctl for device)
lseek(5, 0, SEEK_CUR)                   = 0
lseek(5, 0, SEEK_CUR)                   = 0
fstat(5, {st_mode=S_IFREG|0644, st_size=34560, ...}) = 0
read(5, "\313\r\r\n\0\0\0\0)!\236h\1v\0\0\343\0\0\0\0\0\0\0\0\0\0\0\0\v\0\0"..., 34561) = 34560
read(5, "", 1)                          = 0
close(5)                                = 0
brk(0x1f37a000)                         = 0x1f37a000
newfstatat(AT_FDCWD, "/workspace/sidechannel/ropfu", {st_mode=S_IFDIR|0755, st_size=4096, ...}, 0) = 0
newfstatat(AT_FDCWD, "/usr/lib/python3.12", {st_mode=S_IFDIR|0755, st_size=4096, ...}, 0) = 0
newfstatat(AT_FDCWD, "/usr/lib/python3.12/opcode.py", {st_mode=S_IFREG|0644, st_size=13174, ...}, 0) = 0
newfstatat(AT_FDCWD, "/usr/lib/python3.12/opcode.py", {st_mode=S_IFREG|0644, st_size=13174, ...}, 0) = 0
openat(AT_FDCWD, "/usr/lib/python3.12/__pycache__/opcode.cpython-312.pyc", O_RDONLY|O_CLOEXEC) = 5
fstat(5, {st_mode=S_IFREG|0644, st_size=14716, ...}) = 0
ioctl(5, TCGETS, 0x7ffc5ece4f70)        = -1 ENOTTY (Inappropriate ioctl for device)
lseek(5, 0, SEEK_CUR)                   = 0
lseek(5, 0, SEEK_CUR)                   = 0
fstat(5, {st_mode=S_IFREG|0644, st_size=14716, ...}) = 0
read(5, "\313\r\r\n\0\0\0\0)!\236hv3\0\0\343\0\0\0\0\0\0\0\0\0\0\0\0\20\0\0"..., 14717) = 14716
read(5, "", 1)                          = 0
close(5)                                = 0
newfstatat(AT_FDCWD, "/workspace/sidechannel/ropfu", {st_mode=S_IFDIR|0755, st_size=4096, ...}, 0) = 0
newfstatat(AT_FDCWD, "/usr/lib/python3.12", {st_mode=S_IFDIR|0755, st_size=4096, ...}, 0) = 0
newfstatat(AT_FDCWD, "/usr/lib/python3.12/importlib/__init__.cpython-312-x86_64-linux-gnu.so", 0x7ffc5ece54d0, 0) = -1 ENOENT (No such file or directory)
newfstatat(AT_FDCWD, "/usr/lib/python3.12/importlib/__init__.abi3.so", 0x7ffc5ece54d0, 0) = -1 ENOENT (No such file or directory)
newfstatat(AT_FDCWD, "/usr/lib/python3.12/importlib/__init__.so", 0x7ffc5ece54d0, 0) = -1 ENOENT (No such file or directory)
newfstatat(AT_FDCWD, "/usr/lib/python3.12/importlib/__init__.py", {st_mode=S_IFREG|0644, st_size=4774, ...}, 0) = 0
newfstatat(AT_FDCWD, "/usr/lib/python3.12/importlib/__init__.py", {st_mode=S_IFREG|0644, st_size=4774, ...}, 0) = 0
openat(AT_FDCWD, "/usr/lib/python3.12/importlib/__pycache__/__init__.cpython-312.pyc", O_RDONLY|O_CLOEXEC) = 5
fstat(5, {st_mode=S_IFREG|0644, st_size=4565, ...}) = 0
ioctl(5, TCGETS, 0x7ffc5ece5170)        = -1 ENOTTY (Inappropriate ioctl for device)
lseek(5, 0, SEEK_CUR)                   = 0
lseek(5, 0, SEEK_CUR)                   = 0
fstat(5, {st_mode=S_IFREG|0644, st_size=4565, ...}) = 0
read(5, "\313\r\r\n\0\0\0\0)!\236h\246\22\0\0\343\0\0\0\0\0\0\0\0\0\0\0\0\5\0\0"..., 4566) = 4565
read(5, "", 1)                          = 0
close(5)                                = 0
newfstatat(AT_FDCWD, "/workspace/sidechannel/ropfu", {st_mode=S_IFDIR|0755, st_size=4096, ...}, 0) = 0
newfstatat(AT_FDCWD, "/usr/lib/python3.12", {st_mode=S_IFDIR|0755, st_size=4096, ...}, 0) = 0
newfstatat(AT_FDCWD, "/usr/lib/python3.12/lib-dynload", {st_mode=S_IFDIR|0755, st_size=4096, ...}, 0) = 0
newfstatat(AT_FDCWD, "/home/ubuntu/.local/lib/python3.12/site-packages", {st_mode=S_IFDIR|0755, st_size=4096, ...}, 0) = 0
newfstatat(AT_FDCWD, "/home/ubuntu/.local/lib/python3.12/site-packages/pwnlib/__init__.cpython-312-x86_64-linux-gnu.so", 0x7ffc5ece6c90, 0) = -1 ENOENT (No such file or directory)
newfstatat(AT_FDCWD, "/home/ubuntu/.local/lib/python3.12/site-packages/pwnlib/__init__.abi3.so", 0x7ffc5ece6c90, 0) = -1 ENOENT (No such file or directory)
newfstatat(AT_FDCWD, "/home/ubuntu/.local/lib/python3.12/site-packages/pwnlib/__init__.so", 0x7ffc5ece6c90, 0) = -1 ENOENT (No such file or directory)
newfstatat(AT_FDCWD, "/home/ubuntu/.local/lib/python3.12/site-packages/pwnlib/__init__.py", {st_mode=S_IFREG|0644, st_size=584, ...}, 0) = 0
newfstatat(AT_FDCWD, "/home/ubuntu/.local/lib/python3.12/site-packages/pwnlib/__init__.py", {st_mode=S_IFREG|0644, st_size=584, ...}, 0) = 0
openat(AT_FDCWD, "/home/ubuntu/.local/lib/python3.12/site-packages/pwnlib/__pycache__/__init__.cpython-312.pyc", O_RDONLY|O_CLOEXEC) = 5
fstat(5, {st_mode=S_IFREG|0644, st_size=590, ...}) = 0
ioctl(5, TCGETS, 0x7ffc5ece6930)        = -1 ENOTTY (Inappropriate ioctl for device)
lseek(5, 0, SEEK_CUR)                   = 0
lseek(5, 0, SEEK_CUR)                   = 0
fstat(5, {st_mode=S_IFREG|0644, st_size=590, ...}) = 0
read(5, "\313\r\r\n\0\0\0\0\226\254\33iH\2\0\0\343\0\0\0\0\0\0\0\0\0\0\0\0\2\0\0"..., 591) = 590
read(5, "", 1)                          = 0
close(5)                                = 0
newfstatat(AT_FDCWD, "/home/ubuntu/.local/lib/python3.12/site-packages/pwnlib", {st_mode=S_IFDIR|0755, st_size=4096, ...}, 0) = 0
newfstatat(AT_FDCWD, "/home/ubuntu/.local/lib/python3.12/site-packages/pwnlib", {st_mode=S_IFDIR|0755, st_size=4096, ...}, 0) = 0
newfstatat(AT_FDCWD, "/home/ubuntu/.local/lib/python3.12/site-packages/pwnlib", {st_mode=S_IFDIR|0755, st_size=4096, ...}, 0) = 0
openat(AT_FDCWD, "/home/ubuntu/.local/lib/python3.12/site-packages/pwnlib", O_RDONLY|O_NONBLOCK|O_CLOEXEC|O_DIRECTORY) = 5
fstat(5, {st_mode=S_IFDIR|0755, st_size=4096, ...}) = 0
getdents64(5, 0x1f367be0 /* 51 entries */, 32768) = 1616
getdents64(5, 0x1f367be0 /* 0 entries */, 32768) = 0
close(5)                                = 0
newfstatat(AT_FDCWD, "/home/ubuntu/.local/lib/python3.12/site-packages/pwnlib/version.py", {st_mode=S_IFREG|0644, st_size=23, ...}, 0) = 0
newfstatat(AT_FDCWD, "/home/ubuntu/.local/lib/python3.12/site-packages/pwnlib/version.py", {st_mode=S_IFREG|0644, st_size=23, ...}, 0) = 0
openat(AT_FDCWD, "/home/ubuntu/.local/lib/python3.12/site-packages/pwnlib/__pycache__/version.cpython-312.pyc", O_RDONLY|O_CLOEXEC) = 5
fstat(5, {st_mode=S_IFREG|0644, st_size=190, ...}) = 0
ioctl(5, TCGETS, 0x7ffc5ece62c0)        = -1 ENOTTY (Inappropriate ioctl for device)
lseek(5, 0, SEEK_CUR)                   = 0
lseek(5, 0, SEEK_CUR)                   = 0
fstat(5, {st_mode=S_IFREG|0644, st_size=190, ...}) = 0
read(5, "\313\r\r\n\0\0\0\0\226\254\33i\27\0\0\0\343\0\0\0\0\0\0\0\0\0\0\0\0\1\0\0"..., 191) = 190
read(5, "", 1)                          = 0
close(5)                                = 0
newfstatat(AT_FDCWD, "/home/ubuntu/.local/lib/python3.12/site-packages/pwnlib", {st_mode=S_IFDIR|0755, st_size=4096, ...}, 0) = 0
newfstatat(AT_FDCWD, "/home/ubuntu/.local/lib/python3.12/site-packages/pwnlib/args.py", {st_mode=S_IFREG|0644, st_size=5760, ...}, 0) = 0
newfstatat(AT_FDCWD, "/home/ubuntu/.local/lib/python3.12/site-packages/pwnlib/args.py", {st_mode=S_IFREG|0644, st_size=5760, ...}, 0) = 0
openat(AT_FDCWD, "/home/ubuntu/.local/lib/python3.12/site-packages/pwnlib/__pycache__/args.cpython-312.pyc", O_RDONLY|O_CLOEXEC) = 5
fstat(5, {st_mode=S_IFREG|0644, st_size=8411, ...}) = 0
ioctl(5, TCGETS, 0x7ffc5ece5e50)        = -1 ENOTTY (Inappropriate ioctl for device)
lseek(5, 0, SEEK_CUR)                   = 0
lseek(5, 0, SEEK_CUR)                   = 0
fstat(5, {st_mode=S_IFREG|0644, st_size=8411, ...}) = 0
read(5, "\313\r\r\n\0\0\0\0\226\254\33i\200\26\0\0\343\0\0\0\0\0\0\0\0\0\0\0\0\f\0\0"..., 8412) = 8411
read(5, "", 1)                          = 0
close(5)                                = 0
newfstatat(AT_FDCWD, "/home/ubuntu/.local/lib/python3.12/site-packages/pwnlib", {st_mode=S_IFDIR|0755, st_size=4096, ...}, 0) = 0
newfstatat(AT_FDCWD, "/home/ubuntu/.local/lib/python3.12/site-packages/pwnlib/term/__init__.cpython-312-x86_64-linux-gnu.so", 0x7ffc5ece56d0, 0) = -1 ENOENT (No such file or directory)
newfstatat(AT_FDCWD, "/home/ubuntu/.local/lib/python3.12/site-packages/pwnlib/term/__init__.abi3.so", 0x7ffc5ece56d0, 0) = -1 ENOENT (No such file or directory)
newfstatat(AT_FDCWD, "/home/ubuntu/.local/lib/python3.12/site-packages/pwnlib/term/__init__.so", 0x7ffc5ece56d0, 0) = -1 ENOENT (No such file or directory)
newfstatat(AT_FDCWD, "/home/ubuntu/.local/lib/python3.12/site-packages/pwnlib/term/__init__.py", {st_mode=S_IFREG|0644, st_size=2236, ...}, 0) = 0
newfstatat(AT_FDCWD, "/home/ubuntu/.local/lib/python3.12/site-packages/pwnlib/term/__init__.py", {st_mode=S_IFREG|0644, st_size=2236, ...}, 0) = 0
openat(AT_FDCWD, "/home/ubuntu/.local/lib/python3.12/site-packages/pwnlib/term/__pycache__/__init__.cpython-312.pyc", O_RDONLY|O_CLOEXEC) = 5
fstat(5, {st_mode=S_IFREG|0644, st_size=2967, ...}) = 0
ioctl(5, TCGETS, 0x7ffc5ece5370)        = -1 ENOTTY (Inappropriate ioctl for device)
lseek(5, 0, SEEK_CUR)                   = 0
lseek(5, 0, SEEK_CUR)                   = 0
fstat(5, {st_mode=S_IFREG|0644, st_size=2967, ...}) = 0
read(5, "\313\r\r\n\0\0\0\0\226\254\33i\274\10\0\0\343\0\0\0\0\0\0\0\0\0\0\0\0\2\0\0"..., 2968) = 2967
read(5, "", 1)                          = 0
close(5)                                = 0
newfstatat(AT_FDCWD, "/home/ubuntu/.local/lib/python3.12/site-packages/pwnlib/term", {st_mode=S_IFDIR|0755, st_size=4096, ...}, 0) = 0
newfstatat(AT_FDCWD, "/home/ubuntu/.local/lib/python3.12/site-packages/pwnlib/term", {st_mode=S_IFDIR|0755, st_size=4096, ...}, 0) = 0
newfstatat(AT_FDCWD, "/home/ubuntu/.local/lib/python3.12/site-packages/pwnlib/term", {st_mode=S_IFDIR|0755, st_size=4096, ...}, 0) = 0
openat(AT_FDCWD, "/home/ubuntu/.local/lib/python3.12/site-packages/pwnlib/term", O_RDONLY|O_NONBLOCK|O_CLOEXEC|O_DIRECTORY) = 5
fstat(5, {st_mode=S_IFDIR|0755, st_size=4096, ...}) = 0
getdents64(5, 0x1f368a20 /* 15 entries */, 32768) = 480
getdents64(5, 0x1f368a20 /* 0 entries */, 32768) = 0
close(5)                                = 0
newfstatat(AT_FDCWD, "/home/ubuntu/.local/lib/python3.12/site-packages/pwnlib/term/completer.py", {st_mode=S_IFREG|0644, st_size=4630, ...}, 0) = 0
newfstatat(AT_FDCWD, "/home/ubuntu/.local/lib/python3.12/site-packages/pwnlib/term/completer.py", {st_mode=S_IFREG|0644, st_size=4630, ...}, 0) = 0
openat(AT_FDCWD, "/home/ubuntu/.local/lib/python3.12/site-packages/pwnlib/term/__pycache__/completer.cpython-312.pyc", O_RDONLY|O_CLOEXEC) = 5
fstat(5, {st_mode=S_IFREG|0644, st_size=9096, ...}) = 0
ioctl(5, TCGETS, 0x7ffc5ece4890)        = -1 ENOTTY (Inappropriate ioctl for device)
lseek(5, 0, SEEK_CUR)                   = 0
lseek(5, 0, SEEK_CUR)                   = 0
fstat(5, {st_mode=S_IFREG|0644, st_size=9096, ...}) = 0
read(5, "\313\r\r\n\0\0\0\0\226\254\33i\26\22\0\0\343\0\0\0\0\0\0\0\0\0\0\0\0\5\0\0"..., 9097) = 9096
read(5, "", 1)                          = 0
close(5)                                = 0
newfstatat(AT_FDCWD, "/home/ubuntu/.local/lib/python3.12/site-packages/pwnlib/term", {st_mode=S_IFDIR|0755, st_size=4096, ...}, 0) = 0
newfstatat(AT_FDCWD, "/home/ubuntu/.local/lib/python3.12/site-packages/pwnlib/term/readline.py", {st_mode=S_IFREG|0644, st_size=14198, ...}, 0) = 0
newfstatat(AT_FDCWD, "/home/ubuntu/.local/lib/python3.12/site-packages/pwnlib/term/readline.py", {st_mode=S_IFREG|0644, st_size=14198, ...}, 0) = 0
openat(AT_FDCWD, "/home/ubuntu/.local/lib/python3.12/site-packages/pwnlib/term/__pycache__/readline.cpython-312.pyc", O_RDONLY|O_CLOEXEC) = 5
fstat(5, {st_mode=S_IFREG|0644, st_size=18759, ...}) = 0
ioctl(5, TCGETS, 0x7ffc5ece3db0)        = -1 ENOTTY (Inappropriate ioctl for device)
lseek(5, 0, SEEK_CUR)                   = 0
lseek(5, 0, SEEK_CUR)                   = 0
fstat(5, {st_mode=S_IFREG|0644, st_size=18759, ...}) = 0
read(5, "\313\r\r\n\0\0\0\0\226\254\33iv7\0\0\343\0\0\0\0\0\0\0\0\0\0\0\0\f\0\0"..., 18760) = 18759
read(5, "", 1)                          = 0
close(5)                                = 0
newfstatat(AT_FDCWD, "/workspace/sidechannel/ropfu", {st_mode=S_IFDIR|0755, st_size=4096, ...}, 0) = 0
newfstatat(AT_FDCWD, "/usr/lib/python3.12", {st_mode=S_IFDIR|0755, st_size=4096, ...}, 0) = 0
newfstatat(AT_FDCWD, "/usr/lib/python3.12/lib-dynload", {st_mode=S_IFDIR|0755, st_size=4096, ...}, 0) = 0
newfstatat(AT_FDCWD, "/home/ubuntu/.local/lib/python3.12/site-packages", {st_mode=S_IFDIR|0755, st_size=4096, ...}, 0) = 0
newfstatat(AT_FDCWD, "/usr/local/lib/python3.12/dist-packages", {st_mode=S_IFDIR|0755, st_size=4096, ...}, 0) = 0
newfstatat(AT_FDCWD, "/usr/lib/python3/dist-packages", {st_mode=S_IFDIR|0755, st_size=4096, ...}, 0) = 0
newfstatat(AT_FDCWD, "/usr/lib/python3/dist-packages/six.py", {st_mode=S_IFREG|0644, st_size=34549, ...}, 0) = 0
newfstatat(AT_FDCWD, "/usr/lib/python3/dist-packages/six.py", {st_mode=S_IFREG|0644, st_size=34549, ...}, 0) = 0
openat(AT_FDCWD, "/usr/lib/python3/dist-packages/__pycache__/six.cpython-312.pyc", O_RDONLY|O_CLOEXEC) = 5
fstat(5, {st_mode=S_IFREG|0644, st_size=41225, ...}) = 0
ioctl(5, TCGETS, 0x7ffc5ece3740)        = -1 ENOTTY (Inappropriate ioctl for device)
lseek(5, 0, SEEK_CUR)                   = 0
lseek(5, 0, SEEK_CUR)                   = 0
fstat(5, {st_mode=S_IFREG|0644, st_size=41225, ...}) = 0
read(5, "\313\r\r\n\0\0\0\0\26\251\222`\365\206\0\0\343\0\0\0\0\0\0\0\0\0\0\0\0\35\0\0"..., 41226) = 41225
read(5, "", 1)                          = 0
close(5)                                = 0
brk(0x1f39b000)                         = 0x1f39b000
newfstatat(AT_FDCWD, "/usr/lib/python3.12/importlib", {st_mode=S_IFDIR|0755, st_size=4096, ...}, 0) = 0
newfstatat(AT_FDCWD, "/usr/lib/python3.12/importlib", {st_mode=S_IFDIR|0755, st_size=4096, ...}, 0) = 0
newfstatat(AT_FDCWD, "/usr/lib/python3.12/importlib", {st_mode=S_IFDIR|0755, st_size=4096, ...}, 0) = 0
openat(AT_FDCWD, "/usr/lib/python3.12/importlib", O_RDONLY|O_NONBLOCK|O_CLOEXEC|O_DIRECTORY) = 5
fstat(5, {st_mode=S_IFDIR|0755, st_size=4096, ...}) = 0
getdents64(5, 0x1f36c350 /* 14 entries */, 32768) = 456
getdents64(5, 0x1f36c350 /* 0 entries */, 32768) = 0
close(5)                                = 0
newfstatat(AT_FDCWD, "/usr/lib/python3.12/importlib/_abc.py", {st_mode=S_IFREG|0644, st_size=1354, ...}, 0) = 0
newfstatat(AT_FDCWD, "/usr/lib/python3.12/importlib/_abc.py", {st_mode=S_IFREG|0644, st_size=1354, ...}, 0) = 0
openat(AT_FDCWD, "/usr/lib/python3.12/importlib/__pycache__/_abc.cpython-312.pyc", O_RDONLY|O_CLOEXEC) = 5
fstat(5, {st_mode=S_IFREG|0644, st_size=1643, ...}) = 0
ioctl(5, TCGETS, 0x7ffc5ece2aa0)        = -1 ENOTTY (Inappropriate ioctl for device)
lseek(5, 0, SEEK_CUR)                   = 0
lseek(5, 0, SEEK_CUR)                   = 0
fstat(5, {st_mode=S_IFREG|0644, st_size=1643, ...}) = 0
read(5, "\313\r\r\n\0\0\0\0)!\236hJ\5\0\0\343\0\0\0\0\0\0\0\0\0\0\0\0\5\0\0"..., 1644) = 1643
read(5, "", 1)                          = 0
close(5)                                = 0
newfstatat(AT_FDCWD, "/home/ubuntu/.local/lib/python3.12/site-packages/pwnlib/term", {st_mode=S_IFDIR|0755, st_size=4096, ...}, 0) = 0
newfstatat(AT_FDCWD, "/home/ubuntu/.local/lib/python3.12/site-packages/pwnlib/term/keyconsts.py", {st_mode=S_IFREG|0644, st_size=9212, ...}, 0) = 0
newfstatat(AT_FDCWD, "/home/ubuntu/.local/lib/python3.12/site-packages/pwnlib/term/keyconsts.py", {st_mode=S_IFREG|0644, st_size=9212, ...}, 0) = 0
openat(AT_FDCWD, "/home/ubuntu/.local/lib/python3.12/site-packages/pwnlib/term/__pycache__/keyconsts.cpython-312.pyc", O_RDONLY|O_CLOEXEC) = 5
fstat(5, {st_mode=S_IFREG|0644, st_size=6770, ...}) = 0
ioctl(5, TCGETS, 0x7ffc5ece32d0)        = -1 ENOTTY (Inappropriate ioctl for device)
lseek(5, 0, SEEK_CUR)                   = 0
lseek(5, 0, SEEK_CUR)                   = 0
fstat(5, {st_mode=S_IFREG|0644, st_size=6770, ...}) = 0
read(5, "\313\r\r\n\0\0\0\0\226\254\33i\374#\0\0\343\0\0\0\0\0\0\0\0\0\0\0\0\21\0\0"..., 6771) = 6770
read(5, "", 1)                          = 0
close(5)                                = 0
newfstatat(AT_FDCWD, "/home/ubuntu/.local/lib/python3.12/site-packages/pwnlib/term", {st_mode=S_IFDIR|0755, st_size=4096, ...}, 0) = 0
newfstatat(AT_FDCWD, "/home/ubuntu/.local/lib/python3.12/site-packages/pwnlib/term/keymap.py", {st_mode=S_IFREG|0644, st_size=3084, ...}, 0) = 0
newfstatat(AT_FDCWD, "/home/ubuntu/.local/lib/python3.12/site-packages/pwnlib/term/keymap.py", {st_mode=S_IFREG|0644, st_size=3084, ...}, 0) = 0
openat(AT_FDCWD, "/home/ubuntu/.local/lib/python3.12/site-packages/pwnlib/term/__pycache__/keymap.cpython-312.pyc", O_RDONLY|O_CLOEXEC) = 5
fstat(5, {st_mode=S_IFREG|0644, st_size=5194, ...}) = 0
ioctl(5, TCGETS, 0x7ffc5ece32d0)        = -1 ENOTTY (Inappropriate ioctl for device)
lseek(5, 0, SEEK_CUR)                   = 0
lseek(5, 0, SEEK_CUR)                   = 0
fstat(5, {st_mode=S_IFREG|0644, st_size=5194, ...}) = 0
read(5, "\313\r\r\n\0\0\0\0\226\254\33i\f\f\0\0\343\0\0\0\0\0\0\0\0\0\0\0\0\4\0\0"..., 5195) = 5194
read(5, "", 1)                          = 0
close(5)                                = 0
newfstatat(AT_FDCWD, "/home/ubuntu/.local/lib/python3.12/site-packages/pwnlib/term", {st_mode=S_IFDIR|0755, st_size=4096, ...}, 0) = 0
newfstatat(AT_FDCWD, "/home/ubuntu/.local/lib/python3.12/site-packages/pwnlib/term/key.py", {st_mode=S_IFREG|0644, st_size=13603, ...}, 0) = 0
newfstatat(AT_FDCWD, "/home/ubuntu/.local/lib/python3.12/site-packages/pwnlib/term/key.py", {st_mode=S_IFREG|0644, st_size=13603, ...}, 0) = 0
openat(AT_FDCWD, "/home/ubuntu/.local/lib/python3.12/site-packages/pwnlib/term/__pycache__/key.cpython-312.pyc", O_RDONLY|O_CLOEXEC) = 5
fstat(5, {st_mode=S_IFREG|0644, st_size=23160, ...}) = 0
ioctl(5, TCGETS, 0x7ffc5ece27f0)        = -1 ENOTTY (Inappropriate ioctl for device)
lseek(5, 0, SEEK_CUR)                   = 0
lseek(5, 0, SEEK_CUR)                   = 0
fstat(5, {st_mode=S_IFREG|0644, st_size=23160, ...}) = 0
read(5, "\313\r\r\n\0\0\0\0\226\254\33i#5\0\0\343\0\0\0\0\0\0\0\0\0\0\0\0\r\0\0"..., 23161) = 23160
read(5, "", 1)                          = 0
close(5)                                = 0
newfstatat(AT_FDCWD, "/home/ubuntu/.local/lib/python3.12/site-packages/pwnlib/term", {st_mode=S_IFDIR|0755, st_size=4096, ...}, 0) = 0
newfstatat(AT_FDCWD, "/home/ubuntu/.local/lib/python3.12/site-packages/pwnlib/term/termcap.py", {st_mode=S_IFREG|0644, st_size=157, ...}, 0) = 0
newfstatat(AT_FDCWD, "/home/ubuntu/.local/lib/python3.12/site-packages/pwnlib/term/termcap.py", {st_mode=S_IFREG|0644, st_size=157, ...}, 0) = 0
openat(AT_FDCWD, "/home/ubuntu/.local/lib/python3.12/site-packages/pwnlib/term/__pycache__/termcap.cpython-312.pyc", O_RDONLY|O_CLOEXEC) = 5
fstat(5, {st_mode=S_IFREG|0644, st_size=371, ...}) = 0
ioctl(5, TCGETS, 0x7ffc5ece1d10)        = -1 ENOTTY (Inappropriate ioctl for device)
lseek(5, 0, SEEK_CUR)                   = 0
lseek(5, 0, SEEK_CUR)                   = 0
fstat(5, {st_mode=S_IFREG|0644, st_size=371, ...}) = 0
read(5, "\313\r\r\n\0\0\0\0\226\254\33i\235\0\0\0\343\0\0\0\0\0\0\0\0\0\0\0\0\2\0\0"..., 372) = 371
read(5, "", 1)                          = 0
close(5)                                = 0
newfstatat(AT_FDCWD, "/home/ubuntu/.local/lib/python3.12/site-packages/pwnlib/term", {st_mode=S_IFDIR|0755, st_size=4096, ...}, 0) = 0
newfstatat(AT_FDCWD, "/home/ubuntu/.local/lib/python3.12/site-packages/pwnlib/term/unix_termcap.py", {st_mode=S_IFREG|0644, st_size=1938, ...}, 0) = 0
newfstatat(AT_FDCWD, "/home/ubuntu/.local/lib/python3.12/site-packages/pwnlib/term/unix_termcap.py", {st_mode=S_IFREG|0644, st_size=1938, ...}, 0) = 0
openat(AT_FDCWD, "/home/ubuntu/.local/lib/python3.12/site-packages/pwnlib/term/__pycache__/unix_termcap.cpython-312.pyc", O_RDONLY|O_CLOEXEC) = 5
fstat(5, {st_mode=S_IFREG|0644, st_size=2716, ...}) = 0
ioctl(5, TCGETS, 0x7ffc5ece16a0)        = -1 ENOTTY (Inappropriate ioctl for device)
lseek(5, 0, SEEK_CUR)                   = 0
lseek(5, 0, SEEK_CUR)                   = 0
fstat(5, {st_mode=S_IFREG|0644, st_size=2716, ...}) = 0
read(5, "\313\r\r\n\0\0\0\0\226\254\33i\222\7\0\0\343\0\0\0\0\0\0\0\0\0\0\0\0\2\0\0"..., 2717) = 2716
read(5, "", 1)                          = 0
close(5)                                = 0
newfstatat(AT_FDCWD, "/workspace/sidechannel/ropfu", {st_mode=S_IFDIR|0755, st_size=4096, ...}, 0) = 0
newfstatat(AT_FDCWD, "/usr/lib/python3.12", {st_mode=S_IFDIR|0755, st_size=4096, ...}, 0) = 0
newfstatat(AT_FDCWD, "/usr/lib/python3.12/curses/__init__.cpython-312-x86_64-linux-gnu.so", 0x7ffc5ece1390, 0) = -1 ENOENT (No such file or directory)
newfstatat(AT_FDCWD, "/usr/lib/python3.12/curses/__init__.abi3.so", 0x7ffc5ece1390, 0) = -1 ENOENT (No such file or directory)
newfstatat(AT_FDCWD, "/usr/lib/python3.12/curses/__init__.so", 0x7ffc5ece1390, 0) = -1 ENOENT (No such file or directory)
newfstatat(AT_FDCWD, "/usr/lib/python3.12/curses/__init__.py", {st_mode=S_IFREG|0644, st_size=3369, ...}, 0) = 0
newfstatat(AT_FDCWD, "/usr/lib/python3.12/curses/__init__.py", {st_mode=S_IFREG|0644, st_size=3369, ...}, 0) = 0
openat(AT_FDCWD, "/usr/lib/python3.12/curses/__pycache__/__init__.cpython-312.pyc", O_RDONLY|O_CLOEXEC) = 5
fstat(5, {st_mode=S_IFREG|0644, st_size=2801, ...}) = 0
ioctl(5, TCGETS, 0x7ffc5ece1030)        = -1 ENOTTY (Inappropriate ioctl for device)
lseek(5, 0, SEEK_CUR)                   = 0
lseek(5, 0, SEEK_CUR)                   = 0
fstat(5, {st_mode=S_IFREG|0644, st_size=2801, ...}) = 0
read(5, "\313\r\r\n\0\0\0\0)!\236h)\r\0\0\343\0\0\0\0\0\0\0\0\0\0\0\0\4\0\0"..., 2802) = 2801
read(5, "", 1)                          = 0
close(5)                                = 0
newfstatat(AT_FDCWD, "/workspace/sidechannel/ropfu", {st_mode=S_IFDIR|0755, st_size=4096, ...}, 0) = 0
newfstatat(AT_FDCWD, "/usr/lib/python3.12", {st_mode=S_IFDIR|0755, st_size=4096, ...}, 0) = 0
newfstatat(AT_FDCWD, "/usr/lib/python3.12/lib-dynload", {st_mode=S_IFDIR|0755, st_size=4096, ...}, 0) = 0
newfstatat(AT_FDCWD, "/usr/lib/python3.12/lib-dynload/_curses.cpython-312-x86_64-linux-gnu.so", {st_mode=S_IFREG|0644, st_size=128584, ...}, 0) = 0
openat(AT_FDCWD, "/usr/lib/python3.12/lib-dynload/_curses.cpython-312-x86_64-linux-gnu.so", O_RDONLY|O_CLOEXEC) = 5
read(5, "\177ELF\2\1\1\0\0\0\0\0\0\0\0\0\3\0>\0\1\0\0\0\0\0\0\0\0\0\0\0"..., 832) = 832
fstat(5, {st_mode=S_IFREG|0644, st_size=128584, ...}) = 0
mmap(NULL, 130544, PROT_READ, MAP_PRIVATE|MAP_DENYWRITE, 5, 0) = 0x7fd8f320c000
mmap(0x7fd8f3213000, 45056, PROT_READ|PROT_EXEC, MAP_PRIVATE|MAP_FIXED|MAP_DENYWRITE, 5, 0x7000) = 0x7fd8f3213000
mmap(0x7fd8f321e000, 45056, PROT_READ, MAP_PRIVATE|MAP_FIXED|MAP_DENYWRITE, 5, 0x12000) = 0x7fd8f321e000
mmap(0x7fd8f3229000, 12288, PROT_READ|PROT_WRITE, MAP_PRIVATE|MAP_FIXED|MAP_DENYWRITE, 5, 0x1c000) = 0x7fd8f3229000
close(5)                                = 0
openat(AT_FDCWD, "/etc/ld.so.cache", O_RDONLY|O_CLOEXEC) = 5
fstat(5, {st_mode=S_IFREG|0644, st_size=26871, ...}) = 0
mmap(NULL, 26871, PROT_READ, MAP_PRIVATE, 5, 0) = 0x7fd8f337f000
close(5)                                = 0
openat(AT_FDCWD, "/lib/x86_64-linux-gnu/libncursesw.so.6", O_RDONLY|O_CLOEXEC) = 5
read(5, "\177ELF\2\1\1\0\0\0\0\0\0\0\0\0\3\0>\0\1\0\0\0\0\0\0\0\0\0\0\0"..., 832) = 832
fstat(5, {st_mode=S_IFREG|0644, st_size=239848, ...}) = 0
mmap(NULL, 242112, PROT_READ, MAP_PRIVATE|MAP_DENYWRITE, 5, 0) = 0x7fd8f31d0000
mmap(0x7fd8f31d9000, 172032, PROT_READ|PROT_EXEC, MAP_PRIVATE|MAP_FIXED|MAP_DENYWRITE, 5, 0x9000) = 0x7fd8f31d9000
mmap(0x7fd8f3203000, 28672, PROT_READ, MAP_PRIVATE|MAP_FIXED|MAP_DENYWRITE, 5, 0x33000) = 0x7fd8f3203000
mmap(0x7fd8f320a000, 8192, PROT_READ|PROT_WRITE, MAP_PRIVATE|MAP_FIXED|MAP_DENYWRITE, 5, 0x39000) = 0x7fd8f320a000
close(5)                                = 0
openat(AT_FDCWD, "/lib/x86_64-linux-gnu/libtinfo.so.6", O_RDONLY|O_CLOEXEC) = 5
read(5, "\177ELF\2\1\1\0\0\0\0\0\0\0\0\0\3\0>\0\1\0\0\0\0\0\0\0\0\0\0\0"..., 832) = 832
fstat(5, {st_mode=S_IFREG|0644, st_size=208328, ...}) = 0
mmap(NULL, 211240, PROT_READ, MAP_PRIVATE|MAP_DENYWRITE, 5, 0) = 0x7fd8f319c000
mmap(0x7fd8f31aa000, 77824, PROT_READ|PROT_EXEC, MAP_PRIVATE|MAP_FIXED|MAP_DENYWRITE, 5, 0xe000) = 0x7fd8f31aa000
mmap(0x7fd8f31bd000, 57344, PROT_READ, MAP_PRIVATE|MAP_FIXED|MAP_DENYWRITE, 5, 0x21000) = 0x7fd8f31bd000
mmap(0x7fd8f31cb000, 20480, PROT_READ|PROT_WRITE, MAP_PRIVATE|MAP_FIXED|MAP_DENYWRITE, 5, 0x2e000) = 0x7fd8f31cb000
close(5)                                = 0
mprotect(0x7fd8f31cb000, 16384, PROT_READ) = 0
mprotect(0x7fd8f320a000, 4096, PROT_READ) = 0
mprotect(0x7fd8f3229000, 4096, PROT_READ) = 0
munmap(0x7fd8f337f000, 26871)           = 0
newfstatat(AT_FDCWD, "/home/ubuntu/.local/lib/python3.12/site-packages/pwnlib/term", {st_mode=S_IFDIR|0755, st_size=4096, ...}, 0) = 0
newfstatat(AT_FDCWD, "/home/ubuntu/.local/lib/python3.12/site-packages/pwnlib/term/term.py", {st_mode=S_IFREG|0644, st_size=11408, ...}, 0) = 0
newfstatat(AT_FDCWD, "/home/ubuntu/.local/lib/python3.12/site-packages/pwnlib/term/term.py", {st_mode=S_IFREG|0644, st_size=11408, ...}, 0) = 0
openat(AT_FDCWD, "/home/ubuntu/.local/lib/python3.12/site-packages/pwnlib/term/__pycache__/term.cpython-312.pyc", O_RDONLY|O_CLOEXEC) = 5
fstat(5, {st_mode=S_IFREG|0644, st_size=18715, ...}) = 0
ioctl(5, TCGETS, 0x7ffc5ece1d10)        = -1 ENOTTY (Inappropriate ioctl for device)
lseek(5, 0, SEEK_CUR)                   = 0
lseek(5, 0, SEEK_CUR)                   = 0
fstat(5, {st_mode=S_IFREG|0644, st_size=18715, ...}) = 0
read(5, "\313\r\r\n\0\0\0\0\226\254\33i\220,\0\0\343\0\0\0\0\0\0\0\0\0\0\0\0\7\0\0"..., 18716) = 18715
read(5, "", 1)                          = 0
close(5)                                = 0
newfstatat(AT_FDCWD, "/workspace/sidechannel/ropfu", {st_mode=S_IFDIR|0755, st_size=4096, ...}, 0) = 0
newfstatat(AT_FDCWD, "/usr/lib/python3.12", {st_mode=S_IFDIR|0755, st_size=4096, ...}, 0) = 0
newfstatat(AT_FDCWD, "/usr/lib/python3.12/lib-dynload", {st_mode=S_IFDIR|0755, st_size=4096, ...}, 0) = 0
newfstatat(AT_FDCWD, "/usr/lib/python3.12/lib-dynload/termios.cpython-312-x86_64-linux-gnu.so", {st_mode=S_IFREG|0644, st_size=35520, ...}, 0) = 0
openat(AT_FDCWD, "/usr/lib/python3.12/lib-dynload/termios.cpython-312-x86_64-linux-gnu.so", O_RDONLY|O_CLOEXEC) = 5
read(5, "\177ELF\2\1\1\0\0\0\0\0\0\0\0\0\3\0>\0\1\0\0\0\0\0\0\0\0\0\0\0"..., 832) = 832
fstat(5, {st_mode=S_IFREG|0644, st_size=35520, ...}) = 0
mmap(NULL, 37520, PROT_READ, MAP_PRIVATE|MAP_DENYWRITE, 5, 0) = 0x7fd8f3192000
mmap(0x7fd8f3195000, 8192, PROT_READ|PROT_EXEC, MAP_PRIVATE|MAP_FIXED|MAP_DENYWRITE, 5, 0x3000) = 0x7fd8f3195000
mmap(0x7fd8f3197000, 8192, PROT_READ, MAP_PRIVATE|MAP_FIXED|MAP_DENYWRITE, 5, 0x5000) = 0x7fd8f3197000
mmap(0x7fd8f3199000, 12288, PROT_READ|PROT_WRITE, MAP_PRIVATE|MAP_FIXED|MAP_DENYWRITE, 5, 0x6000) = 0x7fd8f3199000
close(5)                                = 0
mprotect(0x7fd8f3199000, 4096, PROT_READ) = 0
newfstatat(AT_FDCWD, "/home/ubuntu/.local/lib/python3.12/site-packages/pwnlib", {st_mode=S_IFDIR|0755, st_size=4096, ...}, 0) = 0
newfstatat(AT_FDCWD, "/home/ubuntu/.local/lib/python3.12/site-packages/pwnlib/context/__init__.cpython-312-x86_64-linux-gnu.so", 0x7ffc5ece1a00, 0) = -1 ENOENT (No such file or directory)
newfstatat(AT_FDCWD, "/home/ubuntu/.local/lib/python3.12/site-packages/pwnlib/context/__init__.abi3.so", 0x7ffc5ece1a00, 0) = -1 ENOENT (No such file or directory)
newfstatat(AT_FDCWD, "/home/ubuntu/.local/lib/python3.12/site-packages/pwnlib/context/__init__.so", 0x7ffc5ece1a00, 0) = -1 ENOENT (No such file or directory)
newfstatat(AT_FDCWD, "/home/ubuntu/.local/lib/python3.12/site-packages/pwnlib/context/__init__.py", {st_mode=S_IFREG|0644, st_size=54105, ...}, 0) = 0
newfstatat(AT_FDCWD, "/home/ubuntu/.local/lib/python3.12/site-packages/pwnlib/context/__init__.py", {st_mode=S_IFREG|0644, st_size=54105, ...}, 0) = 0
openat(AT_FDCWD, "/home/ubuntu/.local/lib/python3.12/site-packages/pwnlib/context/__pycache__/__init__.cpython-312.pyc", O_RDONLY|O_CLOEXEC) = 5
fstat(5, {st_mode=S_IFREG|0644, st_size=67287, ...}) = 0
ioctl(5, TCGETS, 0x7ffc5ece16a0)        = -1 ENOTTY (Inappropriate ioctl for device)
lseek(5, 0, SEEK_CUR)                   = 0
lseek(5, 0, SEEK_CUR)                   = 0
fstat(5, {st_mode=S_IFREG|0644, st_size=67287, ...}) = 0
read(5, "\313\r\r\n\0\0\0\0\226\254\33iY\323\0\0\343\0\0\0\0\0\0\0\0\0\0\0\0\6\0\0"..., 67288) = 67287
read(5, "", 1)                          = 0
close(5)                                = 0
brk(0x1f3bc000)                         = 0x1f3bc000
newfstatat(AT_FDCWD, "/home/ubuntu/.local/lib/python3.12/site-packages/pwnlib", {st_mode=S_IFDIR|0755, st_size=4096, ...}, 0) = 0
newfstatat(AT_FDCWD, "/home/ubuntu/.local/lib/python3.12/site-packages/pwnlib/config.py", {st_mode=S_IFREG|0644, st_size=2127, ...}, 0) = 0
newfstatat(AT_FDCWD, "/home/ubuntu/.local/lib/python3.12/site-packages/pwnlib/config.py", {st_mode=S_IFREG|0644, st_size=2127, ...}, 0) = 0
openat(AT_FDCWD, "/home/ubuntu/.local/lib/python3.12/site-packages/pwnlib/__pycache__/config.cpython-312.pyc", O_RDONLY|O_CLOEXEC) = 5
fstat(5, {st_mode=S_IFREG|0644, st_size=2870, ...}) = 0
ioctl(5, TCGETS, 0x7ffc5ece1030)        = -1 ENOTTY (Inappropriate ioctl for device)
lseek(5, 0, SEEK_CUR)                   = 0
lseek(5, 0, SEEK_CUR)                   = 0
fstat(5, {st_mode=S_IFREG|0644, st_size=2870, ...}) = 0
read(5, "\313\r\r\n\0\0\0\0\226\254\33iO\10\0\0\343\0\0\0\0\0\0\0\0\0\0\0\0\2\0\0"..., 2871) = 2870
read(5, "", 1)                          = 0
close(5)                                = 0
newfstatat(AT_FDCWD, "/workspace/sidechannel/ropfu", {st_mode=S_IFDIR|0755, st_size=4096, ...}, 0) = 0
newfstatat(AT_FDCWD, "/usr/lib/python3.12", {st_mode=S_IFDIR|0755, st_size=4096, ...}, 0) = 0
newfstatat(AT_FDCWD, "/usr/lib/python3.12/configparser.py", {st_mode=S_IFREG|0644, st_size=53789, ...}, 0) = 0
newfstatat(AT_FDCWD, "/usr/lib/python3.12/configparser.py", {st_mode=S_IFREG|0644, st_size=53789, ...}, 0) = 0
openat(AT_FDCWD, "/usr/lib/python3.12/__pycache__/configparser.cpython-312.pyc", O_RDONLY|O_CLOEXEC) = 5
fstat(5, {st_mode=S_IFREG|0644, st_size=63582, ...}) = 0
ioctl(5, TCGETS, 0x7ffc5ece0280)        = -1 ENOTTY (Inappropriate ioctl for device)
lseek(5, 0, SEEK_CUR)                   = 0
lseek(5, 0, SEEK_CUR)                   = 0
fstat(5, {st_mode=S_IFREG|0644, st_size=63582, ...}) = 0
read(5, "\313\r\r\n\0\0\0\0)!\236h\35\322\0\0\343\0\0\0\0\0\0\0\0\0\0\0\0\5\0\0"..., 63583) = 63582
read(5, "", 1)                          = 0
close(5)                                = 0
mmap(NULL, 16384, PROT_READ|PROT_WRITE, MAP_PRIVATE|MAP_ANONYMOUS, -1, 0) = 0x7fd8f3382000
munmap(0x7fd8f3382000, 16384)           = 0
mmap(NULL, 16384, PROT_READ|PROT_WRITE, MAP_PRIVATE|MAP_ANONYMOUS, -1, 0) = 0x7fd8f3382000
munmap(0x7fd8f3382000, 16384)           = 0
mmap(NULL, 16384, PROT_READ|PROT_WRITE, MAP_PRIVATE|MAP_ANONYMOUS, -1, 0) = 0x7fd8f3382000
munmap(0x7fd8f3382000, 16384)           = 0
mmap(NULL, 16384, PROT_READ|PROT_WRITE, MAP_PRIVATE|MAP_ANONYMOUS, -1, 0) = 0x7fd8f3382000
munmap(0x7fd8f3382000, 16384)           = 0
mmap(NULL, 16384, PROT_READ|PROT_WRITE, MAP_PRIVATE|MAP_ANONYMOUS, -1, 0) = 0x7fd8f3382000
munmap(0x7fd8f3382000, 16384)           = 0
mmap(NULL, 16384, PROT_READ|PROT_WRITE, MAP_PRIVATE|MAP_ANONYMOUS, -1, 0) = 0x7fd8f3382000
munmap(0x7fd8f3382000, 16384)           = 0
mmap(NULL, 16384, PROT_READ|PROT_WRITE, MAP_PRIVATE|MAP_ANONYMOUS, -1, 0) = 0x7fd8f3382000
munmap(0x7fd8f3382000, 16384)           = 0
mmap(NULL, 16384, PROT_READ|PROT_WRITE, MAP_PRIVATE|MAP_ANONYMOUS, -1, 0) = 0x7fd8f3382000
munmap(0x7fd8f3382000, 16384)           = 0
mmap(NULL, 16384, PROT_READ|PROT_WRITE, MAP_PRIVATE|MAP_ANONYMOUS, -1, 0) = 0x7fd8f3382000
munmap(0x7fd8f3382000, 16384)           = 0
mmap(NULL, 16384, PROT_READ|PROT_WRITE, MAP_PRIVATE|MAP_ANONYMOUS, -1, 0) = 0x7fd8f3382000
munmap(0x7fd8f3382000, 16384)           = 0
mmap(NULL, 16384, PROT_READ|PROT_WRITE, MAP_PRIVATE|MAP_ANONYMOUS, -1, 0) = 0x7fd8f3382000
munmap(0x7fd8f3382000, 16384)           = 0
mmap(NULL, 16384, PROT_READ|PROT_WRITE, MAP_PRIVATE|MAP_ANONYMOUS, -1, 0) = 0x7fd8f3382000
munmap(0x7fd8f3382000, 16384)           = 0
mmap(NULL, 16384, PROT_READ|PROT_WRITE, MAP_PRIVATE|MAP_ANONYMOUS, -1, 0) = 0x7fd8f3382000
munmap(0x7fd8f3382000, 16384)           = 0
mmap(NULL, 16384, PROT_READ|PROT_WRITE, MAP_PRIVATE|MAP_ANONYMOUS, -1, 0) = 0x7fd8f3382000
munmap(0x7fd8f3382000, 16384)           = 0
mmap(NULL, 16384, PROT_READ|PROT_WRITE, MAP_PRIVATE|MAP_ANONYMOUS, -1, 0) = 0x7fd8f3382000
munmap(0x7fd8f3382000, 16384)           = 0
mmap(NULL, 16384, PROT_READ|PROT_WRITE, MAP_PRIVATE|MAP_ANONYMOUS, -1, 0) = 0x7fd8f3382000
munmap(0x7fd8f3382000, 16384)           = 0
mmap(NULL, 16384, PROT_READ|PROT_WRITE, MAP_PRIVATE|MAP_ANONYMOUS, -1, 0) = 0x7fd8f3382000
munmap(0x7fd8f3382000, 16384)           = 0
mmap(NULL, 16384, PROT_READ|PROT_WRITE, MAP_PRIVATE|MAP_ANONYMOUS, -1, 0) = 0x7fd8f3382000
munmap(0x7fd8f3382000, 16384)           = 0
mmap(NULL, 16384, PROT_READ|PROT_WRITE, MAP_PRIVATE|MAP_ANONYMOUS, -1, 0) = 0x7fd8f3382000
munmap(0x7fd8f3382000, 16384)           = 0
mmap(NULL, 16384, PROT_READ|PROT_WRITE, MAP_PRIVATE|MAP_ANONYMOUS, -1, 0) = 0x7fd8f3382000
munmap(0x7fd8f3382000, 16384)           = 0
mmap(NULL, 16384, PROT_READ|PROT_WRITE, MAP_PRIVATE|MAP_ANONYMOUS, -1, 0) = 0x7fd8f3382000
munmap(0x7fd8f3382000, 16384)           = 0
mmap(NULL, 16384, PROT_READ|PROT_WRITE, MAP_PRIVATE|MAP_ANONYMOUS, -1, 0) = 0x7fd8f3382000
munmap(0x7fd8f3382000, 16384)           = 0
mmap(NULL, 16384, PROT_READ|PROT_WRITE, MAP_PRIVATE|MAP_ANONYMOUS, -1, 0) = 0x7fd8f3382000
munmap(0x7fd8f3382000, 16384)           = 0
mmap(NULL, 16384, PROT_READ|PROT_WRITE, MAP_PRIVATE|MAP_ANONYMOUS, -1, 0) = 0x7fd8f3382000
munmap(0x7fd8f3382000, 16384)           = 0
mmap(NULL, 16384, PROT_READ|PROT_WRITE, MAP_PRIVATE|MAP_ANONYMOUS, -1, 0) = 0x7fd8f3382000
munmap(0x7fd8f3382000, 16384)           = 0
mmap(NULL, 16384, PROT_READ|PROT_WRITE, MAP_PRIVATE|MAP_ANONYMOUS, -1, 0) = 0x7fd8f3382000
munmap(0x7fd8f3382000, 16384)           = 0
mmap(NULL, 16384, PROT_READ|PROT_WRITE, MAP_PRIVATE|MAP_ANONYMOUS, -1, 0) = 0x7fd8f3382000
munmap(0x7fd8f3382000, 16384)           = 0
mmap(NULL, 16384, PROT_READ|PROT_WRITE, MAP_PRIVATE|MAP_ANONYMOUS, -1, 0) = 0x7fd8f3382000
munmap(0x7fd8f3382000, 16384)           = 0
mmap(NULL, 16384, PROT_READ|PROT_WRITE, MAP_PRIVATE|MAP_ANONYMOUS, -1, 0) = 0x7fd8f3382000
munmap(0x7fd8f3382000, 16384)           = 0
mmap(NULL, 16384, PROT_READ|PROT_WRITE, MAP_PRIVATE|MAP_ANONYMOUS, -1, 0) = 0x7fd8f3382000
munmap(0x7fd8f3382000, 16384)           = 0
mmap(NULL, 16384, PROT_READ|PROT_WRITE, MAP_PRIVATE|MAP_ANONYMOUS, -1, 0) = 0x7fd8f3382000
munmap(0x7fd8f3382000, 16384)           = 0
mmap(NULL, 16384, PROT_READ|PROT_WRITE, MAP_PRIVATE|MAP_ANONYMOUS, -1, 0) = 0x7fd8f3382000
munmap(0x7fd8f3382000, 16384)           = 0
mmap(NULL, 16384, PROT_READ|PROT_WRITE, MAP_PRIVATE|MAP_ANONYMOUS, -1, 0) = 0x7fd8f3382000
munmap(0x7fd8f3382000, 16384)           = 0
mmap(NULL, 16384, PROT_READ|PROT_WRITE, MAP_PRIVATE|MAP_ANONYMOUS, -1, 0) = 0x7fd8f3382000
munmap(0x7fd8f3382000, 16384)           = 0
mmap(NULL, 16384, PROT_READ|PROT_WRITE, MAP_PRIVATE|MAP_ANONYMOUS, -1, 0) = 0x7fd8f3382000
munmap(0x7fd8f3382000, 16384)           = 0
mmap(NULL, 16384, PROT_READ|PROT_WRITE, MAP_PRIVATE|MAP_ANONYMOUS, -1, 0) = 0x7fd8f3382000
munmap(0x7fd8f3382000, 16384)           = 0
mmap(NULL, 16384, PROT_READ|PROT_WRITE, MAP_PRIVATE|MAP_ANONYMOUS, -1, 0) = 0x7fd8f3382000
munmap(0x7fd8f3382000, 16384)           = 0
mmap(NULL, 16384, PROT_READ|PROT_WRITE, MAP_PRIVATE|MAP_ANONYMOUS, -1, 0) = 0x7fd8f3382000
munmap(0x7fd8f3382000, 16384)           = 0
mmap(NULL, 16384, PROT_READ|PROT_WRITE, MAP_PRIVATE|MAP_ANONYMOUS, -1, 0) = 0x7fd8f3382000
munmap(0x7fd8f3382000, 16384)           = 0
mmap(NULL, 16384, PROT_READ|PROT_WRITE, MAP_PRIVATE|MAP_ANONYMOUS, -1, 0) = 0x7fd8f3382000
munmap(0x7fd8f3382000, 16384)           = 0
mmap(NULL, 16384, PROT_READ|PROT_WRITE, MAP_PRIVATE|MAP_ANONYMOUS, -1, 0) = 0x7fd8f3382000
munmap(0x7fd8f3382000, 16384)           = 0
mmap(NULL, 16384, PROT_READ|PROT_WRITE, MAP_PRIVATE|MAP_ANONYMOUS, -1, 0) = 0x7fd8f3382000
munmap(0x7fd8f3382000, 16384)           = 0
mmap(NULL, 16384, PROT_READ|PROT_WRITE, MAP_PRIVATE|MAP_ANONYMOUS, -1, 0) = 0x7fd8f3382000
munmap(0x7fd8f3382000, 16384)           = 0
mmap(NULL, 16384, PROT_READ|PROT_WRITE, MAP_PRIVATE|MAP_ANONYMOUS, -1, 0) = 0x7fd8f3382000
munmap(0x7fd8f3382000, 16384)           = 0
mmap(NULL, 16384, PROT_READ|PROT_WRITE, MAP_PRIVATE|MAP_ANONYMOUS, -1, 0) = 0x7fd8f3382000
munmap(0x7fd8f3382000, 16384)           = 0
mmap(NULL, 16384, PROT_READ|PROT_WRITE, MAP_PRIVATE|MAP_ANONYMOUS, -1, 0) = 0x7fd8f3382000
munmap(0x7fd8f3382000, 16384)           = 0
mmap(NULL, 16384, PROT_READ|PROT_WRITE, MAP_PRIVATE|MAP_ANONYMOUS, -1, 0) = 0x7fd8f3382000
munmap(0x7fd8f3382000, 16384)           = 0
mmap(NULL, 16384, PROT_READ|PROT_WRITE, MAP_PRIVATE|MAP_ANONYMOUS, -1, 0) = 0x7fd8f3382000
munmap(0x7fd8f3382000, 16384)           = 0
mmap(NULL, 16384, PROT_READ|PROT_WRITE, MAP_PRIVATE|MAP_ANONYMOUS, -1, 0) = 0x7fd8f3382000
munmap(0x7fd8f3382000, 16384)           = 0
mmap(NULL, 16384, PROT_READ|PROT_WRITE, MAP_PRIVATE|MAP_ANONYMOUS, -1, 0) = 0x7fd8f3382000
munmap(0x7fd8f3382000, 16384)           = 0
mmap(NULL, 16384, PROT_READ|PROT_WRITE, MAP_PRIVATE|MAP_ANONYMOUS, -1, 0) = 0x7fd8f3382000
munmap(0x7fd8f3382000, 16384)           = 0
mmap(NULL, 16384, PROT_READ|PROT_WRITE, MAP_PRIVATE|MAP_ANONYMOUS, -1, 0) = 0x7fd8f3382000
munmap(0x7fd8f3382000, 16384)           = 0
mmap(NULL, 16384, PROT_READ|PROT_WRITE, MAP_PRIVATE|MAP_ANONYMOUS, -1, 0) = 0x7fd8f3382000
munmap(0x7fd8f3382000, 16384)           = 0
mmap(NULL, 16384, PROT_READ|PROT_WRITE, MAP_PRIVATE|MAP_ANONYMOUS, -1, 0) = 0x7fd8f3382000
munmap(0x7fd8f3382000, 16384)           = 0
mmap(NULL, 16384, PROT_READ|PROT_WRITE, MAP_PRIVATE|MAP_ANONYMOUS, -1, 0) = 0x7fd8f3382000
munmap(0x7fd8f3382000, 16384)           = 0
mmap(NULL, 16384, PROT_READ|PROT_WRITE, MAP_PRIVATE|MAP_ANONYMOUS, -1, 0) = 0x7fd8f3382000
munmap(0x7fd8f3382000, 16384)           = 0
mmap(NULL, 16384, PROT_READ|PROT_WRITE, MAP_PRIVATE|MAP_ANONYMOUS, -1, 0) = 0x7fd8f3382000
munmap(0x7fd8f3382000, 16384)           = 0
mmap(NULL, 16384, PROT_READ|PROT_WRITE, MAP_PRIVATE|MAP_ANONYMOUS, -1, 0) = 0x7fd8f3382000
munmap(0x7fd8f3382000, 16384)           = 0
mmap(NULL, 16384, PROT_READ|PROT_WRITE, MAP_PRIVATE|MAP_ANONYMOUS, -1, 0) = 0x7fd8f3382000
munmap(0x7fd8f3382000, 16384)           = 0
mmap(NULL, 16384, PROT_READ|PROT_WRITE, MAP_PRIVATE|MAP_ANONYMOUS, -1, 0) = 0x7fd8f3382000
munmap(0x7fd8f3382000, 16384)           = 0
mmap(NULL, 16384, PROT_READ|PROT_WRITE, MAP_PRIVATE|MAP_ANONYMOUS, -1, 0) = 0x7fd8f3382000
munmap(0x7fd8f3382000, 16384)           = 0
mmap(NULL, 16384, PROT_READ|PROT_WRITE, MAP_PRIVATE|MAP_ANONYMOUS, -1, 0) = 0x7fd8f3382000
munmap(0x7fd8f3382000, 16384)           = 0
mmap(NULL, 16384, PROT_READ|PROT_WRITE, MAP_PRIVATE|MAP_ANONYMOUS, -1, 0) = 0x7fd8f3382000
munmap(0x7fd8f3382000, 16384)           = 0
mmap(NULL, 16384, PROT_READ|PROT_WRITE, MAP_PRIVATE|MAP_ANONYMOUS, -1, 0) = 0x7fd8f3382000
munmap(0x7fd8f3382000, 16384)           = 0
mmap(NULL, 16384, PROT_READ|PROT_WRITE, MAP_PRIVATE|MAP_ANONYMOUS, -1, 0) = 0x7fd8f3382000
munmap(0x7fd8f3382000, 16384)           = 0
mmap(NULL, 16384, PROT_READ|PROT_WRITE, MAP_PRIVATE|MAP_ANONYMOUS, -1, 0) = 0x7fd8f3382000
munmap(0x7fd8f3382000, 16384)           = 0
mmap(NULL, 16384, PROT_READ|PROT_WRITE, MAP_PRIVATE|MAP_ANONYMOUS, -1, 0) = 0x7fd8f3382000
munmap(0x7fd8f3382000, 16384)           = 0
mmap(NULL, 16384, PROT_READ|PROT_WRITE, MAP_PRIVATE|MAP_ANONYMOUS, -1, 0) = 0x7fd8f3382000
munmap(0x7fd8f3382000, 16384)           = 0
mmap(NULL, 16384, PROT_READ|PROT_WRITE, MAP_PRIVATE|MAP_ANONYMOUS, -1, 0) = 0x7fd8f3382000
munmap(0x7fd8f3382000, 16384)           = 0
mmap(NULL, 16384, PROT_READ|PROT_WRITE, MAP_PRIVATE|MAP_ANONYMOUS, -1, 0) = 0x7fd8f3382000
munmap(0x7fd8f3382000, 16384)           = 0
mmap(NULL, 16384, PROT_READ|PROT_WRITE, MAP_PRIVATE|MAP_ANONYMOUS, -1, 0) = 0x7fd8f3382000
munmap(0x7fd8f3382000, 16384)           = 0
mmap(NULL, 16384, PROT_READ|PROT_WRITE, MAP_PRIVATE|MAP_ANONYMOUS, -1, 0) = 0x7fd8f3382000
munmap(0x7fd8f3382000, 16384)           = 0
mmap(NULL, 16384, PROT_READ|PROT_WRITE, MAP_PRIVATE|MAP_ANONYMOUS, -1, 0) = 0x7fd8f3382000
munmap(0x7fd8f3382000, 16384)           = 0
mmap(NULL, 16384, PROT_READ|PROT_WRITE, MAP_PRIVATE|MAP_ANONYMOUS, -1, 0) = 0x7fd8f3382000
munmap(0x7fd8f3382000, 16384)           = 0
mmap(NULL, 16384, PROT_READ|PROT_WRITE, MAP_PRIVATE|MAP_ANONYMOUS, -1, 0) = 0x7fd8f3382000
munmap(0x7fd8f3382000, 16384)           = 0
mmap(NULL, 16384, PROT_READ|PROT_WRITE, MAP_PRIVATE|MAP_ANONYMOUS, -1, 0) = 0x7fd8f3382000
munmap(0x7fd8f3382000, 16384)           = 0
mmap(NULL, 16384, PROT_READ|PROT_WRITE, MAP_PRIVATE|MAP_ANONYMOUS, -1, 0) = 0x7fd8f3382000
munmap(0x7fd8f3382000, 16384)           = 0
mmap(NULL, 16384, PROT_READ|PROT_WRITE, MAP_PRIVATE|MAP_ANONYMOUS, -1, 0) = 0x7fd8f3382000
munmap(0x7fd8f3382000, 16384)           = 0
mmap(NULL, 16384, PROT_READ|PROT_WRITE, MAP_PRIVATE|MAP_ANONYMOUS, -1, 0) = 0x7fd8f3382000
munmap(0x7fd8f3382000, 16384)           = 0
mmap(NULL, 16384, PROT_READ|PROT_WRITE, MAP_PRIVATE|MAP_ANONYMOUS, -1, 0) = 0x7fd8f3382000
munmap(0x7fd8f3382000, 16384)           = 0
mmap(NULL, 16384, PROT_READ|PROT_WRITE, MAP_PRIVATE|MAP_ANONYMOUS, -1, 0) = 0x7fd8f3382000
munmap(0x7fd8f3382000, 16384)           = 0
mmap(NULL, 16384, PROT_READ|PROT_WRITE, MAP_PRIVATE|MAP_ANONYMOUS, -1, 0) = 0x7fd8f3382000
munmap(0x7fd8f3382000, 16384)           = 0
mmap(NULL, 16384, PROT_READ|PROT_WRITE, MAP_PRIVATE|MAP_ANONYMOUS, -1, 0) = 0x7fd8f3382000
munmap(0x7fd8f3382000, 16384)           = 0
mmap(NULL, 16384, PROT_READ|PROT_WRITE, MAP_PRIVATE|MAP_ANONYMOUS, -1, 0) = 0x7fd8f3382000
munmap(0x7fd8f3382000, 16384)           = 0
mmap(NULL, 16384, PROT_READ|PROT_WRITE, MAP_PRIVATE|MAP_ANONYMOUS, -1, 0) = 0x7fd8f3382000
munmap(0x7fd8f3382000, 16384)           = 0
mmap(NULL, 16384, PROT_READ|PROT_WRITE, MAP_PRIVATE|MAP_ANONYMOUS, -1, 0) = 0x7fd8f3382000
munmap(0x7fd8f3382000, 16384)           = 0
mmap(NULL, 16384, PROT_READ|PROT_WRITE, MAP_PRIVATE|MAP_ANONYMOUS, -1, 0) = 0x7fd8f3382000
munmap(0x7fd8f3382000, 16384)           = 0
mmap(NULL, 16384, PROT_READ|PROT_WRITE, MAP_PRIVATE|MAP_ANONYMOUS, -1, 0) = 0x7fd8f3382000
munmap(0x7fd8f3382000, 16384)           = 0
mmap(NULL, 16384, PROT_READ|PROT_WRITE, MAP_PRIVATE|MAP_ANONYMOUS, -1, 0) = 0x7fd8f3382000
munmap(0x7fd8f3382000, 16384)           = 0
mmap(NULL, 16384, PROT_READ|PROT_WRITE, MAP_PRIVATE|MAP_ANONYMOUS, -1, 0) = 0x7fd8f3382000
munmap(0x7fd8f3382000, 16384)           = 0
mmap(NULL, 16384, PROT_READ|PROT_WRITE, MAP_PRIVATE|MAP_ANONYMOUS, -1, 0) = 0x7fd8f3382000
munmap(0x7fd8f3382000, 16384)           = 0
mmap(NULL, 16384, PROT_READ|PROT_WRITE, MAP_PRIVATE|MAP_ANONYMOUS, -1, 0) = 0x7fd8f3382000
munmap(0x7fd8f3382000, 16384)           = 0
mmap(NULL, 16384, PROT_READ|PROT_WRITE, MAP_PRIVATE|MAP_ANONYMOUS, -1, 0) = 0x7fd8f3382000
munmap(0x7fd8f3382000, 16384)           = 0
mmap(NULL, 16384, PROT_READ|PROT_WRITE, MAP_PRIVATE|MAP_ANONYMOUS, -1, 0) = 0x7fd8f3382000
munmap(0x7fd8f3382000, 16384)           = 0
mmap(NULL, 16384, PROT_READ|PROT_WRITE, MAP_PRIVATE|MAP_ANONYMOUS, -1, 0) = 0x7fd8f3382000
munmap(0x7fd8f3382000, 16384)           = 0
mmap(NULL, 16384, PROT_READ|PROT_WRITE, MAP_PRIVATE|MAP_ANONYMOUS, -1, 0) = 0x7fd8f3382000
munmap(0x7fd8f3382000, 16384)           = 0
mmap(NULL, 16384, PROT_READ|PROT_WRITE, MAP_PRIVATE|MAP_ANONYMOUS, -1, 0) = 0x7fd8f3382000
munmap(0x7fd8f3382000, 16384)           = 0
mmap(NULL, 16384, PROT_READ|PROT_WRITE, MAP_PRIVATE|MAP_ANONYMOUS, -1, 0) = 0x7fd8f3382000
munmap(0x7fd8f3382000, 16384)           = 0
mmap(NULL, 16384, PROT_READ|PROT_WRITE, MAP_PRIVATE|MAP_ANONYMOUS, -1, 0) = 0x7fd8f3382000
munmap(0x7fd8f3382000, 16384)           = 0
mmap(NULL, 16384, PROT_READ|PROT_WRITE, MAP_PRIVATE|MAP_ANONYMOUS, -1, 0) = 0x7fd8f3382000
munmap(0x7fd8f3382000, 16384)           = 0
mmap(NULL, 16384, PROT_READ|PROT_WRITE, MAP_PRIVATE|MAP_ANONYMOUS, -1, 0) = 0x7fd8f3382000
munmap(0x7fd8f3382000, 16384)           = 0
mmap(NULL, 16384, PROT_READ|PROT_WRITE, MAP_PRIVATE|MAP_ANONYMOUS, -1, 0) = 0x7fd8f3382000
munmap(0x7fd8f3382000, 16384)           = 0
mmap(NULL, 16384, PROT_READ|PROT_WRITE, MAP_PRIVATE|MAP_ANONYMOUS, -1, 0) = 0x7fd8f3382000
munmap(0x7fd8f3382000, 16384)           = 0
mmap(NULL, 16384, PROT_READ|PROT_WRITE, MAP_PRIVATE|MAP_ANONYMOUS, -1, 0) = 0x7fd8f3382000
munmap(0x7fd8f3382000, 16384)           = 0
mmap(NULL, 16384, PROT_READ|PROT_WRITE, MAP_PRIVATE|MAP_ANONYMOUS, -1, 0) = 0x7fd8f3382000
munmap(0x7fd8f3382000, 16384)           = 0
mmap(NULL, 16384, PROT_READ|PROT_WRITE, MAP_PRIVATE|MAP_ANONYMOUS, -1, 0) = 0x7fd8f3382000
munmap(0x7fd8f3382000, 16384)           = 0
mmap(NULL, 16384, PROT_READ|PROT_WRITE, MAP_PRIVATE|MAP_ANONYMOUS, -1, 0) = 0x7fd8f3382000
munmap(0x7fd8f3382000, 16384)           = 0
mmap(NULL, 16384, PROT_READ|PROT_WRITE, MAP_PRIVATE|MAP_ANONYMOUS, -1, 0) = 0x7fd8f3382000
munmap(0x7fd8f3382000, 16384)           = 0
mmap(NULL, 16384, PROT_READ|PROT_WRITE, MAP_PRIVATE|MAP_ANONYMOUS, -1, 0) = 0x7fd8f3382000
munmap(0x7fd8f3382000, 16384)           = 0
mmap(NULL, 16384, PROT_READ|PROT_WRITE, MAP_PRIVATE|MAP_ANONYMOUS, -1, 0) = 0x7fd8f3382000
munmap(0x7fd8f3382000, 16384)           = 0
mmap(NULL, 16384, PROT_READ|PROT_WRITE, MAP_PRIVATE|MAP_ANONYMOUS, -1, 0) = 0x7fd8f3382000
munmap(0x7fd8f3382000, 16384)           = 0
mmap(NULL, 16384, PROT_READ|PROT_WRITE, MAP_PRIVATE|MAP_ANONYMOUS, -1, 0) = 0x7fd8f3382000
munmap(0x7fd8f3382000, 16384)           = 0
mmap(NULL, 16384, PROT_READ|PROT_WRITE, MAP_PRIVATE|MAP_ANONYMOUS, -1, 0) = 0x7fd8f3382000
munmap(0x7fd8f3382000, 16384)           = 0
mmap(NULL, 16384, PROT_READ|PROT_WRITE, MAP_PRIVATE|MAP_ANONYMOUS, -1, 0) = 0x7fd8f3382000
munmap(0x7fd8f3382000, 16384)           = 0
mmap(NULL, 16384, PROT_READ|PROT_WRITE, MAP_PRIVATE|MAP_ANONYMOUS, -1, 0) = 0x7fd8f3382000
munmap(0x7fd8f3382000, 16384)           = 0
mmap(NULL, 16384, PROT_READ|PROT_WRITE, MAP_PRIVATE|MAP_ANONYMOUS, -1, 0) = 0x7fd8f3382000
munmap(0x7fd8f3382000, 16384)           = 0
mmap(NULL, 16384, PROT_READ|PROT_WRITE, MAP_PRIVATE|MAP_ANONYMOUS, -1, 0) = 0x7fd8f3382000
munmap(0x7fd8f3382000, 16384)           = 0
mmap(NULL, 16384, PROT_READ|PROT_WRITE, MAP_PRIVATE|MAP_ANONYMOUS, -1, 0) = 0x7fd8f3382000
munmap(0x7fd8f3382000, 16384)           = 0
mmap(NULL, 16384, PROT_READ|PROT_WRITE, MAP_PRIVATE|MAP_ANONYMOUS, -1, 0) = 0x7fd8f3382000
munmap(0x7fd8f3382000, 16384)           = 0
mmap(NULL, 16384, PROT_READ|PROT_WRITE, MAP_PRIVATE|MAP_ANONYMOUS, -1, 0) = 0x7fd8f3382000
munmap(0x7fd8f3382000, 16384)           = 0
mmap(NULL, 16384, PROT_READ|PROT_WRITE, MAP_PRIVATE|MAP_ANONYMOUS, -1, 0) = 0x7fd8f3382000
munmap(0x7fd8f3382000, 16384)           = 0
mmap(NULL, 16384, PROT_READ|PROT_WRITE, MAP_PRIVATE|MAP_ANONYMOUS, -1, 0) = 0x7fd8f3382000
munmap(0x7fd8f3382000, 16384)           = 0
mmap(NULL, 16384, PROT_READ|PROT_WRITE, MAP_PRIVATE|MAP_ANONYMOUS, -1, 0) = 0x7fd8f3382000
munmap(0x7fd8f3382000, 16384)           = 0
mmap(NULL, 16384, PROT_READ|PROT_WRITE, MAP_PRIVATE|MAP_ANONYMOUS, -1, 0) = 0x7fd8f3382000
munmap(0x7fd8f3382000, 16384)           = 0
mmap(NULL, 16384, PROT_READ|PROT_WRITE, MAP_PRIVATE|MAP_ANONYMOUS, -1, 0) = 0x7fd8f3382000
munmap(0x7fd8f3382000, 16384)           = 0
mmap(NULL, 16384, PROT_READ|PROT_WRITE, MAP_PRIVATE|MAP_ANONYMOUS, -1, 0) = 0x7fd8f3382000
munmap(0x7fd8f3382000, 16384)           = 0
mmap(NULL, 16384, PROT_READ|PROT_WRITE, MAP_PRIVATE|MAP_ANONYMOUS, -1, 0) = 0x7fd8f3382000
munmap(0x7fd8f3382000, 16384)           = 0
mmap(NULL, 16384, PROT_READ|PROT_WRITE, MAP_PRIVATE|MAP_ANONYMOUS, -1, 0) = 0x7fd8f3382000
munmap(0x7fd8f3382000, 16384)           = 0
mmap(NULL, 16384, PROT_READ|PROT_WRITE, MAP_PRIVATE|MAP_ANONYMOUS, -1, 0) = 0x7fd8f3382000
munmap(0x7fd8f3382000, 16384)           = 0
mmap(NULL, 16384, PROT_READ|PROT_WRITE, MAP_PRIVATE|MAP_ANONYMOUS, -1, 0) = 0x7fd8f3382000
munmap(0x7fd8f3382000, 16384)           = 0
mmap(NULL, 16384, PROT_READ|PROT_WRITE, MAP_PRIVATE|MAP_ANONYMOUS, -1, 0) = 0x7fd8f3382000
munmap(0x7fd8f3382000, 16384)           = 0
mmap(NULL, 16384, PROT_READ|PROT_WRITE, MAP_PRIVATE|MAP_ANONYMOUS, -1, 0) = 0x7fd8f3382000
munmap(0x7fd8f3382000, 16384)           = 0
mmap(NULL, 16384, PROT_READ|PROT_WRITE, MAP_PRIVATE|MAP_ANONYMOUS, -1, 0) = 0x7fd8f3382000
munmap(0x7fd8f3382000, 16384)           = 0
mmap(NULL, 16384, PROT_READ|PROT_WRITE, MAP_PRIVATE|MAP_ANONYMOUS, -1, 0) = 0x7fd8f3382000
munmap(0x7fd8f3382000, 16384)           = 0
mmap(NULL, 16384, PROT_READ|PROT_WRITE, MAP_PRIVATE|MAP_ANONYMOUS, -1, 0) = 0x7fd8f3382000
munmap(0x7fd8f3382000, 16384)           = 0
mmap(NULL, 16384, PROT_READ|PROT_WRITE, MAP_PRIVATE|MAP_ANONYMOUS, -1, 0) = 0x7fd8f3382000
munmap(0x7fd8f3382000, 16384)           = 0
mmap(NULL, 16384, PROT_READ|PROT_WRITE, MAP_PRIVATE|MAP_ANONYMOUS, -1, 0) = 0x7fd8f3382000
munmap(0x7fd8f3382000, 16384)           = 0
mmap(NULL, 16384, PROT_READ|PROT_WRITE, MAP_PRIVATE|MAP_ANONYMOUS, -1, 0) = 0x7fd8f3382000
munmap(0x7fd8f3382000, 16384)           = 0
mmap(NULL, 16384, PROT_READ|PROT_WRITE, MAP_PRIVATE|MAP_ANONYMOUS, -1, 0) = 0x7fd8f3382000
munmap(0x7fd8f3382000, 16384)           = 0
mmap(NULL, 16384, PROT_READ|PROT_WRITE, MAP_PRIVATE|MAP_ANONYMOUS, -1, 0) = 0x7fd8f3382000
munmap(0x7fd8f3382000, 16384)           = 0
mmap(NULL, 16384, PROT_READ|PROT_WRITE, MAP_PRIVATE|MAP_ANONYMOUS, -1, 0) = 0x7fd8f3382000
munmap(0x7fd8f3382000, 16384)           = 0
mmap(NULL, 16384, PROT_READ|PROT_WRITE, MAP_PRIVATE|MAP_ANONYMOUS, -1, 0) = 0x7fd8f3382000
munmap(0x7fd8f3382000, 16384)           = 0
mmap(NULL, 16384, PROT_READ|PROT_WRITE, MAP_PRIVATE|MAP_ANONYMOUS, -1, 0) = 0x7fd8f3382000
munmap(0x7fd8f3382000, 16384)           = 0
mmap(NULL, 16384, PROT_READ|PROT_WRITE, MAP_PRIVATE|MAP_ANONYMOUS, -1, 0) = 0x7fd8f3382000
munmap(0x7fd8f3382000, 16384)           = 0
mmap(NULL, 16384, PROT_READ|PROT_WRITE, MAP_PRIVATE|MAP_ANONYMOUS, -1, 0) = 0x7fd8f3382000
munmap(0x7fd8f3382000, 16384)           = 0
mmap(NULL, 16384, PROT_READ|PROT_WRITE, MAP_PRIVATE|MAP_ANONYMOUS, -1, 0) = 0x7fd8f3382000
munmap(0x7fd8f3382000, 16384)           = 0
mmap(NULL, 16384, PROT_READ|PROT_WRITE, MAP_PRIVATE|MAP_ANONYMOUS, -1, 0) = 0x7fd8f3382000
munmap(0x7fd8f3382000, 16384)           = 0
mmap(NULL, 16384, PROT_READ|PROT_WRITE, MAP_PRIVATE|MAP_ANONYMOUS, -1, 0) = 0x7fd8f3382000
munmap(0x7fd8f3382000, 16384)           = 0
mmap(NULL, 16384, PROT_READ|PROT_WRITE, MAP_PRIVATE|MAP_ANONYMOUS, -1, 0) = 0x7fd8f3382000
munmap(0x7fd8f3382000, 16384)           = 0
mmap(NULL, 16384, PROT_READ|PROT_WRITE, MAP_PRIVATE|MAP_ANONYMOUS, -1, 0) = 0x7fd8f3382000
munmap(0x7fd8f3382000, 16384)           = 0
mmap(NULL, 16384, PROT_READ|PROT_WRITE, MAP_PRIVATE|MAP_ANONYMOUS, -1, 0) = 0x7fd8f3382000
munmap(0x7fd8f3382000, 16384)           = 0
mmap(NULL, 16384, PROT_READ|PROT_WRITE, MAP_PRIVATE|MAP_ANONYMOUS, -1, 0) = 0x7fd8f3382000
munmap(0x7fd8f3382000, 16384)           = 0
mmap(NULL, 16384, PROT_READ|PROT_WRITE, MAP_PRIVATE|MAP_ANONYMOUS, -1, 0) = 0x7fd8f3382000
munmap(0x7fd8f3382000, 16384)           = 0
mmap(NULL, 16384, PROT_READ|PROT_WRITE, MAP_PRIVATE|MAP_ANONYMOUS, -1, 0) = 0x7fd8f3382000
munmap(0x7fd8f3382000, 16384)           = 0
mmap(NULL, 16384, PROT_READ|PROT_WRITE, MAP_PRIVATE|MAP_ANONYMOUS, -1, 0) = 0x7fd8f3382000
munmap(0x7fd8f3382000, 16384)           = 0
mmap(NULL, 16384, PROT_READ|PROT_WRITE, MAP_PRIVATE|MAP_ANONYMOUS, -1, 0) = 0x7fd8f3382000
munmap(0x7fd8f3382000, 16384)           = 0
mmap(NULL, 16384, PROT_READ|PROT_WRITE, MAP_PRIVATE|MAP_ANONYMOUS, -1, 0) = 0x7fd8f3382000
munmap(0x7fd8f3382000, 16384)           = 0
mmap(NULL, 16384, PROT_READ|PROT_WRITE, MAP_PRIVATE|MAP_ANONYMOUS, -1, 0) = 0x7fd8f3382000
munmap(0x7fd8f3382000, 16384)           = 0
mmap(NULL, 16384, PROT_READ|PROT_WRITE, MAP_PRIVATE|MAP_ANONYMOUS, -1, 0) = 0x7fd8f3382000
munmap(0x7fd8f3382000, 16384)           = 0
mmap(NULL, 16384, PROT_READ|PROT_WRITE, MAP_PRIVATE|MAP_ANONYMOUS, -1, 0) = 0x7fd8f3382000
munmap(0x7fd8f3382000, 16384)           = 0
mmap(NULL, 16384, PROT_READ|PROT_WRITE, MAP_PRIVATE|MAP_ANONYMOUS, -1, 0) = 0x7fd8f3382000
munmap(0x7fd8f3382000, 16384)           = 0
mmap(NULL, 16384, PROT_READ|PROT_WRITE, MAP_PRIVATE|MAP_ANONYMOUS, -1, 0) = 0x7fd8f3382000
munmap(0x7fd8f3382000, 16384)           = 0
mmap(NULL, 16384, PROT_READ|PROT_WRITE, MAP_PRIVATE|MAP_ANONYMOUS, -1, 0) = 0x7fd8f3382000
munmap(0x7fd8f3382000, 16384)           = 0
mmap(NULL, 16384, PROT_READ|PROT_WRITE, MAP_PRIVATE|MAP_ANONYMOUS, -1, 0) = 0x7fd8f3382000
munmap(0x7fd8f3382000, 16384)           = 0
mmap(NULL, 16384, PROT_READ|PROT_WRITE, MAP_PRIVATE|MAP_ANONYMOUS, -1, 0) = 0x7fd8f3382000
munmap(0x7fd8f3382000, 16384)           = 0
mmap(NULL, 16384, PROT_READ|PROT_WRITE, MAP_PRIVATE|MAP_ANONYMOUS, -1, 0) = 0x7fd8f3382000
munmap(0x7fd8f3382000, 16384)           = 0
mmap(NULL, 16384, PROT_READ|PROT_WRITE, MAP_PRIVATE|MAP_ANONYMOUS, -1, 0) = 0x7fd8f3382000
munmap(0x7fd8f3382000, 16384)           = 0
mmap(NULL, 16384, PROT_READ|PROT_WRITE, MAP_PRIVATE|MAP_ANONYMOUS, -1, 0) = 0x7fd8f3382000
munmap(0x7fd8f3382000, 16384)           = 0
mmap(NULL, 16384, PROT_READ|PROT_WRITE, MAP_PRIVATE|MAP_ANONYMOUS, -1, 0) = 0x7fd8f3382000
munmap(0x7fd8f3382000, 16384)           = 0
mmap(NULL, 16384, PROT_READ|PROT_WRITE, MAP_PRIVATE|MAP_ANONYMOUS, -1, 0) = 0x7fd8f3382000
munmap(0x7fd8f3382000, 16384)           = 0
mmap(NULL, 16384, PROT_READ|PROT_WRITE, MAP_PRIVATE|MAP_ANONYMOUS, -1, 0) = 0x7fd8f3382000
munmap(0x7fd8f3382000, 16384)           = 0
mmap(NULL, 16384, PROT_READ|PROT_WRITE, MAP_PRIVATE|MAP_ANONYMOUS, -1, 0) = 0x7fd8f3382000
munmap(0x7fd8f3382000, 16384)           = 0
mmap(NULL, 16384, PROT_READ|PROT_WRITE, MAP_PRIVATE|MAP_ANONYMOUS, -1, 0) = 0x7fd8f3382000
munmap(0x7fd8f3382000, 16384)           = 0
mmap(NULL, 16384, PROT_READ|PROT_WRITE, MAP_PRIVATE|MAP_ANONYMOUS, -1, 0) = 0x7fd8f3382000
munmap(0x7fd8f3382000, 16384)           = 0
mmap(NULL, 16384, PROT_READ|PROT_WRITE, MAP_PRIVATE|MAP_ANONYMOUS, -1, 0) = 0x7fd8f3382000
munmap(0x7fd8f3382000, 16384)           = 0
mmap(NULL, 16384, PROT_READ|PROT_WRITE, MAP_PRIVATE|MAP_ANONYMOUS, -1, 0) = 0x7fd8f3382000
munmap(0x7fd8f3382000, 16384)           = 0
mmap(NULL, 16384, PROT_READ|PROT_WRITE, MAP_PRIVATE|MAP_ANONYMOUS, -1, 0) = 0x7fd8f3382000
munmap(0x7fd8f3382000, 16384)           = 0
mmap(NULL, 16384, PROT_READ|PROT_WRITE, MAP_PRIVATE|MAP_ANONYMOUS, -1, 0) = 0x7fd8f3382000
munmap(0x7fd8f3382000, 16384)           = 0
mmap(NULL, 16384, PROT_READ|PROT_WRITE, MAP_PRIVATE|MAP_ANONYMOUS, -1, 0) = 0x7fd8f3382000
munmap(0x7fd8f3382000, 16384)           = 0
mmap(NULL, 16384, PROT_READ|PROT_WRITE, MAP_PRIVATE|MAP_ANONYMOUS, -1, 0) = 0x7fd8f3382000
munmap(0x7fd8f3382000, 16384)           = 0
mmap(NULL, 16384, PROT_READ|PROT_WRITE, MAP_PRIVATE|MAP_ANONYMOUS, -1, 0) = 0x7fd8f3382000
munmap(0x7fd8f3382000, 16384)           = 0
mmap(NULL, 16384, PROT_READ|PROT_WRITE, MAP_PRIVATE|MAP_ANONYMOUS, -1, 0) = 0x7fd8f3382000
munmap(0x7fd8f3382000, 16384)           = 0
mmap(NULL, 16384, PROT_READ|PROT_WRITE, MAP_PRIVATE|MAP_ANONYMOUS, -1, 0) = 0x7fd8f3382000
munmap(0x7fd8f3382000, 16384)           = 0
mmap(NULL, 16384, PROT_READ|PROT_WRITE, MAP_PRIVATE|MAP_ANONYMOUS, -1, 0) = 0x7fd8f3382000
munmap(0x7fd8f3382000, 16384)           = 0
mmap(NULL, 16384, PROT_READ|PROT_WRITE, MAP_PRIVATE|MAP_ANONYMOUS, -1, 0) = 0x7fd8f3382000
munmap(0x7fd8f3382000, 16384)           = 0
mmap(NULL, 16384, PROT_READ|PROT_WRITE, MAP_PRIVATE|MAP_ANONYMOUS, -1, 0) = 0x7fd8f3382000
munmap(0x7fd8f3382000, 16384)           = 0
mmap(NULL, 16384, PROT_READ|PROT_WRITE, MAP_PRIVATE|MAP_ANONYMOUS, -1, 0) = 0x7fd8f3382000
munmap(0x7fd8f3382000, 16384)           = 0
mmap(NULL, 16384, PROT_READ|PROT_WRITE, MAP_PRIVATE|MAP_ANONYMOUS, -1, 0) = 0x7fd8f3382000
munmap(0x7fd8f3382000, 16384)           = 0
mmap(NULL, 16384, PROT_READ|PROT_WRITE, MAP_PRIVATE|MAP_ANONYMOUS, -1, 0) = 0x7fd8f3382000
munmap(0x7fd8f3382000, 16384)           = 0
mmap(NULL, 16384, PROT_READ|PROT_WRITE, MAP_PRIVATE|MAP_ANONYMOUS, -1, 0) = 0x7fd8f3382000
munmap(0x7fd8f3382000, 16384)           = 0
mmap(NULL, 16384, PROT_READ|PROT_WRITE, MAP_PRIVATE|MAP_ANONYMOUS, -1, 0) = 0x7fd8f3382000
munmap(0x7fd8f3382000, 16384)           = 0
mmap(NULL, 16384, PROT_READ|PROT_WRITE, MAP_PRIVATE|MAP_ANONYMOUS, -1, 0) = 0x7fd8f3382000
munmap(0x7fd8f3382000, 16384)           = 0
mmap(NULL, 16384, PROT_READ|PROT_WRITE, MAP_PRIVATE|MAP_ANONYMOUS, -1, 0) = 0x7fd8f3382000
munmap(0x7fd8f3382000, 16384)           = 0
mmap(NULL, 16384, PROT_READ|PROT_WRITE, MAP_PRIVATE|MAP_ANONYMOUS, -1, 0) = 0x7fd8f3382000
munmap(0x7fd8f3382000, 16384)           = 0
mmap(NULL, 16384, PROT_READ|PROT_WRITE, MAP_PRIVATE|MAP_ANONYMOUS, -1, 0) = 0x7fd8f3382000
munmap(0x7fd8f3382000, 16384)           = 0
mmap(NULL, 16384, PROT_READ|PROT_WRITE, MAP_PRIVATE|MAP_ANONYMOUS, -1, 0) = 0x7fd8f3382000
munmap(0x7fd8f3382000, 16384)           = 0
mmap(NULL, 16384, PROT_READ|PROT_WRITE, MAP_PRIVATE|MAP_ANONYMOUS, -1, 0) = 0x7fd8f3382000
munmap(0x7fd8f3382000, 16384)           = 0
mmap(NULL, 16384, PROT_READ|PROT_WRITE, MAP_PRIVATE|MAP_ANONYMOUS, -1, 0) = 0x7fd8f3382000
munmap(0x7fd8f3382000, 16384)           = 0
mmap(NULL, 16384, PROT_READ|PROT_WRITE, MAP_PRIVATE|MAP_ANONYMOUS, -1, 0) = 0x7fd8f3382000
munmap(0x7fd8f3382000, 16384)           = 0
mmap(NULL, 16384, PROT_READ|PROT_WRITE, MAP_PRIVATE|MAP_ANONYMOUS, -1, 0) = 0x7fd8f3382000
munmap(0x7fd8f3382000, 16384)           = 0
mmap(NULL, 16384, PROT_READ|PROT_WRITE, MAP_PRIVATE|MAP_ANONYMOUS, -1, 0) = 0x7fd8f3382000
munmap(0x7fd8f3382000, 16384)           = 0
mmap(NULL, 16384, PROT_READ|PROT_WRITE, MAP_PRIVATE|MAP_ANONYMOUS, -1, 0) = 0x7fd8f3382000
munmap(0x7fd8f3382000, 16384)           = 0
mmap(NULL, 16384, PROT_READ|PROT_WRITE, MAP_PRIVATE|MAP_ANONYMOUS, -1, 0) = 0x7fd8f3382000
munmap(0x7fd8f3382000, 16384)           = 0
mmap(NULL, 16384, PROT_READ|PROT_WRITE, MAP_PRIVATE|MAP_ANONYMOUS, -1, 0) = 0x7fd8f3382000
munmap(0x7fd8f3382000, 16384)           = 0
mmap(NULL, 16384, PROT_READ|PROT_WRITE, MAP_PRIVATE|MAP_ANONYMOUS, -1, 0) = 0x7fd8f3382000
munmap(0x7fd8f3382000, 16384)           = 0
mmap(NULL, 16384, PROT_READ|PROT_WRITE, MAP_PRIVATE|MAP_ANONYMOUS, -1, 0) = 0x7fd8f3382000
munmap(0x7fd8f3382000, 16384)           = 0
mmap(NULL, 16384, PROT_READ|PROT_WRITE, MAP_PRIVATE|MAP_ANONYMOUS, -1, 0) = 0x7fd8f3382000
munmap(0x7fd8f3382000, 16384)           = 0
mmap(NULL, 16384, PROT_READ|PROT_WRITE, MAP_PRIVATE|MAP_ANONYMOUS, -1, 0) = 0x7fd8f3382000
munmap(0x7fd8f3382000, 16384)           = 0
mmap(NULL, 16384, PROT_READ|PROT_WRITE, MAP_PRIVATE|MAP_ANONYMOUS, -1, 0) = 0x7fd8f3382000
munmap(0x7fd8f3382000, 16384)           = 0
mmap(NULL, 16384, PROT_READ|PROT_WRITE, MAP_PRIVATE|MAP_ANONYMOUS, -1, 0) = 0x7fd8f3382000
munmap(0x7fd8f3382000, 16384)           = 0
mmap(NULL, 16384, PROT_READ|PROT_WRITE, MAP_PRIVATE|MAP_ANONYMOUS, -1, 0) = 0x7fd8f3382000
munmap(0x7fd8f3382000, 16384)           = 0
mmap(NULL, 16384, PROT_READ|PROT_WRITE, MAP_PRIVATE|MAP_ANONYMOUS, -1, 0) = 0x7fd8f3382000
munmap(0x7fd8f3382000, 16384)           = 0
mmap(NULL, 16384, PROT_READ|PROT_WRITE, MAP_PRIVATE|MAP_ANONYMOUS, -1, 0) = 0x7fd8f3382000
munmap(0x7fd8f3382000, 16384)           = 0
mmap(NULL, 16384, PROT_READ|PROT_WRITE, MAP_PRIVATE|MAP_ANONYMOUS, -1, 0) = 0x7fd8f3382000
munmap(0x7fd8f3382000, 16384)           = 0
mmap(NULL, 16384, PROT_READ|PROT_WRITE, MAP_PRIVATE|MAP_ANONYMOUS, -1, 0) = 0x7fd8f3382000
munmap(0x7fd8f3382000, 16384)           = 0
mmap(NULL, 16384, PROT_READ|PROT_WRITE, MAP_PRIVATE|MAP_ANONYMOUS, -1, 0) = 0x7fd8f3382000
munmap(0x7fd8f3382000, 16384)           = 0
mmap(NULL, 16384, PROT_READ|PROT_WRITE, MAP_PRIVATE|MAP_ANONYMOUS, -1, 0) = 0x7fd8f3382000
munmap(0x7fd8f3382000, 16384)           = 0
mmap(NULL, 16384, PROT_READ|PROT_WRITE, MAP_PRIVATE|MAP_ANONYMOUS, -1, 0) = 0x7fd8f3382000
munmap(0x7fd8f3382000, 16384)           = 0
mmap(NULL, 16384, PROT_READ|PROT_WRITE, MAP_PRIVATE|MAP_ANONYMOUS, -1, 0) = 0x7fd8f3382000
munmap(0x7fd8f3382000, 16384)           = 0
mmap(NULL, 16384, PROT_READ|PROT_WRITE, MAP_PRIVATE|MAP_ANONYMOUS, -1, 0) = 0x7fd8f3382000
munmap(0x7fd8f3382000, 16384)           = 0
mmap(NULL, 16384, PROT_READ|PROT_WRITE, MAP_PRIVATE|MAP_ANONYMOUS, -1, 0) = 0x7fd8f3382000
munmap(0x7fd8f3382000, 16384)           = 0
mmap(NULL, 16384, PROT_READ|PROT_WRITE, MAP_PRIVATE|MAP_ANONYMOUS, -1, 0) = 0x7fd8f3382000
munmap(0x7fd8f3382000, 16384)           = 0
mmap(NULL, 16384, PROT_READ|PROT_WRITE, MAP_PRIVATE|MAP_ANONYMOUS, -1, 0) = 0x7fd8f3382000
munmap(0x7fd8f3382000, 16384)           = 0
mmap(NULL, 16384, PROT_READ|PROT_WRITE, MAP_PRIVATE|MAP_ANONYMOUS, -1, 0) = 0x7fd8f3382000
munmap(0x7fd8f3382000, 16384)           = 0
mmap(NULL, 16384, PROT_READ|PROT_WRITE, MAP_PRIVATE|MAP_ANONYMOUS, -1, 0) = 0x7fd8f3382000
munmap(0x7fd8f3382000, 16384)           = 0
mmap(NULL, 16384, PROT_READ|PROT_WRITE, MAP_PRIVATE|MAP_ANONYMOUS, -1, 0) = 0x7fd8f3382000
munmap(0x7fd8f3382000, 16384)           = 0
mmap(NULL, 16384, PROT_READ|PROT_WRITE, MAP_PRIVATE|MAP_ANONYMOUS, -1, 0) = 0x7fd8f3382000
munmap(0x7fd8f3382000, 16384)           = 0
mmap(NULL, 16384, PROT_READ|PROT_WRITE, MAP_PRIVATE|MAP_ANONYMOUS, -1, 0) = 0x7fd8f3382000
munmap(0x7fd8f3382000, 16384)           = 0
mmap(NULL, 16384, PROT_READ|PROT_WRITE, MAP_PRIVATE|MAP_ANONYMOUS, -1, 0) = 0x7fd8f3382000
munmap(0x7fd8f3382000, 16384)           = 0
mmap(NULL, 16384, PROT_READ|PROT_WRITE, MAP_PRIVATE|MAP_ANONYMOUS, -1, 0) = 0x7fd8f3382000
munmap(0x7fd8f3382000, 16384)           = 0
mmap(NULL, 16384, PROT_READ|PROT_WRITE, MAP_PRIVATE|MAP_ANONYMOUS, -1, 0) = 0x7fd8f3382000
munmap(0x7fd8f3382000, 16384)           = 0
mmap(NULL, 16384, PROT_READ|PROT_WRITE, MAP_PRIVATE|MAP_ANONYMOUS, -1, 0) = 0x7fd8f3382000
munmap(0x7fd8f3382000, 16384)           = 0
mmap(NULL, 16384, PROT_READ|PROT_WRITE, MAP_PRIVATE|MAP_ANONYMOUS, -1, 0) = 0x7fd8f3382000
munmap(0x7fd8f3382000, 16384)           = 0
mmap(NULL, 16384, PROT_READ|PROT_WRITE, MAP_PRIVATE|MAP_ANONYMOUS, -1, 0) = 0x7fd8f3382000
munmap(0x7fd8f3382000, 16384)           = 0
mmap(NULL, 16384, PROT_READ|PROT_WRITE, MAP_PRIVATE|MAP_ANONYMOUS, -1, 0) = 0x7fd8f3382000
munmap(0x7fd8f3382000, 16384)           = 0
mmap(NULL, 16384, PROT_READ|PROT_WRITE, MAP_PRIVATE|MAP_ANONYMOUS, -1, 0) = 0x7fd8f3382000
munmap(0x7fd8f3382000, 16384)           = 0
mmap(NULL, 16384, PROT_READ|PROT_WRITE, MAP_PRIVATE|MAP_ANONYMOUS, -1, 0) = 0x7fd8f3382000
munmap(0x7fd8f3382000, 16384)           = 0
mmap(NULL, 16384, PROT_READ|PROT_WRITE, MAP_PRIVATE|MAP_ANONYMOUS, -1, 0) = 0x7fd8f3382000
munmap(0x7fd8f3382000, 16384)           = 0
mmap(NULL, 16384, PROT_READ|PROT_WRITE, MAP_PRIVATE|MAP_ANONYMOUS, -1, 0) = 0x7fd8f3382000
munmap(0x7fd8f3382000, 16384)           = 0
mmap(NULL, 16384, PROT_READ|PROT_WRITE, MAP_PRIVATE|MAP_ANONYMOUS, -1, 0) = 0x7fd8f3382000
munmap(0x7fd8f3382000, 16384)           = 0
mmap(NULL, 16384, PROT_READ|PROT_WRITE, MAP_PRIVATE|MAP_ANONYMOUS, -1, 0) = 0x7fd8f3382000
munmap(0x7fd8f3382000, 16384)           = 0
mmap(NULL, 16384, PROT_READ|PROT_WRITE, MAP_PRIVATE|MAP_ANONYMOUS, -1, 0) = 0x7fd8f3382000
munmap(0x7fd8f3382000, 16384)           = 0
mmap(NULL, 16384, PROT_READ|PROT_WRITE, MAP_PRIVATE|MAP_ANONYMOUS, -1, 0) = 0x7fd8f3382000
munmap(0x7fd8f3382000, 16384)           = 0
mmap(NULL, 16384, PROT_READ|PROT_WRITE, MAP_PRIVATE|MAP_ANONYMOUS, -1, 0) = 0x7fd8f3382000
munmap(0x7fd8f3382000, 16384)           = 0
mmap(NULL, 16384, PROT_READ|PROT_WRITE, MAP_PRIVATE|MAP_ANONYMOUS, -1, 0) = 0x7fd8f3382000
munmap(0x7fd8f3382000, 16384)           = 0
mmap(NULL, 16384, PROT_READ|PROT_WRITE, MAP_PRIVATE|MAP_ANONYMOUS, -1, 0) = 0x7fd8f3382000
munmap(0x7fd8f3382000, 16384)           = 0
mmap(NULL, 16384, PROT_READ|PROT_WRITE, MAP_PRIVATE|MAP_ANONYMOUS, -1, 0) = 0x7fd8f3382000
munmap(0x7fd8f3382000, 16384)           = 0
mmap(NULL, 16384, PROT_READ|PROT_WRITE, MAP_PRIVATE|MAP_ANONYMOUS, -1, 0) = 0x7fd8f3382000
munmap(0x7fd8f3382000, 16384)           = 0
mmap(NULL, 16384, PROT_READ|PROT_WRITE, MAP_PRIVATE|MAP_ANONYMOUS, -1, 0) = 0x7fd8f3382000
munmap(0x7fd8f3382000, 16384)           = 0
mmap(NULL, 16384, PROT_READ|PROT_WRITE, MAP_PRIVATE|MAP_ANONYMOUS, -1, 0) = 0x7fd8f3382000
munmap(0x7fd8f3382000, 16384)           = 0
mmap(NULL, 16384, PROT_READ|PROT_WRITE, MAP_PRIVATE|MAP_ANONYMOUS, -1, 0) = 0x7fd8f3382000
munmap(0x7fd8f3382000, 16384)           = 0
mmap(NULL, 16384, PROT_READ|PROT_WRITE, MAP_PRIVATE|MAP_ANONYMOUS, -1, 0) = 0x7fd8f3382000
munmap(0x7fd8f3382000, 16384)           = 0
mmap(NULL, 16384, PROT_READ|PROT_WRITE, MAP_PRIVATE|MAP_ANONYMOUS, -1, 0) = 0x7fd8f3382000
munmap(0x7fd8f3382000, 16384)           = 0
mmap(NULL, 16384, PROT_READ|PROT_WRITE, MAP_PRIVATE|MAP_ANONYMOUS, -1, 0) = 0x7fd8f3382000
munmap(0x7fd8f3382000, 16384)           = 0
mmap(NULL, 16384, PROT_READ|PROT_WRITE, MAP_PRIVATE|MAP_ANONYMOUS, -1, 0) = 0x7fd8f3382000
munmap(0x7fd8f3382000, 16384)           = 0
mmap(NULL, 16384, PROT_READ|PROT_WRITE, MAP_PRIVATE|MAP_ANONYMOUS, -1, 0) = 0x7fd8f3382000
munmap(0x7fd8f3382000, 16384)           = 0
mmap(NULL, 16384, PROT_READ|PROT_WRITE, MAP_PRIVATE|MAP_ANONYMOUS, -1, 0) = 0x7fd8f3382000
munmap(0x7fd8f3382000, 16384)           = 0
mmap(NULL, 16384, PROT_READ|PROT_WRITE, MAP_PRIVATE|MAP_ANONYMOUS, -1, 0) = 0x7fd8f3382000
munmap(0x7fd8f3382000, 16384)           = 0
mmap(NULL, 16384, PROT_READ|PROT_WRITE, MAP_PRIVATE|MAP_ANONYMOUS, -1, 0) = 0x7fd8f3382000
munmap(0x7fd8f3382000, 16384)           = 0
mmap(NULL, 16384, PROT_READ|PROT_WRITE, MAP_PRIVATE|MAP_ANONYMOUS, -1, 0) = 0x7fd8f3382000
munmap(0x7fd8f3382000, 16384)           = 0
mmap(NULL, 16384, PROT_READ|PROT_WRITE, MAP_PRIVATE|MAP_ANONYMOUS, -1, 0) = 0x7fd8f3382000
munmap(0x7fd8f3382000, 16384)           = 0
mmap(NULL, 16384, PROT_READ|PROT_WRITE, MAP_PRIVATE|MAP_ANONYMOUS, -1, 0) = 0x7fd8f3382000
munmap(0x7fd8f3382000, 16384)           = 0
mmap(NULL, 16384, PROT_READ|PROT_WRITE, MAP_PRIVATE|MAP_ANONYMOUS, -1, 0) = 0x7fd8f3382000
munmap(0x7fd8f3382000, 16384)           = 0
mmap(NULL, 16384, PROT_READ|PROT_WRITE, MAP_PRIVATE|MAP_ANONYMOUS, -1, 0) = 0x7fd8f3382000
munmap(0x7fd8f3382000, 16384)           = 0
mmap(NULL, 16384, PROT_READ|PROT_WRITE, MAP_PRIVATE|MAP_ANONYMOUS, -1, 0) = 0x7fd8f3382000
munmap(0x7fd8f3382000, 16384)           = 0
mmap(NULL, 16384, PROT_READ|PROT_WRITE, MAP_PRIVATE|MAP_ANONYMOUS, -1, 0) = 0x7fd8f3382000
munmap(0x7fd8f3382000, 16384)           = 0
mmap(NULL, 16384, PROT_READ|PROT_WRITE, MAP_PRIVATE|MAP_ANONYMOUS, -1, 0) = 0x7fd8f3382000
munmap(0x7fd8f3382000, 16384)           = 0
mmap(NULL, 16384, PROT_READ|PROT_WRITE, MAP_PRIVATE|MAP_ANONYMOUS, -1, 0) = 0x7fd8f3382000
munmap(0x7fd8f3382000, 16384)           = 0
mmap(NULL, 16384, PROT_READ|PROT_WRITE, MAP_PRIVATE|MAP_ANONYMOUS, -1, 0) = 0x7fd8f3382000
munmap(0x7fd8f3382000, 16384)           = 0
mmap(NULL, 16384, PROT_READ|PROT_WRITE, MAP_PRIVATE|MAP_ANONYMOUS, -1, 0) = 0x7fd8f3382000
munmap(0x7fd8f3382000, 16384)           = 0
mmap(NULL, 16384, PROT_READ|PROT_WRITE, MAP_PRIVATE|MAP_ANONYMOUS, -1, 0) = 0x7fd8f3382000
munmap(0x7fd8f3382000, 16384)           = 0
mmap(NULL, 16384, PROT_READ|PROT_WRITE, MAP_PRIVATE|MAP_ANONYMOUS, -1, 0) = 0x7fd8f3382000
munmap(0x7fd8f3382000, 16384)           = 0
mmap(NULL, 16384, PROT_READ|PROT_WRITE, MAP_PRIVATE|MAP_ANONYMOUS, -1, 0) = 0x7fd8f3382000
munmap(0x7fd8f3382000, 16384)           = 0
mmap(NULL, 16384, PROT_READ|PROT_WRITE, MAP_PRIVATE|MAP_ANONYMOUS, -1, 0) = 0x7fd8f3382000
munmap(0x7fd8f3382000, 16384)           = 0
mmap(NULL, 16384, PROT_READ|PROT_WRITE, MAP_PRIVATE|MAP_ANONYMOUS, -1, 0) = 0x7fd8f3382000
munmap(0x7fd8f3382000, 16384)           = 0
mmap(NULL, 16384, PROT_READ|PROT_WRITE, MAP_PRIVATE|MAP_ANONYMOUS, -1, 0) = 0x7fd8f3382000
munmap(0x7fd8f3382000, 16384)           = 0
mmap(NULL, 16384, PROT_READ|PROT_WRITE, MAP_PRIVATE|MAP_ANONYMOUS, -1, 0) = 0x7fd8f3382000
munmap(0x7fd8f3382000, 16384)           = 0
mmap(NULL, 16384, PROT_READ|PROT_WRITE, MAP_PRIVATE|MAP_ANONYMOUS, -1, 0) = 0x7fd8f3382000
munmap(0x7fd8f3382000, 16384)           = 0
mmap(NULL, 16384, PROT_READ|PROT_WRITE, MAP_PRIVATE|MAP_ANONYMOUS, -1, 0) = 0x7fd8f3382000
munmap(0x7fd8f3382000, 16384)           = 0
mmap(NULL, 16384, PROT_READ|PROT_WRITE, MAP_PRIVATE|MAP_ANONYMOUS, -1, 0) = 0x7fd8f3382000
munmap(0x7fd8f3382000, 16384)           = 0
mmap(NULL, 16384, PROT_READ|PROT_WRITE, MAP_PRIVATE|MAP_ANONYMOUS, -1, 0) = 0x7fd8f3382000
munmap(0x7fd8f3382000, 16384)           = 0
mmap(NULL, 16384, PROT_READ|PROT_WRITE, MAP_PRIVATE|MAP_ANONYMOUS, -1, 0) = 0x7fd8f3382000
munmap(0x7fd8f3382000, 16384)           = 0
mmap(NULL, 16384, PROT_READ|PROT_WRITE, MAP_PRIVATE|MAP_ANONYMOUS, -1, 0) = 0x7fd8f3382000
munmap(0x7fd8f3382000, 16384)           = 0
mmap(NULL, 16384, PROT_READ|PROT_WRITE, MAP_PRIVATE|MAP_ANONYMOUS, -1, 0) = 0x7fd8f3382000
munmap(0x7fd8f3382000, 16384)           = 0
mmap(NULL, 16384, PROT_READ|PROT_WRITE, MAP_PRIVATE|MAP_ANONYMOUS, -1, 0) = 0x7fd8f3382000
munmap(0x7fd8f3382000, 16384)           = 0
mmap(NULL, 16384, PROT_READ|PROT_WRITE, MAP_PRIVATE|MAP_ANONYMOUS, -1, 0) = 0x7fd8f3382000
munmap(0x7fd8f3382000, 16384)           = 0
mmap(NULL, 16384, PROT_READ|PROT_WRITE, MAP_PRIVATE|MAP_ANONYMOUS, -1, 0) = 0x7fd8f3382000
munmap(0x7fd8f3382000, 16384)           = 0
mmap(NULL, 16384, PROT_READ|PROT_WRITE, MAP_PRIVATE|MAP_ANONYMOUS, -1, 0) = 0x7fd8f3382000
munmap(0x7fd8f3382000, 16384)           = 0
mmap(NULL, 16384, PROT_READ|PROT_WRITE, MAP_PRIVATE|MAP_ANONYMOUS, -1, 0) = 0x7fd8f3382000
munmap(0x7fd8f3382000, 16384)           = 0
mmap(NULL, 16384, PROT_READ|PROT_WRITE, MAP_PRIVATE|MAP_ANONYMOUS, -1, 0) = 0x7fd8f3382000
munmap(0x7fd8f3382000, 16384)           = 0
mmap(NULL, 16384, PROT_READ|PROT_WRITE, MAP_PRIVATE|MAP_ANONYMOUS, -1, 0) = 0x7fd8f3382000
munmap(0x7fd8f3382000, 16384)           = 0
mmap(NULL, 16384, PROT_READ|PROT_WRITE, MAP_PRIVATE|MAP_ANONYMOUS, -1, 0) = 0x7fd8f3382000
munmap(0x7fd8f3382000, 16384)           = 0
mmap(NULL, 16384, PROT_READ|PROT_WRITE, MAP_PRIVATE|MAP_ANONYMOUS, -1, 0) = 0x7fd8f3382000
munmap(0x7fd8f3382000, 16384)           = 0
mmap(NULL, 16384, PROT_READ|PROT_WRITE, MAP_PRIVATE|MAP_ANONYMOUS, -1, 0) = 0x7fd8f3382000
munmap(0x7fd8f3382000, 16384)           = 0
mmap(NULL, 16384, PROT_READ|PROT_WRITE, MAP_PRIVATE|MAP_ANONYMOUS, -1, 0) = 0x7fd8f3382000
munmap(0x7fd8f3382000, 16384)           = 0
mmap(NULL, 16384, PROT_READ|PROT_WRITE, MAP_PRIVATE|MAP_ANONYMOUS, -1, 0) = 0x7fd8f3382000
munmap(0x7fd8f3382000, 16384)           = 0
mmap(NULL, 16384, PROT_READ|PROT_WRITE, MAP_PRIVATE|MAP_ANONYMOUS, -1, 0) = 0x7fd8f3382000
munmap(0x7fd8f3382000, 16384)           = 0
mmap(NULL, 16384, PROT_READ|PROT_WRITE, MAP_PRIVATE|MAP_ANONYMOUS, -1, 0) = 0x7fd8f3382000
munmap(0x7fd8f3382000, 16384)           = 0
mmap(NULL, 16384, PROT_READ|PROT_WRITE, MAP_PRIVATE|MAP_ANONYMOUS, -1, 0) = 0x7fd8f3382000
munmap(0x7fd8f3382000, 16384)           = 0
mmap(NULL, 16384, PROT_READ|PROT_WRITE, MAP_PRIVATE|MAP_ANONYMOUS, -1, 0) = 0x7fd8f3382000
munmap(0x7fd8f3382000, 16384)           = 0
mmap(NULL, 16384, PROT_READ|PROT_WRITE, MAP_PRIVATE|MAP_ANONYMOUS, -1, 0) = 0x7fd8f3382000
munmap(0x7fd8f3382000, 16384)           = 0
mmap(NULL, 16384, PROT_READ|PROT_WRITE, MAP_PRIVATE|MAP_ANONYMOUS, -1, 0) = 0x7fd8f3382000
munmap(0x7fd8f3382000, 16384)           = 0
mmap(NULL, 16384, PROT_READ|PROT_WRITE, MAP_PRIVATE|MAP_ANONYMOUS, -1, 0) = 0x7fd8f3382000
munmap(0x7fd8f3382000, 16384)           = 0
mmap(NULL, 16384, PROT_READ|PROT_WRITE, MAP_PRIVATE|MAP_ANONYMOUS, -1, 0) = 0x7fd8f3382000
munmap(0x7fd8f3382000, 16384)           = 0
mmap(NULL, 16384, PROT_READ|PROT_WRITE, MAP_PRIVATE|MAP_ANONYMOUS, -1, 0) = 0x7fd8f3382000
munmap(0x7fd8f3382000, 16384)           = 0
mmap(NULL, 16384, PROT_READ|PROT_WRITE, MAP_PRIVATE|MAP_ANONYMOUS, -1, 0) = 0x7fd8f3382000
munmap(0x7fd8f3382000, 16384)           = 0
mmap(NULL, 16384, PROT_READ|PROT_WRITE, MAP_PRIVATE|MAP_ANONYMOUS, -1, 0) = 0x7fd8f3382000
munmap(0x7fd8f3382000, 16384)           = 0
mmap(NULL, 16384, PROT_READ|PROT_WRITE, MAP_PRIVATE|MAP_ANONYMOUS, -1, 0) = 0x7fd8f3382000
munmap(0x7fd8f3382000, 16384)           = 0
mmap(NULL, 16384, PROT_READ|PROT_WRITE, MAP_PRIVATE|MAP_ANONYMOUS, -1, 0) = 0x7fd8f3382000
munmap(0x7fd8f3382000, 16384)           = 0
mmap(NULL, 16384, PROT_READ|PROT_WRITE, MAP_PRIVATE|MAP_ANONYMOUS, -1, 0) = 0x7fd8f3382000
munmap(0x7fd8f3382000, 16384)           = 0
mmap(NULL, 16384, PROT_READ|PROT_WRITE, MAP_PRIVATE|MAP_ANONYMOUS, -1, 0) = 0x7fd8f3382000
munmap(0x7fd8f3382000, 16384)           = 0
mmap(NULL, 16384, PROT_READ|PROT_WRITE, MAP_PRIVATE|MAP_ANONYMOUS, -1, 0) = 0x7fd8f3382000
munmap(0x7fd8f3382000, 16384)           = 0
mmap(NULL, 16384, PROT_READ|PROT_WRITE, MAP_PRIVATE|MAP_ANONYMOUS, -1, 0) = 0x7fd8f3382000
munmap(0x7fd8f3382000, 16384)           = 0
mmap(NULL, 16384, PROT_READ|PROT_WRITE, MAP_PRIVATE|MAP_ANONYMOUS, -1, 0) = 0x7fd8f3382000
munmap(0x7fd8f3382000, 16384)           = 0
mmap(NULL, 16384, PROT_READ|PROT_WRITE, MAP_PRIVATE|MAP_ANONYMOUS, -1, 0) = 0x7fd8f3382000
munmap(0x7fd8f3382000, 16384)           = 0
mmap(NULL, 16384, PROT_READ|PROT_WRITE, MAP_PRIVATE|MAP_ANONYMOUS, -1, 0) = 0x7fd8f3382000
munmap(0x7fd8f3382000, 16384)           = 0
mmap(NULL, 16384, PROT_READ|PROT_WRITE, MAP_PRIVATE|MAP_ANONYMOUS, -1, 0) = 0x7fd8f3382000
munmap(0x7fd8f3382000, 16384)           = 0
mmap(NULL, 16384, PROT_READ|PROT_WRITE, MAP_PRIVATE|MAP_ANONYMOUS, -1, 0) = 0x7fd8f3382000
munmap(0x7fd8f3382000, 16384)           = 0
mmap(NULL, 16384, PROT_READ|PROT_WRITE, MAP_PRIVATE|MAP_ANONYMOUS, -1, 0) = 0x7fd8f3382000
munmap(0x7fd8f3382000, 16384)           = 0
mmap(NULL, 16384, PROT_READ|PROT_WRITE, MAP_PRIVATE|MAP_ANONYMOUS, -1, 0) = 0x7fd8f3382000
munmap(0x7fd8f3382000, 16384)           = 0
mmap(NULL, 16384, PROT_READ|PROT_WRITE, MAP_PRIVATE|MAP_ANONYMOUS, -1, 0) = 0x7fd8f3382000
munmap(0x7fd8f3382000, 16384)           = 0
mmap(NULL, 16384, PROT_READ|PROT_WRITE, MAP_PRIVATE|MAP_ANONYMOUS, -1, 0) = 0x7fd8f3382000
munmap(0x7fd8f3382000, 16384)           = 0
mmap(NULL, 16384, PROT_READ|PROT_WRITE, MAP_PRIVATE|MAP_ANONYMOUS, -1, 0) = 0x7fd8f3382000
munmap(0x7fd8f3382000, 16384)           = 0
mmap(NULL, 16384, PROT_READ|PROT_WRITE, MAP_PRIVATE|MAP_ANONYMOUS, -1, 0) = 0x7fd8f3382000
munmap(0x7fd8f3382000, 16384)           = 0
mmap(NULL, 16384, PROT_READ|PROT_WRITE, MAP_PRIVATE|MAP_ANONYMOUS, -1, 0) = 0x7fd8f3382000
munmap(0x7fd8f3382000, 16384)           = 0
mmap(NULL, 16384, PROT_READ|PROT_WRITE, MAP_PRIVATE|MAP_ANONYMOUS, -1, 0) = 0x7fd8f3382000
munmap(0x7fd8f3382000, 16384)           = 0
mmap(NULL, 16384, PROT_READ|PROT_WRITE, MAP_PRIVATE|MAP_ANONYMOUS, -1, 0) = 0x7fd8f3382000
munmap(0x7fd8f3382000, 16384)           = 0
mmap(NULL, 16384, PROT_READ|PROT_WRITE, MAP_PRIVATE|MAP_ANONYMOUS, -1, 0) = 0x7fd8f3382000
munmap(0x7fd8f3382000, 16384)           = 0
mmap(NULL, 16384, PROT_READ|PROT_WRITE, MAP_PRIVATE|MAP_ANONYMOUS, -1, 0) = 0x7fd8f3382000
munmap(0x7fd8f3382000, 16384)           = 0
mmap(NULL, 16384, PROT_READ|PROT_WRITE, MAP_PRIVATE|MAP_ANONYMOUS, -1, 0) = 0x7fd8f3382000
munmap(0x7fd8f3382000, 16384)           = 0
mmap(NULL, 16384, PROT_READ|PROT_WRITE, MAP_PRIVATE|MAP_ANONYMOUS, -1, 0) = 0x7fd8f3382000
munmap(0x7fd8f3382000, 16384)           = 0
mmap(NULL, 16384, PROT_READ|PROT_WRITE, MAP_PRIVATE|MAP_ANONYMOUS, -1, 0) = 0x7fd8f3382000
munmap(0x7fd8f3382000, 16384)           = 0
mmap(NULL, 16384, PROT_READ|PROT_WRITE, MAP_PRIVATE|MAP_ANONYMOUS, -1, 0) = 0x7fd8f3382000
munmap(0x7fd8f3382000, 16384)           = 0
mmap(NULL, 16384, PROT_READ|PROT_WRITE, MAP_PRIVATE|MAP_ANONYMOUS, -1, 0) = 0x7fd8f3382000
munmap(0x7fd8f3382000, 16384)           = 0
mmap(NULL, 16384, PROT_READ|PROT_WRITE, MAP_PRIVATE|MAP_ANONYMOUS, -1, 0) = 0x7fd8f3382000
munmap(0x7fd8f3382000, 16384)           = 0
mmap(NULL, 16384, PROT_READ|PROT_WRITE, MAP_PRIVATE|MAP_ANONYMOUS, -1, 0) = 0x7fd8f3382000
munmap(0x7fd8f3382000, 16384)           = 0
mmap(NULL, 16384, PROT_READ|PROT_WRITE, MAP_PRIVATE|MAP_ANONYMOUS, -1, 0) = 0x7fd8f3382000
munmap(0x7fd8f3382000, 16384)           = 0
mmap(NULL, 16384, PROT_READ|PROT_WRITE, MAP_PRIVATE|MAP_ANONYMOUS, -1, 0) = 0x7fd8f3382000
munmap(0x7fd8f3382000, 16384)           = 0
mmap(NULL, 16384, PROT_READ|PROT_WRITE, MAP_PRIVATE|MAP_ANONYMOUS, -1, 0) = 0x7fd8f3382000
munmap(0x7fd8f3382000, 16384)           = 0
mmap(NULL, 16384, PROT_READ|PROT_WRITE, MAP_PRIVATE|MAP_ANONYMOUS, -1, 0) = 0x7fd8f3382000
munmap(0x7fd8f3382000, 16384)           = 0
mmap(NULL, 16384, PROT_READ|PROT_WRITE, MAP_PRIVATE|MAP_ANONYMOUS, -1, 0) = 0x7fd8f3382000
munmap(0x7fd8f3382000, 16384)           = 0
mmap(NULL, 16384, PROT_READ|PROT_WRITE, MAP_PRIVATE|MAP_ANONYMOUS, -1, 0) = 0x7fd8f3382000
munmap(0x7fd8f3382000, 16384)           = 0
mmap(NULL, 16384, PROT_READ|PROT_WRITE, MAP_PRIVATE|MAP_ANONYMOUS, -1, 0) = 0x7fd8f3382000
munmap(0x7fd8f3382000, 16384)           = 0
mmap(NULL, 16384, PROT_READ|PROT_WRITE, MAP_PRIVATE|MAP_ANONYMOUS, -1, 0) = 0x7fd8f3382000
munmap(0x7fd8f3382000, 16384)           = 0
mmap(NULL, 16384, PROT_READ|PROT_WRITE, MAP_PRIVATE|MAP_ANONYMOUS, -1, 0) = 0x7fd8f3382000
munmap(0x7fd8f3382000, 16384)           = 0
mmap(NULL, 16384, PROT_READ|PROT_WRITE, MAP_PRIVATE|MAP_ANONYMOUS, -1, 0) = 0x7fd8f3382000
munmap(0x7fd8f3382000, 16384)           = 0
mmap(NULL, 16384, PROT_READ|PROT_WRITE, MAP_PRIVATE|MAP_ANONYMOUS, -1, 0) = 0x7fd8f3382000
munmap(0x7fd8f3382000, 16384)           = 0
mmap(NULL, 16384, PROT_READ|PROT_WRITE, MAP_PRIVATE|MAP_ANONYMOUS, -1, 0) = 0x7fd8f3382000
munmap(0x7fd8f3382000, 16384)           = 0
mmap(NULL, 16384, PROT_READ|PROT_WRITE, MAP_PRIVATE|MAP_ANONYMOUS, -1, 0) = 0x7fd8f3382000
munmap(0x7fd8f3382000, 16384)           = 0
mmap(NULL, 16384, PROT_READ|PROT_WRITE, MAP_PRIVATE|MAP_ANONYMOUS, -1, 0) = 0x7fd8f3382000
munmap(0x7fd8f3382000, 16384)           = 0
mmap(NULL, 16384, PROT_READ|PROT_WRITE, MAP_PRIVATE|MAP_ANONYMOUS, -1, 0) = 0x7fd8f3382000
munmap(0x7fd8f3382000, 16384)           = 0
mmap(NULL, 16384, PROT_READ|PROT_WRITE, MAP_PRIVATE|MAP_ANONYMOUS, -1, 0) = 0x7fd8f3382000
munmap(0x7fd8f3382000, 16384)           = 0
mmap(NULL, 16384, PROT_READ|PROT_WRITE, MAP_PRIVATE|MAP_ANONYMOUS, -1, 0) = 0x7fd8f3382000
munmap(0x7fd8f3382000, 16384)           = 0
mmap(NULL, 16384, PROT_READ|PROT_WRITE, MAP_PRIVATE|MAP_ANONYMOUS, -1, 0) = 0x7fd8f3382000
munmap(0x7fd8f3382000, 16384)           = 0
mmap(NULL, 16384, PROT_READ|PROT_WRITE, MAP_PRIVATE|MAP_ANONYMOUS, -1, 0) = 0x7fd8f3382000
munmap(0x7fd8f3382000, 16384)           = 0
mmap(NULL, 16384, PROT_READ|PROT_WRITE, MAP_PRIVATE|MAP_ANONYMOUS, -1, 0) = 0x7fd8f3382000
munmap(0x7fd8f3382000, 16384)           = 0
mmap(NULL, 16384, PROT_READ|PROT_WRITE, MAP_PRIVATE|MAP_ANONYMOUS, -1, 0) = 0x7fd8f3382000
munmap(0x7fd8f3382000, 16384)           = 0
mmap(NULL, 16384, PROT_READ|PROT_WRITE, MAP_PRIVATE|MAP_ANONYMOUS, -1, 0) = 0x7fd8f3382000
munmap(0x7fd8f3382000, 16384)           = 0
mmap(NULL, 16384, PROT_READ|PROT_WRITE, MAP_PRIVATE|MAP_ANONYMOUS, -1, 0) = 0x7fd8f3382000
munmap(0x7fd8f3382000, 16384)           = 0
mmap(NULL, 16384, PROT_READ|PROT_WRITE, MAP_PRIVATE|MAP_ANONYMOUS, -1, 0) = 0x7fd8f3382000
munmap(0x7fd8f3382000, 16384)           = 0
mmap(NULL, 16384, PROT_READ|PROT_WRITE, MAP_PRIVATE|MAP_ANONYMOUS, -1, 0) = 0x7fd8f3382000
munmap(0x7fd8f3382000, 16384)           = 0
mmap(NULL, 16384, PROT_READ|PROT_WRITE, MAP_PRIVATE|MAP_ANONYMOUS, -1, 0) = 0x7fd8f3382000
munmap(0x7fd8f3382000, 16384)           = 0
mmap(NULL, 16384, PROT_READ|PROT_WRITE, MAP_PRIVATE|MAP_ANONYMOUS, -1, 0) = 0x7fd8f3382000
munmap(0x7fd8f3382000, 16384)           = 0
mmap(NULL, 16384, PROT_READ|PROT_WRITE, MAP_PRIVATE|MAP_ANONYMOUS, -1, 0) = 0x7fd8f3382000
munmap(0x7fd8f3382000, 16384)           = 0
mmap(NULL, 16384, PROT_READ|PROT_WRITE, MAP_PRIVATE|MAP_ANONYMOUS, -1, 0) = 0x7fd8f3382000
munmap(0x7fd8f3382000, 16384)           = 0
mmap(NULL, 16384, PROT_READ|PROT_WRITE, MAP_PRIVATE|MAP_ANONYMOUS, -1, 0) = 0x7fd8f3382000
munmap(0x7fd8f3382000, 16384)           = 0
mmap(NULL, 16384, PROT_READ|PROT_WRITE, MAP_PRIVATE|MAP_ANONYMOUS, -1, 0) = 0x7fd8f3382000
munmap(0x7fd8f3382000, 16384)           = 0
mmap(NULL, 16384, PROT_READ|PROT_WRITE, MAP_PRIVATE|MAP_ANONYMOUS, -1, 0) = 0x7fd8f3382000
munmap(0x7fd8f3382000, 16384)           = 0
mmap(NULL, 16384, PROT_READ|PROT_WRITE, MAP_PRIVATE|MAP_ANONYMOUS, -1, 0) = 0x7fd8f3382000
munmap(0x7fd8f3382000, 16384)           = 0
mmap(NULL, 16384, PROT_READ|PROT_WRITE, MAP_PRIVATE|MAP_ANONYMOUS, -1, 0) = 0x7fd8f3382000
munmap(0x7fd8f3382000, 16384)           = 0
mmap(NULL, 16384, PROT_READ|PROT_WRITE, MAP_PRIVATE|MAP_ANONYMOUS, -1, 0) = 0x7fd8f3382000
munmap(0x7fd8f3382000, 16384)           = 0
mmap(NULL, 16384, PROT_READ|PROT_WRITE, MAP_PRIVATE|MAP_ANONYMOUS, -1, 0) = 0x7fd8f3382000
munmap(0x7fd8f3382000, 16384)           = 0
mmap(NULL, 16384, PROT_READ|PROT_WRITE, MAP_PRIVATE|MAP_ANONYMOUS, -1, 0) = 0x7fd8f3382000
munmap(0x7fd8f3382000, 16384)           = 0
mmap(NULL, 16384, PROT_READ|PROT_WRITE, MAP_PRIVATE|MAP_ANONYMOUS, -1, 0) = 0x7fd8f3382000
munmap(0x7fd8f3382000, 16384)           = 0
mmap(NULL, 16384, PROT_READ|PROT_WRITE, MAP_PRIVATE|MAP_ANONYMOUS, -1, 0) = 0x7fd8f3382000
munmap(0x7fd8f3382000, 16384)           = 0
mmap(NULL, 16384, PROT_READ|PROT_WRITE, MAP_PRIVATE|MAP_ANONYMOUS, -1, 0) = 0x7fd8f3382000
munmap(0x7fd8f3382000, 16384)           = 0
mmap(NULL, 16384, PROT_READ|PROT_WRITE, MAP_PRIVATE|MAP_ANONYMOUS, -1, 0) = 0x7fd8f3382000
munmap(0x7fd8f3382000, 16384)           = 0
mmap(NULL, 16384, PROT_READ|PROT_WRITE, MAP_PRIVATE|MAP_ANONYMOUS, -1, 0) = 0x7fd8f3382000
munmap(0x7fd8f3382000, 16384)           = 0
mmap(NULL, 16384, PROT_READ|PROT_WRITE, MAP_PRIVATE|MAP_ANONYMOUS, -1, 0) = 0x7fd8f3382000
munmap(0x7fd8f3382000, 16384)           = 0
mmap(NULL, 16384, PROT_READ|PROT_WRITE, MAP_PRIVATE|MAP_ANONYMOUS, -1, 0) = 0x7fd8f3382000
munmap(0x7fd8f3382000, 16384)           = 0
mmap(NULL, 16384, PROT_READ|PROT_WRITE, MAP_PRIVATE|MAP_ANONYMOUS, -1, 0) = 0x7fd8f3382000
munmap(0x7fd8f3382000, 16384)           = 0
mmap(NULL, 16384, PROT_READ|PROT_WRITE, MAP_PRIVATE|MAP_ANONYMOUS, -1, 0) = 0x7fd8f3382000
munmap(0x7fd8f3382000, 16384)           = 0
mmap(NULL, 16384, PROT_READ|PROT_WRITE, MAP_PRIVATE|MAP_ANONYMOUS, -1, 0) = 0x7fd8f3382000
munmap(0x7fd8f3382000, 16384)           = 0
mmap(NULL, 16384, PROT_READ|PROT_WRITE, MAP_PRIVATE|MAP_ANONYMOUS, -1, 0) = 0x7fd8f3382000
munmap(0x7fd8f3382000, 16384)           = 0
mmap(NULL, 16384, PROT_READ|PROT_WRITE, MAP_PRIVATE|MAP_ANONYMOUS, -1, 0) = 0x7fd8f3382000
munmap(0x7fd8f3382000, 16384)           = 0
mmap(NULL, 16384, PROT_READ|PROT_WRITE, MAP_PRIVATE|MAP_ANONYMOUS, -1, 0) = 0x7fd8f3382000
munmap(0x7fd8f3382000, 16384)           = 0
mmap(NULL, 16384, PROT_READ|PROT_WRITE, MAP_PRIVATE|MAP_ANONYMOUS, -1, 0) = 0x7fd8f3382000
munmap(0x7fd8f3382000, 16384)           = 0
mmap(NULL, 16384, PROT_READ|PROT_WRITE, MAP_PRIVATE|MAP_ANONYMOUS, -1, 0) = 0x7fd8f3382000
munmap(0x7fd8f3382000, 16384)           = 0
mmap(NULL, 16384, PROT_READ|PROT_WRITE, MAP_PRIVATE|MAP_ANONYMOUS, -1, 0) = 0x7fd8f3382000
munmap(0x7fd8f3382000, 16384)           = 0
mmap(NULL, 16384, PROT_READ|PROT_WRITE, MAP_PRIVATE|MAP_ANONYMOUS, -1, 0) = 0x7fd8f3382000
munmap(0x7fd8f3382000, 16384)           = 0
mmap(NULL, 16384, PROT_READ|PROT_WRITE, MAP_PRIVATE|MAP_ANONYMOUS, -1, 0) = 0x7fd8f3382000
munmap(0x7fd8f3382000, 16384)           = 0
mmap(NULL, 16384, PROT_READ|PROT_WRITE, MAP_PRIVATE|MAP_ANONYMOUS, -1, 0) = 0x7fd8f3382000
munmap(0x7fd8f3382000, 16384)           = 0
mmap(NULL, 16384, PROT_READ|PROT_WRITE, MAP_PRIVATE|MAP_ANONYMOUS, -1, 0) = 0x7fd8f3382000
munmap(0x7fd8f3382000, 16384)           = 0
mmap(NULL, 16384, PROT_READ|PROT_WRITE, MAP_PRIVATE|MAP_ANONYMOUS, -1, 0) = 0x7fd8f3382000
munmap(0x7fd8f3382000, 16384)           = 0
mmap(NULL, 16384, PROT_READ|PROT_WRITE, MAP_PRIVATE|MAP_ANONYMOUS, -1, 0) = 0x7fd8f3382000
munmap(0x7fd8f3382000, 16384)           = 0
mmap(NULL, 16384, PROT_READ|PROT_WRITE, MAP_PRIVATE|MAP_ANONYMOUS, -1, 0) = 0x7fd8f3382000
munmap(0x7fd8f3382000, 16384)           = 0
mmap(NULL, 16384, PROT_READ|PROT_WRITE, MAP_PRIVATE|MAP_ANONYMOUS, -1, 0) = 0x7fd8f3382000
munmap(0x7fd8f3382000, 16384)           = 0
mmap(NULL, 16384, PROT_READ|PROT_WRITE, MAP_PRIVATE|MAP_ANONYMOUS, -1, 0) = 0x7fd8f3382000
munmap(0x7fd8f3382000, 16384)           = 0
mmap(NULL, 16384, PROT_READ|PROT_WRITE, MAP_PRIVATE|MAP_ANONYMOUS, -1, 0) = 0x7fd8f3382000
munmap(0x7fd8f3382000, 16384)           = 0
mmap(NULL, 16384, PROT_READ|PROT_WRITE, MAP_PRIVATE|MAP_ANONYMOUS, -1, 0) = 0x7fd8f3382000
munmap(0x7fd8f3382000, 16384)           = 0
mmap(NULL, 16384, PROT_READ|PROT_WRITE, MAP_PRIVATE|MAP_ANONYMOUS, -1, 0) = 0x7fd8f3382000
munmap(0x7fd8f3382000, 16384)           = 0
mmap(NULL, 16384, PROT_READ|PROT_WRITE, MAP_PRIVATE|MAP_ANONYMOUS, -1, 0) = 0x7fd8f3382000
munmap(0x7fd8f3382000, 16384)           = 0
mmap(NULL, 16384, PROT_READ|PROT_WRITE, MAP_PRIVATE|MAP_ANONYMOUS, -1, 0) = 0x7fd8f3382000
munmap(0x7fd8f3382000, 16384)           = 0
mmap(NULL, 16384, PROT_READ|PROT_WRITE, MAP_PRIVATE|MAP_ANONYMOUS, -1, 0) = 0x7fd8f3382000
munmap(0x7fd8f3382000, 16384)           = 0
mmap(NULL, 16384, PROT_READ|PROT_WRITE, MAP_PRIVATE|MAP_ANONYMOUS, -1, 0) = 0x7fd8f3382000
munmap(0x7fd8f3382000, 16384)           = 0
mmap(NULL, 16384, PROT_READ|PROT_WRITE, MAP_PRIVATE|MAP_ANONYMOUS, -1, 0) = 0x7fd8f3382000
munmap(0x7fd8f3382000, 16384)           = 0
mmap(NULL, 16384, PROT_READ|PROT_WRITE, MAP_PRIVATE|MAP_ANONYMOUS, -1, 0) = 0x7fd8f3382000
munmap(0x7fd8f3382000, 16384)           = 0
mmap(NULL, 16384, PROT_READ|PROT_WRITE, MAP_PRIVATE|MAP_ANONYMOUS, -1, 0) = 0x7fd8f3382000
munmap(0x7fd8f3382000, 16384)           = 0
mmap(NULL, 16384, PROT_READ|PROT_WRITE, MAP_PRIVATE|MAP_ANONYMOUS, -1, 0) = 0x7fd8f3382000
munmap(0x7fd8f3382000, 16384)           = 0
mmap(NULL, 16384, PROT_READ|PROT_WRITE, MAP_PRIVATE|MAP_ANONYMOUS, -1, 0) = 0x7fd8f3382000
munmap(0x7fd8f3382000, 16384)           = 0
mmap(NULL, 16384, PROT_READ|PROT_WRITE, MAP_PRIVATE|MAP_ANONYMOUS, -1, 0) = 0x7fd8f3382000
munmap(0x7fd8f3382000, 16384)           = 0
mmap(NULL, 16384, PROT_READ|PROT_WRITE, MAP_PRIVATE|MAP_ANONYMOUS, -1, 0) = 0x7fd8f3382000
munmap(0x7fd8f3382000, 16384)           = 0
mmap(NULL, 16384, PROT_READ|PROT_WRITE, MAP_PRIVATE|MAP_ANONYMOUS, -1, 0) = 0x7fd8f3382000
munmap(0x7fd8f3382000, 16384)           = 0
mmap(NULL, 16384, PROT_READ|PROT_WRITE, MAP_PRIVATE|MAP_ANONYMOUS, -1, 0) = 0x7fd8f3382000
munmap(0x7fd8f3382000, 16384)           = 0
mmap(NULL, 16384, PROT_READ|PROT_WRITE, MAP_PRIVATE|MAP_ANONYMOUS, -1, 0) = 0x7fd8f3382000
munmap(0x7fd8f3382000, 16384)           = 0
mmap(NULL, 16384, PROT_READ|PROT_WRITE, MAP_PRIVATE|MAP_ANONYMOUS, -1, 0) = 0x7fd8f3382000
munmap(0x7fd8f3382000, 16384)           = 0
mmap(NULL, 16384, PROT_READ|PROT_WRITE, MAP_PRIVATE|MAP_ANONYMOUS, -1, 0) = 0x7fd8f3382000
munmap(0x7fd8f3382000, 16384)           = 0
mmap(NULL, 16384, PROT_READ|PROT_WRITE, MAP_PRIVATE|MAP_ANONYMOUS, -1, 0) = 0x7fd8f3382000
munmap(0x7fd8f3382000, 16384)           = 0
mmap(NULL, 16384, PROT_READ|PROT_WRITE, MAP_PRIVATE|MAP_ANONYMOUS, -1, 0) = 0x7fd8f3382000
munmap(0x7fd8f3382000, 16384)           = 0
mmap(NULL, 16384, PROT_READ|PROT_WRITE, MAP_PRIVATE|MAP_ANONYMOUS, -1, 0) = 0x7fd8f3382000
munmap(0x7fd8f3382000, 16384)           = 0
mmap(NULL, 16384, PROT_READ|PROT_WRITE, MAP_PRIVATE|MAP_ANONYMOUS, -1, 0) = 0x7fd8f3382000
munmap(0x7fd8f3382000, 16384)           = 0
mmap(NULL, 16384, PROT_READ|PROT_WRITE, MAP_PRIVATE|MAP_ANONYMOUS, -1, 0) = 0x7fd8f3382000
munmap(0x7fd8f3382000, 16384)           = 0
mmap(NULL, 16384, PROT_READ|PROT_WRITE, MAP_PRIVATE|MAP_ANONYMOUS, -1, 0) = 0x7fd8f3382000
munmap(0x7fd8f3382000, 16384)           = 0
mmap(NULL, 16384, PROT_READ|PROT_WRITE, MAP_PRIVATE|MAP_ANONYMOUS, -1, 0) = 0x7fd8f3382000
munmap(0x7fd8f3382000, 16384)           = 0
mmap(NULL, 16384, PROT_READ|PROT_WRITE, MAP_PRIVATE|MAP_ANONYMOUS, -1, 0) = 0x7fd8f3382000
munmap(0x7fd8f3382000, 16384)           = 0
mmap(NULL, 16384, PROT_READ|PROT_WRITE, MAP_PRIVATE|MAP_ANONYMOUS, -1, 0) = 0x7fd8f3382000
munmap(0x7fd8f3382000, 16384)           = 0
mmap(NULL, 16384, PROT_READ|PROT_WRITE, MAP_PRIVATE|MAP_ANONYMOUS, -1, 0) = 0x7fd8f3382000
munmap(0x7fd8f3382000, 16384)           = 0
mmap(NULL, 16384, PROT_READ|PROT_WRITE, MAP_PRIVATE|MAP_ANONYMOUS, -1, 0) = 0x7fd8f3382000
munmap(0x7fd8f3382000, 16384)           = 0
mmap(NULL, 16384, PROT_READ|PROT_WRITE, MAP_PRIVATE|MAP_ANONYMOUS, -1, 0) = 0x7fd8f3382000
munmap(0x7fd8f3382000, 16384)           = 0
mmap(NULL, 16384, PROT_READ|PROT_WRITE, MAP_PRIVATE|MAP_ANONYMOUS, -1, 0) = 0x7fd8f3382000
munmap(0x7fd8f3382000, 16384)           = 0
mmap(NULL, 16384, PROT_READ|PROT_WRITE, MAP_PRIVATE|MAP_ANONYMOUS, -1, 0) = 0x7fd8f3382000
munmap(0x7fd8f3382000, 16384)           = 0
mmap(NULL, 16384, PROT_READ|PROT_WRITE, MAP_PRIVATE|MAP_ANONYMOUS, -1, 0) = 0x7fd8f3382000
munmap(0x7fd8f3382000, 16384)           = 0
mmap(NULL, 16384, PROT_READ|PROT_WRITE, MAP_PRIVATE|MAP_ANONYMOUS, -1, 0) = 0x7fd8f3382000
munmap(0x7fd8f3382000, 16384)           = 0
mmap(NULL, 16384, PROT_READ|PROT_WRITE, MAP_PRIVATE|MAP_ANONYMOUS, -1, 0) = 0x7fd8f3382000
munmap(0x7fd8f3382000, 16384)           = 0
mmap(NULL, 16384, PROT_READ|PROT_WRITE, MAP_PRIVATE|MAP_ANONYMOUS, -1, 0) = 0x7fd8f3382000
munmap(0x7fd8f3382000, 16384)           = 0
mmap(NULL, 16384, PROT_READ|PROT_WRITE, MAP_PRIVATE|MAP_ANONYMOUS, -1, 0) = 0x7fd8f3382000
munmap(0x7fd8f3382000, 16384)           = 0
mmap(NULL, 16384, PROT_READ|PROT_WRITE, MAP_PRIVATE|MAP_ANONYMOUS, -1, 0) = 0x7fd8f3382000
munmap(0x7fd8f3382000, 16384)           = 0
mmap(NULL, 16384, PROT_READ|PROT_WRITE, MAP_PRIVATE|MAP_ANONYMOUS, -1, 0) = 0x7fd8f3382000
munmap(0x7fd8f3382000, 16384)           = 0
mmap(NULL, 16384, PROT_READ|PROT_WRITE, MAP_PRIVATE|MAP_ANONYMOUS, -1, 0) = 0x7fd8f3382000
munmap(0x7fd8f3382000, 16384)           = 0
mmap(NULL, 16384, PROT_READ|PROT_WRITE, MAP_PRIVATE|MAP_ANONYMOUS, -1, 0) = 0x7fd8f3382000
munmap(0x7fd8f3382000, 16384)           = 0
mmap(NULL, 16384, PROT_READ|PROT_WRITE, MAP_PRIVATE|MAP_ANONYMOUS, -1, 0) = 0x7fd8f3382000
munmap(0x7fd8f3382000, 16384)           = 0
mmap(NULL, 16384, PROT_READ|PROT_WRITE, MAP_PRIVATE|MAP_ANONYMOUS, -1, 0) = 0x7fd8f3382000
munmap(0x7fd8f3382000, 16384)           = 0
mmap(NULL, 16384, PROT_READ|PROT_WRITE, MAP_PRIVATE|MAP_ANONYMOUS, -1, 0) = 0x7fd8f3382000
munmap(0x7fd8f3382000, 16384)           = 0
mmap(NULL, 16384, PROT_READ|PROT_WRITE, MAP_PRIVATE|MAP_ANONYMOUS, -1, 0) = 0x7fd8f3382000
munmap(0x7fd8f3382000, 16384)           = 0
mmap(NULL, 16384, PROT_READ|PROT_WRITE, MAP_PRIVATE|MAP_ANONYMOUS, -1, 0) = 0x7fd8f3382000
munmap(0x7fd8f3382000, 16384)           = 0
mmap(NULL, 16384, PROT_READ|PROT_WRITE, MAP_PRIVATE|MAP_ANONYMOUS, -1, 0) = 0x7fd8f3382000
munmap(0x7fd8f3382000, 16384)           = 0
mmap(NULL, 16384, PROT_READ|PROT_WRITE, MAP_PRIVATE|MAP_ANONYMOUS, -1, 0) = 0x7fd8f3382000
munmap(0x7fd8f3382000, 16384)           = 0
mmap(NULL, 16384, PROT_READ|PROT_WRITE, MAP_PRIVATE|MAP_ANONYMOUS, -1, 0) = 0x7fd8f3382000
munmap(0x7fd8f3382000, 16384)           = 0
mmap(NULL, 16384, PROT_READ|PROT_WRITE, MAP_PRIVATE|MAP_ANONYMOUS, -1, 0) = 0x7fd8f3382000
munmap(0x7fd8f3382000, 16384)           = 0
mmap(NULL, 16384, PROT_READ|PROT_WRITE, MAP_PRIVATE|MAP_ANONYMOUS, -1, 0) = 0x7fd8f3382000
munmap(0x7fd8f3382000, 16384)           = 0
mmap(NULL, 16384, PROT_READ|PROT_WRITE, MAP_PRIVATE|MAP_ANONYMOUS, -1, 0) = 0x7fd8f3382000
munmap(0x7fd8f3382000, 16384)           = 0
mmap(NULL, 16384, PROT_READ|PROT_WRITE, MAP_PRIVATE|MAP_ANONYMOUS, -1, 0) = 0x7fd8f3382000
munmap(0x7fd8f3382000, 16384)           = 0
mmap(NULL, 16384, PROT_READ|PROT_WRITE, MAP_PRIVATE|MAP_ANONYMOUS, -1, 0) = 0x7fd8f3382000
munmap(0x7fd8f3382000, 16384)           = 0
mmap(NULL, 16384, PROT_READ|PROT_WRITE, MAP_PRIVATE|MAP_ANONYMOUS, -1, 0) = 0x7fd8f3382000
munmap(0x7fd8f3382000, 16384)           = 0
mmap(NULL, 16384, PROT_READ|PROT_WRITE, MAP_PRIVATE|MAP_ANONYMOUS, -1, 0) = 0x7fd8f3382000
munmap(0x7fd8f3382000, 16384)           = 0
mmap(NULL, 16384, PROT_READ|PROT_WRITE, MAP_PRIVATE|MAP_ANONYMOUS, -1, 0) = 0x7fd8f3382000
munmap(0x7fd8f3382000, 16384)           = 0
mmap(NULL, 16384, PROT_READ|PROT_WRITE, MAP_PRIVATE|MAP_ANONYMOUS, -1, 0) = 0x7fd8f3382000
munmap(0x7fd8f3382000, 16384)           = 0
mmap(NULL, 16384, PROT_READ|PROT_WRITE, MAP_PRIVATE|MAP_ANONYMOUS, -1, 0) = 0x7fd8f3382000
munmap(0x7fd8f3382000, 16384)           = 0
mmap(NULL, 16384, PROT_READ|PROT_WRITE, MAP_PRIVATE|MAP_ANONYMOUS, -1, 0) = 0x7fd8f3382000
munmap(0x7fd8f3382000, 16384)           = 0
mmap(NULL, 16384, PROT_READ|PROT_WRITE, MAP_PRIVATE|MAP_ANONYMOUS, -1, 0) = 0x7fd8f3382000
munmap(0x7fd8f3382000, 16384)           = 0
mmap(NULL, 16384, PROT_READ|PROT_WRITE, MAP_PRIVATE|MAP_ANONYMOUS, -1, 0) = 0x7fd8f3382000
munmap(0x7fd8f3382000, 16384)           = 0
mmap(NULL, 16384, PROT_READ|PROT_WRITE, MAP_PRIVATE|MAP_ANONYMOUS, -1, 0) = 0x7fd8f3382000
munmap(0x7fd8f3382000, 16384)           = 0
mmap(NULL, 16384, PROT_READ|PROT_WRITE, MAP_PRIVATE|MAP_ANONYMOUS, -1, 0) = 0x7fd8f3382000
munmap(0x7fd8f3382000, 16384)           = 0
mmap(NULL, 16384, PROT_READ|PROT_WRITE, MAP_PRIVATE|MAP_ANONYMOUS, -1, 0) = 0x7fd8f3382000
munmap(0x7fd8f3382000, 16384)           = 0
mmap(NULL, 16384, PROT_READ|PROT_WRITE, MAP_PRIVATE|MAP_ANONYMOUS, -1, 0) = 0x7fd8f3382000
munmap(0x7fd8f3382000, 16384)           = 0
mmap(NULL, 16384, PROT_READ|PROT_WRITE, MAP_PRIVATE|MAP_ANONYMOUS, -1, 0) = 0x7fd8f3382000
munmap(0x7fd8f3382000, 16384)           = 0
mmap(NULL, 16384, PROT_READ|PROT_WRITE, MAP_PRIVATE|MAP_ANONYMOUS, -1, 0) = 0x7fd8f3382000
munmap(0x7fd8f3382000, 16384)           = 0
mmap(NULL, 16384, PROT_READ|PROT_WRITE, MAP_PRIVATE|MAP_ANONYMOUS, -1, 0) = 0x7fd8f3382000
munmap(0x7fd8f3382000, 16384)           = 0
mmap(NULL, 16384, PROT_READ|PROT_WRITE, MAP_PRIVATE|MAP_ANONYMOUS, -1, 0) = 0x7fd8f3382000
munmap(0x7fd8f3382000, 16384)           = 0
mmap(NULL, 16384, PROT_READ|PROT_WRITE, MAP_PRIVATE|MAP_ANONYMOUS, -1, 0) = 0x7fd8f3382000
munmap(0x7fd8f3382000, 16384)           = 0
mmap(NULL, 16384, PROT_READ|PROT_WRITE, MAP_PRIVATE|MAP_ANONYMOUS, -1, 0) = 0x7fd8f3382000
munmap(0x7fd8f3382000, 16384)           = 0
mmap(NULL, 16384, PROT_READ|PROT_WRITE, MAP_PRIVATE|MAP_ANONYMOUS, -1, 0) = 0x7fd8f3382000
munmap(0x7fd8f3382000, 16384)           = 0
mmap(NULL, 16384, PROT_READ|PROT_WRITE, MAP_PRIVATE|MAP_ANONYMOUS, -1, 0) = 0x7fd8f3382000
munmap(0x7fd8f3382000, 16384)           = 0
mmap(NULL, 16384, PROT_READ|PROT_WRITE, MAP_PRIVATE|MAP_ANONYMOUS, -1, 0) = 0x7fd8f3382000
munmap(0x7fd8f3382000, 16384)           = 0
mmap(NULL, 16384, PROT_READ|PROT_WRITE, MAP_PRIVATE|MAP_ANONYMOUS, -1, 0) = 0x7fd8f3382000
munmap(0x7fd8f3382000, 16384)           = 0
mmap(NULL, 16384, PROT_READ|PROT_WRITE, MAP_PRIVATE|MAP_ANONYMOUS, -1, 0) = 0x7fd8f3382000
munmap(0x7fd8f3382000, 16384)           = 0
mmap(NULL, 16384, PROT_READ|PROT_WRITE, MAP_PRIVATE|MAP_ANONYMOUS, -1, 0) = 0x7fd8f3382000
munmap(0x7fd8f3382000, 16384)           = 0
mmap(NULL, 16384, PROT_READ|PROT_WRITE, MAP_PRIVATE|MAP_ANONYMOUS, -1, 0) = 0x7fd8f3382000
munmap(0x7fd8f3382000, 16384)           = 0
mmap(NULL, 16384, PROT_READ|PROT_WRITE, MAP_PRIVATE|MAP_ANONYMOUS, -1, 0) = 0x7fd8f3382000
munmap(0x7fd8f3382000, 16384)           = 0
mmap(NULL, 16384, PROT_READ|PROT_WRITE, MAP_PRIVATE|MAP_ANONYMOUS, -1, 0) = 0x7fd8f3382000
munmap(0x7fd8f3382000, 16384)           = 0
mmap(NULL, 16384, PROT_READ|PROT_WRITE, MAP_PRIVATE|MAP_ANONYMOUS, -1, 0) = 0x7fd8f3382000
munmap(0x7fd8f3382000, 16384)           = 0
mmap(NULL, 16384, PROT_READ|PROT_WRITE, MAP_PRIVATE|MAP_ANONYMOUS, -1, 0) = 0x7fd8f3382000
munmap(0x7fd8f3382000, 16384)           = 0
mmap(NULL, 16384, PROT_READ|PROT_WRITE, MAP_PRIVATE|MAP_ANONYMOUS, -1, 0) = 0x7fd8f3382000
munmap(0x7fd8f3382000, 16384)           = 0
mmap(NULL, 16384, PROT_READ|PROT_WRITE, MAP_PRIVATE|MAP_ANONYMOUS, -1, 0) = 0x7fd8f3382000
munmap(0x7fd8f3382000, 16384)           = 0
mmap(NULL, 16384, PROT_READ|PROT_WRITE, MAP_PRIVATE|MAP_ANONYMOUS, -1, 0) = 0x7fd8f3382000
munmap(0x7fd8f3382000, 16384)           = 0
mmap(NULL, 16384, PROT_READ|PROT_WRITE, MAP_PRIVATE|MAP_ANONYMOUS, -1, 0) = 0x7fd8f3382000
munmap(0x7fd8f3382000, 16384)           = 0
mmap(NULL, 16384, PROT_READ|PROT_WRITE, MAP_PRIVATE|MAP_ANONYMOUS, -1, 0) = 0x7fd8f3382000
munmap(0x7fd8f3382000, 16384)           = 0
mmap(NULL, 16384, PROT_READ|PROT_WRITE, MAP_PRIVATE|MAP_ANONYMOUS, -1, 0) = 0x7fd8f3382000
munmap(0x7fd8f3382000, 16384)           = 0
mmap(NULL, 16384, PROT_READ|PROT_WRITE, MAP_PRIVATE|MAP_ANONYMOUS, -1, 0) = 0x7fd8f3382000
munmap(0x7fd8f3382000, 16384)           = 0
mmap(NULL, 16384, PROT_READ|PROT_WRITE, MAP_PRIVATE|MAP_ANONYMOUS, -1, 0) = 0x7fd8f3382000
munmap(0x7fd8f3382000, 16384)           = 0
mmap(NULL, 16384, PROT_READ|PROT_WRITE, MAP_PRIVATE|MAP_ANONYMOUS, -1, 0) = 0x7fd8f3382000
munmap(0x7fd8f3382000, 16384)           = 0
mmap(NULL, 16384, PROT_READ|PROT_WRITE, MAP_PRIVATE|MAP_ANONYMOUS, -1, 0) = 0x7fd8f3382000
munmap(0x7fd8f3382000, 16384)           = 0
mmap(NULL, 16384, PROT_READ|PROT_WRITE, MAP_PRIVATE|MAP_ANONYMOUS, -1, 0) = 0x7fd8f3382000
munmap(0x7fd8f3382000, 16384)           = 0
mmap(NULL, 16384, PROT_READ|PROT_WRITE, MAP_PRIVATE|MAP_ANONYMOUS, -1, 0) = 0x7fd8f3382000
munmap(0x7fd8f3382000, 16384)           = 0
mmap(NULL, 16384, PROT_READ|PROT_WRITE, MAP_PRIVATE|MAP_ANONYMOUS, -1, 0) = 0x7fd8f3382000
munmap(0x7fd8f3382000, 16384)           = 0
mmap(NULL, 16384, PROT_READ|PROT_WRITE, MAP_PRIVATE|MAP_ANONYMOUS, -1, 0) = 0x7fd8f3382000
munmap(0x7fd8f3382000, 16384)           = 0
mmap(NULL, 16384, PROT_READ|PROT_WRITE, MAP_PRIVATE|MAP_ANONYMOUS, -1, 0) = 0x7fd8f3382000
munmap(0x7fd8f3382000, 16384)           = 0
mmap(NULL, 16384, PROT_READ|PROT_WRITE, MAP_PRIVATE|MAP_ANONYMOUS, -1, 0) = 0x7fd8f3382000
munmap(0x7fd8f3382000, 16384)           = 0
mmap(NULL, 16384, PROT_READ|PROT_WRITE, MAP_PRIVATE|MAP_ANONYMOUS, -1, 0) = 0x7fd8f3382000
munmap(0x7fd8f3382000, 16384)           = 0
mmap(NULL, 16384, PROT_READ|PROT_WRITE, MAP_PRIVATE|MAP_ANONYMOUS, -1, 0) = 0x7fd8f3382000
munmap(0x7fd8f3382000, 16384)           = 0
mmap(NULL, 16384, PROT_READ|PROT_WRITE, MAP_PRIVATE|MAP_ANONYMOUS, -1, 0) = 0x7fd8f3382000
munmap(0x7fd8f3382000, 16384)           = 0
mmap(NULL, 16384, PROT_READ|PROT_WRITE, MAP_PRIVATE|MAP_ANONYMOUS, -1, 0) = 0x7fd8f3382000
munmap(0x7fd8f3382000, 16384)           = 0
mmap(NULL, 16384, PROT_READ|PROT_WRITE, MAP_PRIVATE|MAP_ANONYMOUS, -1, 0) = 0x7fd8f3382000
munmap(0x7fd8f3382000, 16384)           = 0
mmap(NULL, 16384, PROT_READ|PROT_WRITE, MAP_PRIVATE|MAP_ANONYMOUS, -1, 0) = 0x7fd8f3382000
munmap(0x7fd8f3382000, 16384)           = 0
mmap(NULL, 16384, PROT_READ|PROT_WRITE, MAP_PRIVATE|MAP_ANONYMOUS, -1, 0) = 0x7fd8f3382000
munmap(0x7fd8f3382000, 16384)           = 0
mmap(NULL, 16384, PROT_READ|PROT_WRITE, MAP_PRIVATE|MAP_ANONYMOUS, -1, 0) = 0x7fd8f3382000
munmap(0x7fd8f3382000, 16384)           = 0
mmap(NULL, 16384, PROT_READ|PROT_WRITE, MAP_PRIVATE|MAP_ANONYMOUS, -1, 0) = 0x7fd8f3382000
munmap(0x7fd8f3382000, 16384)           = 0
mmap(NULL, 16384, PROT_READ|PROT_WRITE, MAP_PRIVATE|MAP_ANONYMOUS, -1, 0) = 0x7fd8f3382000
munmap(0x7fd8f3382000, 16384)           = 0
mmap(NULL, 16384, PROT_READ|PROT_WRITE, MAP_PRIVATE|MAP_ANONYMOUS, -1, 0) = 0x7fd8f3382000
munmap(0x7fd8f3382000, 16384)           = 0
mmap(NULL, 16384, PROT_READ|PROT_WRITE, MAP_PRIVATE|MAP_ANONYMOUS, -1, 0) = 0x7fd8f3382000
munmap(0x7fd8f3382000, 16384)           = 0
mmap(NULL, 16384, PROT_READ|PROT_WRITE, MAP_PRIVATE|MAP_ANONYMOUS, -1, 0) = 0x7fd8f3382000
munmap(0x7fd8f3382000, 16384)           = 0
mmap(NULL, 16384, PROT_READ|PROT_WRITE, MAP_PRIVATE|MAP_ANONYMOUS, -1, 0) = 0x7fd8f3382000
munmap(0x7fd8f3382000, 16384)           = 0
mmap(NULL, 16384, PROT_READ|PROT_WRITE, MAP_PRIVATE|MAP_ANONYMOUS, -1, 0) = 0x7fd8f3382000
munmap(0x7fd8f3382000, 16384)           = 0
mmap(NULL, 16384, PROT_READ|PROT_WRITE, MAP_PRIVATE|MAP_ANONYMOUS, -1, 0) = 0x7fd8f3382000
munmap(0x7fd8f3382000, 16384)           = 0
mmap(NULL, 16384, PROT_READ|PROT_WRITE, MAP_PRIVATE|MAP_ANONYMOUS, -1, 0) = 0x7fd8f3382000
munmap(0x7fd8f3382000, 16384)           = 0
mmap(NULL, 16384, PROT_READ|PROT_WRITE, MAP_PRIVATE|MAP_ANONYMOUS, -1, 0) = 0x7fd8f3382000
munmap(0x7fd8f3382000, 16384)           = 0
mmap(NULL, 16384, PROT_READ|PROT_WRITE, MAP_PRIVATE|MAP_ANONYMOUS, -1, 0) = 0x7fd8f3382000
munmap(0x7fd8f3382000, 16384)           = 0
mmap(NULL, 16384, PROT_READ|PROT_WRITE, MAP_PRIVATE|MAP_ANONYMOUS, -1, 0) = 0x7fd8f3382000
munmap(0x7fd8f3382000, 16384)           = 0
mmap(NULL, 16384, PROT_READ|PROT_WRITE, MAP_PRIVATE|MAP_ANONYMOUS, -1, 0) = 0x7fd8f3382000
munmap(0x7fd8f3382000, 16384)           = 0
mmap(NULL, 16384, PROT_READ|PROT_WRITE, MAP_PRIVATE|MAP_ANONYMOUS, -1, 0) = 0x7fd8f3382000
munmap(0x7fd8f3382000, 16384)           = 0
mmap(NULL, 16384, PROT_READ|PROT_WRITE, MAP_PRIVATE|MAP_ANONYMOUS, -1, 0) = 0x7fd8f3382000
munmap(0x7fd8f3382000, 16384)           = 0
mmap(NULL, 16384, PROT_READ|PROT_WRITE, MAP_PRIVATE|MAP_ANONYMOUS, -1, 0) = 0x7fd8f3382000
munmap(0x7fd8f3382000, 16384)           = 0
mmap(NULL, 16384, PROT_READ|PROT_WRITE, MAP_PRIVATE|MAP_ANONYMOUS, -1, 0) = 0x7fd8f3382000
munmap(0x7fd8f3382000, 16384)           = 0
mmap(NULL, 16384, PROT_READ|PROT_WRITE, MAP_PRIVATE|MAP_ANONYMOUS, -1, 0) = 0x7fd8f3382000
munmap(0x7fd8f3382000, 16384)           = 0
mmap(NULL, 16384, PROT_READ|PROT_WRITE, MAP_PRIVATE|MAP_ANONYMOUS, -1, 0) = 0x7fd8f3382000
munmap(0x7fd8f3382000, 16384)           = 0
mmap(NULL, 16384, PROT_READ|PROT_WRITE, MAP_PRIVATE|MAP_ANONYMOUS, -1, 0) = 0x7fd8f3382000
munmap(0x7fd8f3382000, 16384)           = 0
mmap(NULL, 16384, PROT_READ|PROT_WRITE, MAP_PRIVATE|MAP_ANONYMOUS, -1, 0) = 0x7fd8f3382000
munmap(0x7fd8f3382000, 16384)           = 0
mmap(NULL, 16384, PROT_READ|PROT_WRITE, MAP_PRIVATE|MAP_ANONYMOUS, -1, 0) = 0x7fd8f3382000
munmap(0x7fd8f3382000, 16384)           = 0
mmap(NULL, 16384, PROT_READ|PROT_WRITE, MAP_PRIVATE|MAP_ANONYMOUS, -1, 0) = 0x7fd8f3382000
munmap(0x7fd8f3382000, 16384)           = 0
mmap(NULL, 16384, PROT_READ|PROT_WRITE, MAP_PRIVATE|MAP_ANONYMOUS, -1, 0) = 0x7fd8f3382000
munmap(0x7fd8f3382000, 16384)           = 0
mmap(NULL, 16384, PROT_READ|PROT_WRITE, MAP_PRIVATE|MAP_ANONYMOUS, -1, 0) = 0x7fd8f3382000
munmap(0x7fd8f3382000, 16384)           = 0
mmap(NULL, 16384, PROT_READ|PROT_WRITE, MAP_PRIVATE|MAP_ANONYMOUS, -1, 0) = 0x7fd8f3382000
munmap(0x7fd8f3382000, 16384)           = 0
mmap(NULL, 16384, PROT_READ|PROT_WRITE, MAP_PRIVATE|MAP_ANONYMOUS, -1, 0) = 0x7fd8f3382000
munmap(0x7fd8f3382000, 16384)           = 0
mmap(NULL, 16384, PROT_READ|PROT_WRITE, MAP_PRIVATE|MAP_ANONYMOUS, -1, 0) = 0x7fd8f3382000
munmap(0x7fd8f3382000, 16384)           = 0
mmap(NULL, 16384, PROT_READ|PROT_WRITE, MAP_PRIVATE|MAP_ANONYMOUS, -1, 0) = 0x7fd8f3382000
munmap(0x7fd8f3382000, 16384)           = 0
mmap(NULL, 16384, PROT_READ|PROT_WRITE, MAP_PRIVATE|MAP_ANONYMOUS, -1, 0) = 0x7fd8f3382000
munmap(0x7fd8f3382000, 16384)           = 0
mmap(NULL, 16384, PROT_READ|PROT_WRITE, MAP_PRIVATE|MAP_ANONYMOUS, -1, 0) = 0x7fd8f3382000
munmap(0x7fd8f3382000, 16384)           = 0
mmap(NULL, 16384, PROT_READ|PROT_WRITE, MAP_PRIVATE|MAP_ANONYMOUS, -1, 0) = 0x7fd8f3382000
munmap(0x7fd8f3382000, 16384)           = 0
mmap(NULL, 16384, PROT_READ|PROT_WRITE, MAP_PRIVATE|MAP_ANONYMOUS, -1, 0) = 0x7fd8f3382000
munmap(0x7fd8f3382000, 16384)           = 0
mmap(NULL, 16384, PROT_READ|PROT_WRITE, MAP_PRIVATE|MAP_ANONYMOUS, -1, 0) = 0x7fd8f3382000
munmap(0x7fd8f3382000, 16384)           = 0
mmap(NULL, 16384, PROT_READ|PROT_WRITE, MAP_PRIVATE|MAP_ANONYMOUS, -1, 0) = 0x7fd8f3382000
munmap(0x7fd8f3382000, 16384)           = 0
mmap(NULL, 16384, PROT_READ|PROT_WRITE, MAP_PRIVATE|MAP_ANONYMOUS, -1, 0) = 0x7fd8f3382000
munmap(0x7fd8f3382000, 16384)           = 0
mmap(NULL, 16384, PROT_READ|PROT_WRITE, MAP_PRIVATE|MAP_ANONYMOUS, -1, 0) = 0x7fd8f3382000
munmap(0x7fd8f3382000, 16384)           = 0
mmap(NULL, 16384, PROT_READ|PROT_WRITE, MAP_PRIVATE|MAP_ANONYMOUS, -1, 0) = 0x7fd8f3382000
munmap(0x7fd8f3382000, 16384)           = 0
mmap(NULL, 16384, PROT_READ|PROT_WRITE, MAP_PRIVATE|MAP_ANONYMOUS, -1, 0) = 0x7fd8f3382000
munmap(0x7fd8f3382000, 16384)           = 0
mmap(NULL, 16384, PROT_READ|PROT_WRITE, MAP_PRIVATE|MAP_ANONYMOUS, -1, 0) = 0x7fd8f3382000
munmap(0x7fd8f3382000, 16384)           = 0
mmap(NULL, 16384, PROT_READ|PROT_WRITE, MAP_PRIVATE|MAP_ANONYMOUS, -1, 0) = 0x7fd8f3382000
munmap(0x7fd8f3382000, 16384)           = 0
mmap(NULL, 16384, PROT_READ|PROT_WRITE, MAP_PRIVATE|MAP_ANONYMOUS, -1, 0) = 0x7fd8f3382000
munmap(0x7fd8f3382000, 16384)           = 0
mmap(NULL, 16384, PROT_READ|PROT_WRITE, MAP_PRIVATE|MAP_ANONYMOUS, -1, 0) = 0x7fd8f3382000
munmap(0x7fd8f3382000, 16384)           = 0
mmap(NULL, 16384, PROT_READ|PROT_WRITE, MAP_PRIVATE|MAP_ANONYMOUS, -1, 0) = 0x7fd8f3382000
munmap(0x7fd8f3382000, 16384)           = 0
mmap(NULL, 16384, PROT_READ|PROT_WRITE, MAP_PRIVATE|MAP_ANONYMOUS, -1, 0) = 0x7fd8f3382000
munmap(0x7fd8f3382000, 16384)           = 0
mmap(NULL, 16384, PROT_READ|PROT_WRITE, MAP_PRIVATE|MAP_ANONYMOUS, -1, 0) = 0x7fd8f3382000
munmap(0x7fd8f3382000, 16384)           = 0
mmap(NULL, 16384, PROT_READ|PROT_WRITE, MAP_PRIVATE|MAP_ANONYMOUS, -1, 0) = 0x7fd8f3382000
munmap(0x7fd8f3382000, 16384)           = 0
mmap(NULL, 16384, PROT_READ|PROT_WRITE, MAP_PRIVATE|MAP_ANONYMOUS, -1, 0) = 0x7fd8f3382000
munmap(0x7fd8f3382000, 16384)           = 0
mmap(NULL, 16384, PROT_READ|PROT_WRITE, MAP_PRIVATE|MAP_ANONYMOUS, -1, 0) = 0x7fd8f3382000
munmap(0x7fd8f3382000, 16384)           = 0
mmap(NULL, 16384, PROT_READ|PROT_WRITE, MAP_PRIVATE|MAP_ANONYMOUS, -1, 0) = 0x7fd8f3382000
munmap(0x7fd8f3382000, 16384)           = 0
mmap(NULL, 16384, PROT_READ|PROT_WRITE, MAP_PRIVATE|MAP_ANONYMOUS, -1, 0) = 0x7fd8f3382000
munmap(0x7fd8f3382000, 16384)           = 0
mmap(NULL, 16384, PROT_READ|PROT_WRITE, MAP_PRIVATE|MAP_ANONYMOUS, -1, 0) = 0x7fd8f3382000
munmap(0x7fd8f3382000, 16384)           = 0
mmap(NULL, 16384, PROT_READ|PROT_WRITE, MAP_PRIVATE|MAP_ANONYMOUS, -1, 0) = 0x7fd8f3382000
munmap(0x7fd8f3382000, 16384)           = 0
mmap(NULL, 16384, PROT_READ|PROT_WRITE, MAP_PRIVATE|MAP_ANONYMOUS, -1, 0) = 0x7fd8f3382000
munmap(0x7fd8f3382000, 16384)           = 0
mmap(NULL, 16384, PROT_READ|PROT_WRITE, MAP_PRIVATE|MAP_ANONYMOUS, -1, 0) = 0x7fd8f3382000
munmap(0x7fd8f3382000, 16384)           = 0
mmap(NULL, 16384, PROT_READ|PROT_WRITE, MAP_PRIVATE|MAP_ANONYMOUS, -1, 0) = 0x7fd8f3382000
munmap(0x7fd8f3382000, 16384)           = 0
mmap(NULL, 16384, PROT_READ|PROT_WRITE, MAP_PRIVATE|MAP_ANONYMOUS, -1, 0) = 0x7fd8f3382000
munmap(0x7fd8f3382000, 16384)           = 0
mmap(NULL, 16384, PROT_READ|PROT_WRITE, MAP_PRIVATE|MAP_ANONYMOUS, -1, 0) = 0x7fd8f3382000
munmap(0x7fd8f3382000, 16384)           = 0
mmap(NULL, 16384, PROT_READ|PROT_WRITE, MAP_PRIVATE|MAP_ANONYMOUS, -1, 0) = 0x7fd8f3382000
munmap(0x7fd8f3382000, 16384)           = 0
mmap(NULL, 16384, PROT_READ|PROT_WRITE, MAP_PRIVATE|MAP_ANONYMOUS, -1, 0) = 0x7fd8f3382000
munmap(0x7fd8f3382000, 16384)           = 0
mmap(NULL, 16384, PROT_READ|PROT_WRITE, MAP_PRIVATE|MAP_ANONYMOUS, -1, 0) = 0x7fd8f3382000
munmap(0x7fd8f3382000, 16384)           = 0
mmap(NULL, 16384, PROT_READ|PROT_WRITE, MAP_PRIVATE|MAP_ANONYMOUS, -1, 0) = 0x7fd8f3382000
munmap(0x7fd8f3382000, 16384)           = 0
mmap(NULL, 16384, PROT_READ|PROT_WRITE, MAP_PRIVATE|MAP_ANONYMOUS, -1, 0) = 0x7fd8f3382000
munmap(0x7fd8f3382000, 16384)           = 0
mmap(NULL, 16384, PROT_READ|PROT_WRITE, MAP_PRIVATE|MAP_ANONYMOUS, -1, 0) = 0x7fd8f3382000
munmap(0x7fd8f3382000, 16384)           = 0
mmap(NULL, 16384, PROT_READ|PROT_WRITE, MAP_PRIVATE|MAP_ANONYMOUS, -1, 0) = 0x7fd8f3382000
munmap(0x7fd8f3382000, 16384)           = 0
mmap(NULL, 16384, PROT_READ|PROT_WRITE, MAP_PRIVATE|MAP_ANONYMOUS, -1, 0) = 0x7fd8f3382000
munmap(0x7fd8f3382000, 16384)           = 0
mmap(NULL, 16384, PROT_READ|PROT_WRITE, MAP_PRIVATE|MAP_ANONYMOUS, -1, 0) = 0x7fd8f3382000
munmap(0x7fd8f3382000, 16384)           = 0
mmap(NULL, 16384, PROT_READ|PROT_WRITE, MAP_PRIVATE|MAP_ANONYMOUS, -1, 0) = 0x7fd8f3382000
munmap(0x7fd8f3382000, 16384)           = 0
mmap(NULL, 16384, PROT_READ|PROT_WRITE, MAP_PRIVATE|MAP_ANONYMOUS, -1, 0) = 0x7fd8f3382000
munmap(0x7fd8f3382000, 16384)           = 0
mmap(NULL, 16384, PROT_READ|PROT_WRITE, MAP_PRIVATE|MAP_ANONYMOUS, -1, 0) = 0x7fd8f3382000
munmap(0x7fd8f3382000, 16384)           = 0
mmap(NULL, 16384, PROT_READ|PROT_WRITE, MAP_PRIVATE|MAP_ANONYMOUS, -1, 0) = 0x7fd8f3382000
munmap(0x7fd8f3382000, 16384)           = 0
mmap(NULL, 16384, PROT_READ|PROT_WRITE, MAP_PRIVATE|MAP_ANONYMOUS, -1, 0) = 0x7fd8f3382000
munmap(0x7fd8f3382000, 16384)           = 0
mmap(NULL, 16384, PROT_READ|PROT_WRITE, MAP_PRIVATE|MAP_ANONYMOUS, -1, 0) = 0x7fd8f3382000
munmap(0x7fd8f3382000, 16384)           = 0
mmap(NULL, 16384, PROT_READ|PROT_WRITE, MAP_PRIVATE|MAP_ANONYMOUS, -1, 0) = 0x7fd8f3382000
munmap(0x7fd8f3382000, 16384)           = 0
mmap(NULL, 16384, PROT_READ|PROT_WRITE, MAP_PRIVATE|MAP_ANONYMOUS, -1, 0) = 0x7fd8f3382000
munmap(0x7fd8f3382000, 16384)           = 0
mmap(NULL, 16384, PROT_READ|PROT_WRITE, MAP_PRIVATE|MAP_ANONYMOUS, -1, 0) = 0x7fd8f3382000
munmap(0x7fd8f3382000, 16384)           = 0
mmap(NULL, 16384, PROT_READ|PROT_WRITE, MAP_PRIVATE|MAP_ANONYMOUS, -1, 0) = 0x7fd8f3382000
munmap(0x7fd8f3382000, 16384)           = 0
mmap(NULL, 16384, PROT_READ|PROT_WRITE, MAP_PRIVATE|MAP_ANONYMOUS, -1, 0) = 0x7fd8f3382000
munmap(0x7fd8f3382000, 16384)           = 0
mmap(NULL, 16384, PROT_READ|PROT_WRITE, MAP_PRIVATE|MAP_ANONYMOUS, -1, 0) = 0x7fd8f3382000
munmap(0x7fd8f3382000, 16384)           = 0
mmap(NULL, 16384, PROT_READ|PROT_WRITE, MAP_PRIVATE|MAP_ANONYMOUS, -1, 0) = 0x7fd8f3382000
munmap(0x7fd8f3382000, 16384)           = 0
mmap(NULL, 16384, PROT_READ|PROT_WRITE, MAP_PRIVATE|MAP_ANONYMOUS, -1, 0) = 0x7fd8f3382000
munmap(0x7fd8f3382000, 16384)           = 0
mmap(NULL, 16384, PROT_READ|PROT_WRITE, MAP_PRIVATE|MAP_ANONYMOUS, -1, 0) = 0x7fd8f3382000
munmap(0x7fd8f3382000, 16384)           = 0
mmap(NULL, 16384, PROT_READ|PROT_WRITE, MAP_PRIVATE|MAP_ANONYMOUS, -1, 0) = 0x7fd8f3382000
munmap(0x7fd8f3382000, 16384)           = 0
mmap(NULL, 16384, PROT_READ|PROT_WRITE, MAP_PRIVATE|MAP_ANONYMOUS, -1, 0) = 0x7fd8f3382000
munmap(0x7fd8f3382000, 16384)           = 0
mmap(NULL, 16384, PROT_READ|PROT_WRITE, MAP_PRIVATE|MAP_ANONYMOUS, -1, 0) = 0x7fd8f3382000
munmap(0x7fd8f3382000, 16384)           = 0
mmap(NULL, 16384, PROT_READ|PROT_WRITE, MAP_PRIVATE|MAP_ANONYMOUS, -1, 0) = 0x7fd8f3382000
munmap(0x7fd8f3382000, 16384)           = 0
mmap(NULL, 16384, PROT_READ|PROT_WRITE, MAP_PRIVATE|MAP_ANONYMOUS, -1, 0) = 0x7fd8f3382000
munmap(0x7fd8f3382000, 16384)           = 0
mmap(NULL, 16384, PROT_READ|PROT_WRITE, MAP_PRIVATE|MAP_ANONYMOUS, -1, 0) = 0x7fd8f3382000
munmap(0x7fd8f3382000, 16384)           = 0
mmap(NULL, 16384, PROT_READ|PROT_WRITE, MAP_PRIVATE|MAP_ANONYMOUS, -1, 0) = 0x7fd8f3382000
munmap(0x7fd8f3382000, 16384)           = 0
mmap(NULL, 16384, PROT_READ|PROT_WRITE, MAP_PRIVATE|MAP_ANONYMOUS, -1, 0) = 0x7fd8f3382000
munmap(0x7fd8f3382000, 16384)           = 0
mmap(NULL, 16384, PROT_READ|PROT_WRITE, MAP_PRIVATE|MAP_ANONYMOUS, -1, 0) = 0x7fd8f3382000
munmap(0x7fd8f3382000, 16384)           = 0
mmap(NULL, 16384, PROT_READ|PROT_WRITE, MAP_PRIVATE|MAP_ANONYMOUS, -1, 0) = 0x7fd8f3382000
munmap(0x7fd8f3382000, 16384)           = 0
mmap(NULL, 16384, PROT_READ|PROT_WRITE, MAP_PRIVATE|MAP_ANONYMOUS, -1, 0) = 0x7fd8f3382000
munmap(0x7fd8f3382000, 16384)           = 0
mmap(NULL, 16384, PROT_READ|PROT_WRITE, MAP_PRIVATE|MAP_ANONYMOUS, -1, 0) = 0x7fd8f3382000
munmap(0x7fd8f3382000, 16384)           = 0
mmap(NULL, 16384, PROT_READ|PROT_WRITE, MAP_PRIVATE|MAP_ANONYMOUS, -1, 0) = 0x7fd8f3382000
munmap(0x7fd8f3382000, 16384)           = 0
mmap(NULL, 16384, PROT_READ|PROT_WRITE, MAP_PRIVATE|MAP_ANONYMOUS, -1, 0) = 0x7fd8f3382000
munmap(0x7fd8f3382000, 16384)           = 0
mmap(NULL, 16384, PROT_READ|PROT_WRITE, MAP_PRIVATE|MAP_ANONYMOUS, -1, 0) = 0x7fd8f3382000
munmap(0x7fd8f3382000, 16384)           = 0
mmap(NULL, 16384, PROT_READ|PROT_WRITE, MAP_PRIVATE|MAP_ANONYMOUS, -1, 0) = 0x7fd8f3382000
munmap(0x7fd8f3382000, 16384)           = 0
mmap(NULL, 16384, PROT_READ|PROT_WRITE, MAP_PRIVATE|MAP_ANONYMOUS, -1, 0) = 0x7fd8f3382000
munmap(0x7fd8f3382000, 16384)           = 0
mmap(NULL, 16384, PROT_READ|PROT_WRITE, MAP_PRIVATE|MAP_ANONYMOUS, -1, 0) = 0x7fd8f3382000
munmap(0x7fd8f3382000, 16384)           = 0
mmap(NULL, 16384, PROT_READ|PROT_WRITE, MAP_PRIVATE|MAP_ANONYMOUS, -1, 0) = 0x7fd8f3382000
munmap(0x7fd8f3382000, 16384)           = 0
mmap(NULL, 16384, PROT_READ|PROT_WRITE, MAP_PRIVATE|MAP_ANONYMOUS, -1, 0) = 0x7fd8f3382000
munmap(0x7fd8f3382000, 16384)           = 0
mmap(NULL, 16384, PROT_READ|PROT_WRITE, MAP_PRIVATE|MAP_ANONYMOUS, -1, 0) = 0x7fd8f3382000
munmap(0x7fd8f3382000, 16384)           = 0
mmap(NULL, 16384, PROT_READ|PROT_WRITE, MAP_PRIVATE|MAP_ANONYMOUS, -1, 0) = 0x7fd8f3382000
munmap(0x7fd8f3382000, 16384)           = 0
mmap(NULL, 16384, PROT_READ|PROT_WRITE, MAP_PRIVATE|MAP_ANONYMOUS, -1, 0) = 0x7fd8f3382000
munmap(0x7fd8f3382000, 16384)           = 0
mmap(NULL, 16384, PROT_READ|PROT_WRITE, MAP_PRIVATE|MAP_ANONYMOUS, -1, 0) = 0x7fd8f3382000
munmap(0x7fd8f3382000, 16384)           = 0
mmap(NULL, 16384, PROT_READ|PROT_WRITE, MAP_PRIVATE|MAP_ANONYMOUS, -1, 0) = 0x7fd8f3382000
munmap(0x7fd8f3382000, 16384)           = 0
mmap(NULL, 16384, PROT_READ|PROT_WRITE, MAP_PRIVATE|MAP_ANONYMOUS, -1, 0) = 0x7fd8f3382000
munmap(0x7fd8f3382000, 16384)           = 0
mmap(NULL, 16384, PROT_READ|PROT_WRITE, MAP_PRIVATE|MAP_ANONYMOUS, -1, 0) = 0x7fd8f3382000
munmap(0x7fd8f3382000, 16384)           = 0
mmap(NULL, 16384, PROT_READ|PROT_WRITE, MAP_PRIVATE|MAP_ANONYMOUS, -1, 0) = 0x7fd8f3382000
munmap(0x7fd8f3382000, 16384)           = 0
mmap(NULL, 16384, PROT_READ|PROT_WRITE, MAP_PRIVATE|MAP_ANONYMOUS, -1, 0) = 0x7fd8f3382000
munmap(0x7fd8f3382000, 16384)           = 0
mmap(NULL, 16384, PROT_READ|PROT_WRITE, MAP_PRIVATE|MAP_ANONYMOUS, -1, 0) = 0x7fd8f3382000
munmap(0x7fd8f3382000, 16384)           = 0
mmap(NULL, 16384, PROT_READ|PROT_WRITE, MAP_PRIVATE|MAP_ANONYMOUS, -1, 0) = 0x7fd8f3382000
munmap(0x7fd8f3382000, 16384)           = 0
mmap(NULL, 16384, PROT_READ|PROT_WRITE, MAP_PRIVATE|MAP_ANONYMOUS, -1, 0) = 0x7fd8f3382000
munmap(0x7fd8f3382000, 16384)           = 0
mmap(NULL, 16384, PROT_READ|PROT_WRITE, MAP_PRIVATE|MAP_ANONYMOUS, -1, 0) = 0x7fd8f3382000
munmap(0x7fd8f3382000, 16384)           = 0
mmap(NULL, 16384, PROT_READ|PROT_WRITE, MAP_PRIVATE|MAP_ANONYMOUS, -1, 0) = 0x7fd8f3382000
munmap(0x7fd8f3382000, 16384)           = 0
mmap(NULL, 16384, PROT_READ|PROT_WRITE, MAP_PRIVATE|MAP_ANONYMOUS, -1, 0) = 0x7fd8f3382000
munmap(0x7fd8f3382000, 16384)           = 0
mmap(NULL, 16384, PROT_READ|PROT_WRITE, MAP_PRIVATE|MAP_ANONYMOUS, -1, 0) = 0x7fd8f3382000
munmap(0x7fd8f3382000, 16384)           = 0
mmap(NULL, 16384, PROT_READ|PROT_WRITE, MAP_PRIVATE|MAP_ANONYMOUS, -1, 0) = 0x7fd8f3382000
munmap(0x7fd8f3382000, 16384)           = 0
mmap(NULL, 16384, PROT_READ|PROT_WRITE, MAP_PRIVATE|MAP_ANONYMOUS, -1, 0) = 0x7fd8f3382000
munmap(0x7fd8f3382000, 16384)           = 0
mmap(NULL, 16384, PROT_READ|PROT_WRITE, MAP_PRIVATE|MAP_ANONYMOUS, -1, 0) = 0x7fd8f3382000
munmap(0x7fd8f3382000, 16384)           = 0
mmap(NULL, 16384, PROT_READ|PROT_WRITE, MAP_PRIVATE|MAP_ANONYMOUS, -1, 0) = 0x7fd8f3382000
munmap(0x7fd8f3382000, 16384)           = 0
mmap(NULL, 16384, PROT_READ|PROT_WRITE, MAP_PRIVATE|MAP_ANONYMOUS, -1, 0) = 0x7fd8f3382000
munmap(0x7fd8f3382000, 16384)           = 0
mmap(NULL, 16384, PROT_READ|PROT_WRITE, MAP_PRIVATE|MAP_ANONYMOUS, -1, 0) = 0x7fd8f3382000
munmap(0x7fd8f3382000, 16384)           = 0
mmap(NULL, 16384, PROT_READ|PROT_WRITE, MAP_PRIVATE|MAP_ANONYMOUS, -1, 0) = 0x7fd8f3382000
munmap(0x7fd8f3382000, 16384)           = 0
mmap(NULL, 16384, PROT_READ|PROT_WRITE, MAP_PRIVATE|MAP_ANONYMOUS, -1, 0) = 0x7fd8f3382000
munmap(0x7fd8f3382000, 16384)           = 0
mmap(NULL, 16384, PROT_READ|PROT_WRITE, MAP_PRIVATE|MAP_ANONYMOUS, -1, 0) = 0x7fd8f3382000
munmap(0x7fd8f3382000, 16384)           = 0
mmap(NULL, 16384, PROT_READ|PROT_WRITE, MAP_PRIVATE|MAP_ANONYMOUS, -1, 0) = 0x7fd8f3382000
munmap(0x7fd8f3382000, 16384)           = 0
mmap(NULL, 16384, PROT_READ|PROT_WRITE, MAP_PRIVATE|MAP_ANONYMOUS, -1, 0) = 0x7fd8f3382000
munmap(0x7fd8f3382000, 16384)           = 0
mmap(NULL, 16384, PROT_READ|PROT_WRITE, MAP_PRIVATE|MAP_ANONYMOUS, -1, 0) = 0x7fd8f3382000
munmap(0x7fd8f3382000, 16384)           = 0
mmap(NULL, 16384, PROT_READ|PROT_WRITE, MAP_PRIVATE|MAP_ANONYMOUS, -1, 0) = 0x7fd8f3382000
munmap(0x7fd8f3382000, 16384)           = 0
mmap(NULL, 16384, PROT_READ|PROT_WRITE, MAP_PRIVATE|MAP_ANONYMOUS, -1, 0) = 0x7fd8f3382000
munmap(0x7fd8f3382000, 16384)           = 0
mmap(NULL, 16384, PROT_READ|PROT_WRITE, MAP_PRIVATE|MAP_ANONYMOUS, -1, 0) = 0x7fd8f3382000
munmap(0x7fd8f3382000, 16384)           = 0
mmap(NULL, 16384, PROT_READ|PROT_WRITE, MAP_PRIVATE|MAP_ANONYMOUS, -1, 0) = 0x7fd8f3382000
munmap(0x7fd8f3382000, 16384)           = 0
mmap(NULL, 16384, PROT_READ|PROT_WRITE, MAP_PRIVATE|MAP_ANONYMOUS, -1, 0) = 0x7fd8f3382000
munmap(0x7fd8f3382000, 16384)           = 0
mmap(NULL, 16384, PROT_READ|PROT_WRITE, MAP_PRIVATE|MAP_ANONYMOUS, -1, 0) = 0x7fd8f3382000
munmap(0x7fd8f3382000, 16384)           = 0
mmap(NULL, 16384, PROT_READ|PROT_WRITE, MAP_PRIVATE|MAP_ANONYMOUS, -1, 0) = 0x7fd8f3382000
munmap(0x7fd8f3382000, 16384)           = 0
mmap(NULL, 16384, PROT_READ|PROT_WRITE, MAP_PRIVATE|MAP_ANONYMOUS, -1, 0) = 0x7fd8f3382000
munmap(0x7fd8f3382000, 16384)           = 0
mmap(NULL, 16384, PROT_READ|PROT_WRITE, MAP_PRIVATE|MAP_ANONYMOUS, -1, 0) = 0x7fd8f3382000
munmap(0x7fd8f3382000, 16384)           = 0
mmap(NULL, 16384, PROT_READ|PROT_WRITE, MAP_PRIVATE|MAP_ANONYMOUS, -1, 0) = 0x7fd8f3382000
munmap(0x7fd8f3382000, 16384)           = 0
mmap(NULL, 16384, PROT_READ|PROT_WRITE, MAP_PRIVATE|MAP_ANONYMOUS, -1, 0) = 0x7fd8f3382000
munmap(0x7fd8f3382000, 16384)           = 0
mmap(NULL, 16384, PROT_READ|PROT_WRITE, MAP_PRIVATE|MAP_ANONYMOUS, -1, 0) = 0x7fd8f3382000
munmap(0x7fd8f3382000, 16384)           = 0
mmap(NULL, 16384, PROT_READ|PROT_WRITE, MAP_PRIVATE|MAP_ANONYMOUS, -1, 0) = 0x7fd8f3382000
munmap(0x7fd8f3382000, 16384)           = 0
mmap(NULL, 16384, PROT_READ|PROT_WRITE, MAP_PRIVATE|MAP_ANONYMOUS, -1, 0) = 0x7fd8f3382000
munmap(0x7fd8f3382000, 16384)           = 0
mmap(NULL, 16384, PROT_READ|PROT_WRITE, MAP_PRIVATE|MAP_ANONYMOUS, -1, 0) = 0x7fd8f3382000
munmap(0x7fd8f3382000, 16384)           = 0
mmap(NULL, 16384, PROT_READ|PROT_WRITE, MAP_PRIVATE|MAP_ANONYMOUS, -1, 0) = 0x7fd8f3382000
munmap(0x7fd8f3382000, 16384)           = 0
mmap(NULL, 16384, PROT_READ|PROT_WRITE, MAP_PRIVATE|MAP_ANONYMOUS, -1, 0) = 0x7fd8f3382000
munmap(0x7fd8f3382000, 16384)           = 0
mmap(NULL, 16384, PROT_READ|PROT_WRITE, MAP_PRIVATE|MAP_ANONYMOUS, -1, 0) = 0x7fd8f3382000
munmap(0x7fd8f3382000, 16384)           = 0
mmap(NULL, 16384, PROT_READ|PROT_WRITE, MAP_PRIVATE|MAP_ANONYMOUS, -1, 0) = 0x7fd8f3382000
munmap(0x7fd8f3382000, 16384)           = 0
mmap(NULL, 16384, PROT_READ|PROT_WRITE, MAP_PRIVATE|MAP_ANONYMOUS, -1, 0) = 0x7fd8f3382000
munmap(0x7fd8f3382000, 16384)           = 0
mmap(NULL, 16384, PROT_READ|PROT_WRITE, MAP_PRIVATE|MAP_ANONYMOUS, -1, 0) = 0x7fd8f3382000
munmap(0x7fd8f3382000, 16384)           = 0
mmap(NULL, 16384, PROT_READ|PROT_WRITE, MAP_PRIVATE|MAP_ANONYMOUS, -1, 0) = 0x7fd8f3382000
munmap(0x7fd8f3382000, 16384)           = 0
mmap(NULL, 16384, PROT_READ|PROT_WRITE, MAP_PRIVATE|MAP_ANONYMOUS, -1, 0) = 0x7fd8f3382000
munmap(0x7fd8f3382000, 16384)           = 0
mmap(NULL, 16384, PROT_READ|PROT_WRITE, MAP_PRIVATE|MAP_ANONYMOUS, -1, 0) = 0x7fd8f3382000
munmap(0x7fd8f3382000, 16384)           = 0
mmap(NULL, 16384, PROT_READ|PROT_WRITE, MAP_PRIVATE|MAP_ANONYMOUS, -1, 0) = 0x7fd8f3382000
munmap(0x7fd8f3382000, 16384)           = 0
mmap(NULL, 16384, PROT_READ|PROT_WRITE, MAP_PRIVATE|MAP_ANONYMOUS, -1, 0) = 0x7fd8f3382000
munmap(0x7fd8f3382000, 16384)           = 0
mmap(NULL, 16384, PROT_READ|PROT_WRITE, MAP_PRIVATE|MAP_ANONYMOUS, -1, 0) = 0x7fd8f3382000
munmap(0x7fd8f3382000, 16384)           = 0
mmap(NULL, 16384, PROT_READ|PROT_WRITE, MAP_PRIVATE|MAP_ANONYMOUS, -1, 0) = 0x7fd8f3382000
munmap(0x7fd8f3382000, 16384)           = 0
mmap(NULL, 16384, PROT_READ|PROT_WRITE, MAP_PRIVATE|MAP_ANONYMOUS, -1, 0) = 0x7fd8f3382000
munmap(0x7fd8f3382000, 16384)           = 0
mmap(NULL, 16384, PROT_READ|PROT_WRITE, MAP_PRIVATE|MAP_ANONYMOUS, -1, 0) = 0x7fd8f3382000
munmap(0x7fd8f3382000, 16384)           = 0
mmap(NULL, 16384, PROT_READ|PROT_WRITE, MAP_PRIVATE|MAP_ANONYMOUS, -1, 0) = 0x7fd8f3382000
munmap(0x7fd8f3382000, 16384)           = 0
mmap(NULL, 16384, PROT_READ|PROT_WRITE, MAP_PRIVATE|MAP_ANONYMOUS, -1, 0) = 0x7fd8f3382000
munmap(0x7fd8f3382000, 16384)           = 0
mmap(NULL, 16384, PROT_READ|PROT_WRITE, MAP_PRIVATE|MAP_ANONYMOUS, -1, 0) = 0x7fd8f3382000
munmap(0x7fd8f3382000, 16384)           = 0
mmap(NULL, 16384, PROT_READ|PROT_WRITE, MAP_PRIVATE|MAP_ANONYMOUS, -1, 0) = 0x7fd8f3382000
munmap(0x7fd8f3382000, 16384)           = 0
mmap(NULL, 16384, PROT_READ|PROT_WRITE, MAP_PRIVATE|MAP_ANONYMOUS, -1, 0) = 0x7fd8f3382000
munmap(0x7fd8f3382000, 16384)           = 0
mmap(NULL, 16384, PROT_READ|PROT_WRITE, MAP_PRIVATE|MAP_ANONYMOUS, -1, 0) = 0x7fd8f3382000
munmap(0x7fd8f3382000, 16384)           = 0
mmap(NULL, 16384, PROT_READ|PROT_WRITE, MAP_PRIVATE|MAP_ANONYMOUS, -1, 0) = 0x7fd8f3382000
munmap(0x7fd8f3382000, 16384)           = 0
mmap(NULL, 16384, PROT_READ|PROT_WRITE, MAP_PRIVATE|MAP_ANONYMOUS, -1, 0) = 0x7fd8f3382000
munmap(0x7fd8f3382000, 16384)           = 0
mmap(NULL, 16384, PROT_READ|PROT_WRITE, MAP_PRIVATE|MAP_ANONYMOUS, -1, 0) = 0x7fd8f3382000
munmap(0x7fd8f3382000, 16384)           = 0
mmap(NULL, 16384, PROT_READ|PROT_WRITE, MAP_PRIVATE|MAP_ANONYMOUS, -1, 0) = 0x7fd8f3382000
munmap(0x7fd8f3382000, 16384)           = 0
mmap(NULL, 16384, PROT_READ|PROT_WRITE, MAP_PRIVATE|MAP_ANONYMOUS, -1, 0) = 0x7fd8f3382000
munmap(0x7fd8f3382000, 16384)           = 0
mmap(NULL, 16384, PROT_READ|PROT_WRITE, MAP_PRIVATE|MAP_ANONYMOUS, -1, 0) = 0x7fd8f3382000
munmap(0x7fd8f3382000, 16384)           = 0
mmap(NULL, 16384, PROT_READ|PROT_WRITE, MAP_PRIVATE|MAP_ANONYMOUS, -1, 0) = 0x7fd8f3382000
munmap(0x7fd8f3382000, 16384)           = 0
mmap(NULL, 16384, PROT_READ|PROT_WRITE, MAP_PRIVATE|MAP_ANONYMOUS, -1, 0) = 0x7fd8f3382000
munmap(0x7fd8f3382000, 16384)           = 0
mmap(NULL, 16384, PROT_READ|PROT_WRITE, MAP_PRIVATE|MAP_ANONYMOUS, -1, 0) = 0x7fd8f3382000
munmap(0x7fd8f3382000, 16384)           = 0
mmap(NULL, 16384, PROT_READ|PROT_WRITE, MAP_PRIVATE|MAP_ANONYMOUS, -1, 0) = 0x7fd8f3382000
munmap(0x7fd8f3382000, 16384)           = 0
mmap(NULL, 16384, PROT_READ|PROT_WRITE, MAP_PRIVATE|MAP_ANONYMOUS, -1, 0) = 0x7fd8f3382000
munmap(0x7fd8f3382000, 16384)           = 0
mmap(NULL, 16384, PROT_READ|PROT_WRITE, MAP_PRIVATE|MAP_ANONYMOUS, -1, 0) = 0x7fd8f3382000
munmap(0x7fd8f3382000, 16384)           = 0
mmap(NULL, 16384, PROT_READ|PROT_WRITE, MAP_PRIVATE|MAP_ANONYMOUS, -1, 0) = 0x7fd8f3382000
munmap(0x7fd8f3382000, 16384)           = 0
mmap(NULL, 16384, PROT_READ|PROT_WRITE, MAP_PRIVATE|MAP_ANONYMOUS, -1, 0) = 0x7fd8f3382000
munmap(0x7fd8f3382000, 16384)           = 0
mmap(NULL, 16384, PROT_READ|PROT_WRITE, MAP_PRIVATE|MAP_ANONYMOUS, -1, 0) = 0x7fd8f3382000
munmap(0x7fd8f3382000, 16384)           = 0
mmap(NULL, 16384, PROT_READ|PROT_WRITE, MAP_PRIVATE|MAP_ANONYMOUS, -1, 0) = 0x7fd8f3382000
munmap(0x7fd8f3382000, 16384)           = 0
mmap(NULL, 16384, PROT_READ|PROT_WRITE, MAP_PRIVATE|MAP_ANONYMOUS, -1, 0) = 0x7fd8f3382000
munmap(0x7fd8f3382000, 16384)           = 0
mmap(NULL, 16384, PROT_READ|PROT_WRITE, MAP_PRIVATE|MAP_ANONYMOUS, -1, 0) = 0x7fd8f3382000
munmap(0x7fd8f3382000, 16384)           = 0
mmap(NULL, 16384, PROT_READ|PROT_WRITE, MAP_PRIVATE|MAP_ANONYMOUS, -1, 0) = 0x7fd8f3382000
munmap(0x7fd8f3382000, 16384)           = 0
mmap(NULL, 16384, PROT_READ|PROT_WRITE, MAP_PRIVATE|MAP_ANONYMOUS, -1, 0) = 0x7fd8f3382000
munmap(0x7fd8f3382000, 16384)           = 0
mmap(NULL, 16384, PROT_READ|PROT_WRITE, MAP_PRIVATE|MAP_ANONYMOUS, -1, 0) = 0x7fd8f3382000
munmap(0x7fd8f3382000, 16384)           = 0
mmap(NULL, 16384, PROT_READ|PROT_WRITE, MAP_PRIVATE|MAP_ANONYMOUS, -1, 0) = 0x7fd8f3382000
munmap(0x7fd8f3382000, 16384)           = 0
mmap(NULL, 16384, PROT_READ|PROT_WRITE, MAP_PRIVATE|MAP_ANONYMOUS, -1, 0) = 0x7fd8f3382000
munmap(0x7fd8f3382000, 16384)           = 0
mmap(NULL, 16384, PROT_READ|PROT_WRITE, MAP_PRIVATE|MAP_ANONYMOUS, -1, 0) = 0x7fd8f3382000
munmap(0x7fd8f3382000, 16384)           = 0
mmap(NULL, 16384, PROT_READ|PROT_WRITE, MAP_PRIVATE|MAP_ANONYMOUS, -1, 0) = 0x7fd8f3382000
munmap(0x7fd8f3382000, 16384)           = 0
mmap(NULL, 16384, PROT_READ|PROT_WRITE, MAP_PRIVATE|MAP_ANONYMOUS, -1, 0) = 0x7fd8f3382000
munmap(0x7fd8f3382000, 16384)           = 0
mmap(NULL, 16384, PROT_READ|PROT_WRITE, MAP_PRIVATE|MAP_ANONYMOUS, -1, 0) = 0x7fd8f3382000
munmap(0x7fd8f3382000, 16384)           = 0
mmap(NULL, 16384, PROT_READ|PROT_WRITE, MAP_PRIVATE|MAP_ANONYMOUS, -1, 0) = 0x7fd8f3382000
munmap(0x7fd8f3382000, 16384)           = 0
mmap(NULL, 16384, PROT_READ|PROT_WRITE, MAP_PRIVATE|MAP_ANONYMOUS, -1, 0) = 0x7fd8f3382000
munmap(0x7fd8f3382000, 16384)           = 0
mmap(NULL, 16384, PROT_READ|PROT_WRITE, MAP_PRIVATE|MAP_ANONYMOUS, -1, 0) = 0x7fd8f3382000
munmap(0x7fd8f3382000, 16384)           = 0
mmap(NULL, 16384, PROT_READ|PROT_WRITE, MAP_PRIVATE|MAP_ANONYMOUS, -1, 0) = 0x7fd8f3382000
munmap(0x7fd8f3382000, 16384)           = 0
mmap(NULL, 16384, PROT_READ|PROT_WRITE, MAP_PRIVATE|MAP_ANONYMOUS, -1, 0) = 0x7fd8f3382000
munmap(0x7fd8f3382000, 16384)           = 0
mmap(NULL, 16384, PROT_READ|PROT_WRITE, MAP_PRIVATE|MAP_ANONYMOUS, -1, 0) = 0x7fd8f3382000
munmap(0x7fd8f3382000, 16384)           = 0
mmap(NULL, 16384, PROT_READ|PROT_WRITE, MAP_PRIVATE|MAP_ANONYMOUS, -1, 0) = 0x7fd8f3382000
munmap(0x7fd8f3382000, 16384)           = 0
mmap(NULL, 16384, PROT_READ|PROT_WRITE, MAP_PRIVATE|MAP_ANONYMOUS, -1, 0) = 0x7fd8f3382000
munmap(0x7fd8f3382000, 16384)           = 0
mmap(NULL, 16384, PROT_READ|PROT_WRITE, MAP_PRIVATE|MAP_ANONYMOUS, -1, 0) = 0x7fd8f3382000
munmap(0x7fd8f3382000, 16384)           = 0
mmap(NULL, 16384, PROT_READ|PROT_WRITE, MAP_PRIVATE|MAP_ANONYMOUS, -1, 0) = 0x7fd8f3382000
munmap(0x7fd8f3382000, 16384)           = 0
mmap(NULL, 16384, PROT_READ|PROT_WRITE, MAP_PRIVATE|MAP_ANONYMOUS, -1, 0) = 0x7fd8f3382000
munmap(0x7fd8f3382000, 16384)           = 0
mmap(NULL, 16384, PROT_READ|PROT_WRITE, MAP_PRIVATE|MAP_ANONYMOUS, -1, 0) = 0x7fd8f3382000
munmap(0x7fd8f3382000, 16384)           = 0
mmap(NULL, 16384, PROT_READ|PROT_WRITE, MAP_PRIVATE|MAP_ANONYMOUS, -1, 0) = 0x7fd8f3382000
munmap(0x7fd8f3382000, 16384)           = 0
mmap(NULL, 16384, PROT_READ|PROT_WRITE, MAP_PRIVATE|MAP_ANONYMOUS, -1, 0) = 0x7fd8f3382000
munmap(0x7fd8f3382000, 16384)           = 0
mmap(NULL, 16384, PROT_READ|PROT_WRITE, MAP_PRIVATE|MAP_ANONYMOUS, -1, 0) = 0x7fd8f3382000
munmap(0x7fd8f3382000, 16384)           = 0
mmap(NULL, 16384, PROT_READ|PROT_WRITE, MAP_PRIVATE|MAP_ANONYMOUS, -1, 0) = 0x7fd8f3382000
munmap(0x7fd8f3382000, 16384)           = 0
mmap(NULL, 16384, PROT_READ|PROT_WRITE, MAP_PRIVATE|MAP_ANONYMOUS, -1, 0) = 0x7fd8f3382000
munmap(0x7fd8f3382000, 16384)           = 0
mmap(NULL, 16384, PROT_READ|PROT_WRITE, MAP_PRIVATE|MAP_ANONYMOUS, -1, 0) = 0x7fd8f3382000
munmap(0x7fd8f3382000, 16384)           = 0
mmap(NULL, 16384, PROT_READ|PROT_WRITE, MAP_PRIVATE|MAP_ANONYMOUS, -1, 0) = 0x7fd8f3382000
munmap(0x7fd8f3382000, 16384)           = 0
mmap(NULL, 16384, PROT_READ|PROT_WRITE, MAP_PRIVATE|MAP_ANONYMOUS, -1, 0) = 0x7fd8f3382000
munmap(0x7fd8f3382000, 16384)           = 0
mmap(NULL, 16384, PROT_READ|PROT_WRITE, MAP_PRIVATE|MAP_ANONYMOUS, -1, 0) = 0x7fd8f3382000
munmap(0x7fd8f3382000, 16384)           = 0
mmap(NULL, 16384, PROT_READ|PROT_WRITE, MAP_PRIVATE|MAP_ANONYMOUS, -1, 0) = 0x7fd8f3382000
munmap(0x7fd8f3382000, 16384)           = 0
mmap(NULL, 16384, PROT_READ|PROT_WRITE, MAP_PRIVATE|MAP_ANONYMOUS, -1, 0) = 0x7fd8f3382000
munmap(0x7fd8f3382000, 16384)           = 0
mmap(NULL, 16384, PROT_READ|PROT_WRITE, MAP_PRIVATE|MAP_ANONYMOUS, -1, 0) = 0x7fd8f3382000
munmap(0x7fd8f3382000, 16384)           = 0
mmap(NULL, 16384, PROT_READ|PROT_WRITE, MAP_PRIVATE|MAP_ANONYMOUS, -1, 0) = 0x7fd8f3382000
munmap(0x7fd8f3382000, 16384)           = 0
mmap(NULL, 16384, PROT_READ|PROT_WRITE, MAP_PRIVATE|MAP_ANONYMOUS, -1, 0) = 0x7fd8f3382000
munmap(0x7fd8f3382000, 16384)           = 0
mmap(NULL, 16384, PROT_READ|PROT_WRITE, MAP_PRIVATE|MAP_ANONYMOUS, -1, 0) = 0x7fd8f3382000
munmap(0x7fd8f3382000, 16384)           = 0
mmap(NULL, 16384, PROT_READ|PROT_WRITE, MAP_PRIVATE|MAP_ANONYMOUS, -1, 0) = 0x7fd8f3382000
munmap(0x7fd8f3382000, 16384)           = 0
mmap(NULL, 16384, PROT_READ|PROT_WRITE, MAP_PRIVATE|MAP_ANONYMOUS, -1, 0) = 0x7fd8f3382000
munmap(0x7fd8f3382000, 16384)           = 0
mmap(NULL, 16384, PROT_READ|PROT_WRITE, MAP_PRIVATE|MAP_ANONYMOUS, -1, 0) = 0x7fd8f3382000
munmap(0x7fd8f3382000, 16384)           = 0
mmap(NULL, 16384, PROT_READ|PROT_WRITE, MAP_PRIVATE|MAP_ANONYMOUS, -1, 0) = 0x7fd8f3382000
munmap(0x7fd8f3382000, 16384)           = 0
mmap(NULL, 16384, PROT_READ|PROT_WRITE, MAP_PRIVATE|MAP_ANONYMOUS, -1, 0) = 0x7fd8f3382000
munmap(0x7fd8f3382000, 16384)           = 0
mmap(NULL, 16384, PROT_READ|PROT_WRITE, MAP_PRIVATE|MAP_ANONYMOUS, -1, 0) = 0x7fd8f3382000
munmap(0x7fd8f3382000, 16384)           = 0
mmap(NULL, 16384, PROT_READ|PROT_WRITE, MAP_PRIVATE|MAP_ANONYMOUS, -1, 0) = 0x7fd8f3382000
munmap(0x7fd8f3382000, 16384)           = 0
mmap(NULL, 16384, PROT_READ|PROT_WRITE, MAP_PRIVATE|MAP_ANONYMOUS, -1, 0) = 0x7fd8f3382000
munmap(0x7fd8f3382000, 16384)           = 0
mmap(NULL, 16384, PROT_READ|PROT_WRITE, MAP_PRIVATE|MAP_ANONYMOUS, -1, 0) = 0x7fd8f3382000
munmap(0x7fd8f3382000, 16384)           = 0
mmap(NULL, 16384, PROT_READ|PROT_WRITE, MAP_PRIVATE|MAP_ANONYMOUS, -1, 0) = 0x7fd8f3382000
munmap(0x7fd8f3382000, 16384)           = 0
mmap(NULL, 16384, PROT_READ|PROT_WRITE, MAP_PRIVATE|MAP_ANONYMOUS, -1, 0) = 0x7fd8f3382000
munmap(0x7fd8f3382000, 16384)           = 0
mmap(NULL, 16384, PROT_READ|PROT_WRITE, MAP_PRIVATE|MAP_ANONYMOUS, -1, 0) = 0x7fd8f3382000
munmap(0x7fd8f3382000, 16384)           = 0
mmap(NULL, 16384, PROT_READ|PROT_WRITE, MAP_PRIVATE|MAP_ANONYMOUS, -1, 0) = 0x7fd8f3382000
munmap(0x7fd8f3382000, 16384)           = 0
mmap(NULL, 16384, PROT_READ|PROT_WRITE, MAP_PRIVATE|MAP_ANONYMOUS, -1, 0) = 0x7fd8f3382000
munmap(0x7fd8f3382000, 16384)           = 0
mmap(NULL, 16384, PROT_READ|PROT_WRITE, MAP_PRIVATE|MAP_ANONYMOUS, -1, 0) = 0x7fd8f3382000
munmap(0x7fd8f3382000, 16384)           = 0
mmap(NULL, 16384, PROT_READ|PROT_WRITE, MAP_PRIVATE|MAP_ANONYMOUS, -1, 0) = 0x7fd8f3382000
munmap(0x7fd8f3382000, 16384)           = 0
mmap(NULL, 16384, PROT_READ|PROT_WRITE, MAP_PRIVATE|MAP_ANONYMOUS, -1, 0) = 0x7fd8f3382000
munmap(0x7fd8f3382000, 16384)           = 0
mmap(NULL, 16384, PROT_READ|PROT_WRITE, MAP_PRIVATE|MAP_ANONYMOUS, -1, 0) = 0x7fd8f3382000
munmap(0x7fd8f3382000, 16384)           = 0
mmap(NULL, 16384, PROT_READ|PROT_WRITE, MAP_PRIVATE|MAP_ANONYMOUS, -1, 0) = 0x7fd8f3382000
munmap(0x7fd8f3382000, 16384)           = 0
mmap(NULL, 16384, PROT_READ|PROT_WRITE, MAP_PRIVATE|MAP_ANONYMOUS, -1, 0) = 0x7fd8f3382000
munmap(0x7fd8f3382000, 16384)           = 0
mmap(NULL, 16384, PROT_READ|PROT_WRITE, MAP_PRIVATE|MAP_ANONYMOUS, -1, 0) = 0x7fd8f3382000
munmap(0x7fd8f3382000, 16384)           = 0
mmap(NULL, 16384, PROT_READ|PROT_WRITE, MAP_PRIVATE|MAP_ANONYMOUS, -1, 0) = 0x7fd8f3382000
munmap(0x7fd8f3382000, 16384)           = 0
mmap(NULL, 16384, PROT_READ|PROT_WRITE, MAP_PRIVATE|MAP_ANONYMOUS, -1, 0) = 0x7fd8f3382000
munmap(0x7fd8f3382000, 16384)           = 0
mmap(NULL, 16384, PROT_READ|PROT_WRITE, MAP_PRIVATE|MAP_ANONYMOUS, -1, 0) = 0x7fd8f3382000
munmap(0x7fd8f3382000, 16384)           = 0
mmap(NULL, 16384, PROT_READ|PROT_WRITE, MAP_PRIVATE|MAP_ANONYMOUS, -1, 0) = 0x7fd8f3382000
munmap(0x7fd8f3382000, 16384)           = 0
mmap(NULL, 16384, PROT_READ|PROT_WRITE, MAP_PRIVATE|MAP_ANONYMOUS, -1, 0) = 0x7fd8f3382000
munmap(0x7fd8f3382000, 16384)           = 0
mmap(NULL, 16384, PROT_READ|PROT_WRITE, MAP_PRIVATE|MAP_ANONYMOUS, -1, 0) = 0x7fd8f3382000
munmap(0x7fd8f3382000, 16384)           = 0
mmap(NULL, 16384, PROT_READ|PROT_WRITE, MAP_PRIVATE|MAP_ANONYMOUS, -1, 0) = 0x7fd8f3382000
munmap(0x7fd8f3382000, 16384)           = 0
mmap(NULL, 16384, PROT_READ|PROT_WRITE, MAP_PRIVATE|MAP_ANONYMOUS, -1, 0) = 0x7fd8f3382000
munmap(0x7fd8f3382000, 16384)           = 0
mmap(NULL, 16384, PROT_READ|PROT_WRITE, MAP_PRIVATE|MAP_ANONYMOUS, -1, 0) = 0x7fd8f3382000
munmap(0x7fd8f3382000, 16384)           = 0
mmap(NULL, 16384, PROT_READ|PROT_WRITE, MAP_PRIVATE|MAP_ANONYMOUS, -1, 0) = 0x7fd8f3382000
munmap(0x7fd8f3382000, 16384)           = 0
mmap(NULL, 16384, PROT_READ|PROT_WRITE, MAP_PRIVATE|MAP_ANONYMOUS, -1, 0) = 0x7fd8f3382000
munmap(0x7fd8f3382000, 16384)           = 0
mmap(NULL, 16384, PROT_READ|PROT_WRITE, MAP_PRIVATE|MAP_ANONYMOUS, -1, 0) = 0x7fd8f3382000
munmap(0x7fd8f3382000, 16384)           = 0
mmap(NULL, 16384, PROT_READ|PROT_WRITE, MAP_PRIVATE|MAP_ANONYMOUS, -1, 0) = 0x7fd8f3382000
munmap(0x7fd8f3382000, 16384)           = 0
mmap(NULL, 16384, PROT_READ|PROT_WRITE, MAP_PRIVATE|MAP_ANONYMOUS, -1, 0) = 0x7fd8f3382000
munmap(0x7fd8f3382000, 16384)           = 0
mmap(NULL, 16384, PROT_READ|PROT_WRITE, MAP_PRIVATE|MAP_ANONYMOUS, -1, 0) = 0x7fd8f3382000
munmap(0x7fd8f3382000, 16384)           = 0
mmap(NULL, 16384, PROT_READ|PROT_WRITE, MAP_PRIVATE|MAP_ANONYMOUS, -1, 0) = 0x7fd8f3382000
munmap(0x7fd8f3382000, 16384)           = 0
mmap(NULL, 16384, PROT_READ|PROT_WRITE, MAP_PRIVATE|MAP_ANONYMOUS, -1, 0) = 0x7fd8f3382000
munmap(0x7fd8f3382000, 16384)           = 0
mmap(NULL, 16384, PROT_READ|PROT_WRITE, MAP_PRIVATE|MAP_ANONYMOUS, -1, 0) = 0x7fd8f3382000
munmap(0x7fd8f3382000, 16384)           = 0
mmap(NULL, 16384, PROT_READ|PROT_WRITE, MAP_PRIVATE|MAP_ANONYMOUS, -1, 0) = 0x7fd8f3382000
munmap(0x7fd8f3382000, 16384)           = 0
mmap(NULL, 16384, PROT_READ|PROT_WRITE, MAP_PRIVATE|MAP_ANONYMOUS, -1, 0) = 0x7fd8f3382000
munmap(0x7fd8f3382000, 16384)           = 0
mmap(NULL, 16384, PROT_READ|PROT_WRITE, MAP_PRIVATE|MAP_ANONYMOUS, -1, 0) = 0x7fd8f3382000
munmap(0x7fd8f3382000, 16384)           = 0
mmap(NULL, 16384, PROT_READ|PROT_WRITE, MAP_PRIVATE|MAP_ANONYMOUS, -1, 0) = 0x7fd8f3382000
munmap(0x7fd8f3382000, 16384)           = 0
mmap(NULL, 16384, PROT_READ|PROT_WRITE, MAP_PRIVATE|MAP_ANONYMOUS, -1, 0) = 0x7fd8f3382000
munmap(0x7fd8f3382000, 16384)           = 0
mmap(NULL, 16384, PROT_READ|PROT_WRITE, MAP_PRIVATE|MAP_ANONYMOUS, -1, 0) = 0x7fd8f3382000
munmap(0x7fd8f3382000, 16384)           = 0
mmap(NULL, 16384, PROT_READ|PROT_WRITE, MAP_PRIVATE|MAP_ANONYMOUS, -1, 0) = 0x7fd8f3382000
munmap(0x7fd8f3382000, 16384)           = 0
mmap(NULL, 16384, PROT_READ|PROT_WRITE, MAP_PRIVATE|MAP_ANONYMOUS, -1, 0) = 0x7fd8f3382000
munmap(0x7fd8f3382000, 16384)           = 0
mmap(NULL, 16384, PROT_READ|PROT_WRITE, MAP_PRIVATE|MAP_ANONYMOUS, -1, 0) = 0x7fd8f3382000
munmap(0x7fd8f3382000, 16384)           = 0
mmap(NULL, 16384, PROT_READ|PROT_WRITE, MAP_PRIVATE|MAP_ANONYMOUS, -1, 0) = 0x7fd8f3382000
munmap(0x7fd8f3382000, 16384)           = 0
mmap(NULL, 16384, PROT_READ|PROT_WRITE, MAP_PRIVATE|MAP_ANONYMOUS, -1, 0) = 0x7fd8f3382000
munmap(0x7fd8f3382000, 16384)           = 0
mmap(NULL, 16384, PROT_READ|PROT_WRITE, MAP_PRIVATE|MAP_ANONYMOUS, -1, 0) = 0x7fd8f3382000
munmap(0x7fd8f3382000, 16384)           = 0
mmap(NULL, 16384, PROT_READ|PROT_WRITE, MAP_PRIVATE|MAP_ANONYMOUS, -1, 0) = 0x7fd8f3382000
munmap(0x7fd8f3382000, 16384)           = 0
mmap(NULL, 16384, PROT_READ|PROT_WRITE, MAP_PRIVATE|MAP_ANONYMOUS, -1, 0) = 0x7fd8f3382000
munmap(0x7fd8f3382000, 16384)           = 0
mmap(NULL, 16384, PROT_READ|PROT_WRITE, MAP_PRIVATE|MAP_ANONYMOUS, -1, 0) = 0x7fd8f3382000
munmap(0x7fd8f3382000, 16384)           = 0
mmap(NULL, 16384, PROT_READ|PROT_WRITE, MAP_PRIVATE|MAP_ANONYMOUS, -1, 0) = 0x7fd8f3382000
munmap(0x7fd8f3382000, 16384)           = 0
mmap(NULL, 16384, PROT_READ|PROT_WRITE, MAP_PRIVATE|MAP_ANONYMOUS, -1, 0) = 0x7fd8f3382000
munmap(0x7fd8f3382000, 16384)           = 0
mmap(NULL, 16384, PROT_READ|PROT_WRITE, MAP_PRIVATE|MAP_ANONYMOUS, -1, 0) = 0x7fd8f3382000
munmap(0x7fd8f3382000, 16384)           = 0
mmap(NULL, 16384, PROT_READ|PROT_WRITE, MAP_PRIVATE|MAP_ANONYMOUS, -1, 0) = 0x7fd8f3382000
munmap(0x7fd8f3382000, 16384)           = 0
mmap(NULL, 16384, PROT_READ|PROT_WRITE, MAP_PRIVATE|MAP_ANONYMOUS, -1, 0) = 0x7fd8f3382000
munmap(0x7fd8f3382000, 16384)           = 0
mmap(NULL, 16384, PROT_READ|PROT_WRITE, MAP_PRIVATE|MAP_ANONYMOUS, -1, 0) = 0x7fd8f3382000
munmap(0x7fd8f3382000, 16384)           = 0
mmap(NULL, 16384, PROT_READ|PROT_WRITE, MAP_PRIVATE|MAP_ANONYMOUS, -1, 0) = 0x7fd8f3382000
munmap(0x7fd8f3382000, 16384)           = 0
mmap(NULL, 16384, PROT_READ|PROT_WRITE, MAP_PRIVATE|MAP_ANONYMOUS, -1, 0) = 0x7fd8f3382000
munmap(0x7fd8f3382000, 16384)           = 0
mmap(NULL, 16384, PROT_READ|PROT_WRITE, MAP_PRIVATE|MAP_ANONYMOUS, -1, 0) = 0x7fd8f3382000
munmap(0x7fd8f3382000, 16384)           = 0
mmap(NULL, 16384, PROT_READ|PROT_WRITE, MAP_PRIVATE|MAP_ANONYMOUS, -1, 0) = 0x7fd8f3382000
munmap(0x7fd8f3382000, 16384)           = 0
mmap(NULL, 16384, PROT_READ|PROT_WRITE, MAP_PRIVATE|MAP_ANONYMOUS, -1, 0) = 0x7fd8f3382000
munmap(0x7fd8f3382000, 16384)           = 0
mmap(NULL, 16384, PROT_READ|PROT_WRITE, MAP_PRIVATE|MAP_ANONYMOUS, -1, 0) = 0x7fd8f3382000
munmap(0x7fd8f3382000, 16384)           = 0
mmap(NULL, 16384, PROT_READ|PROT_WRITE, MAP_PRIVATE|MAP_ANONYMOUS, -1, 0) = 0x7fd8f3382000
munmap(0x7fd8f3382000, 16384)           = 0
mmap(NULL, 16384, PROT_READ|PROT_WRITE, MAP_PRIVATE|MAP_ANONYMOUS, -1, 0) = 0x7fd8f3382000
munmap(0x7fd8f3382000, 16384)           = 0
mmap(NULL, 16384, PROT_READ|PROT_WRITE, MAP_PRIVATE|MAP_ANONYMOUS, -1, 0) = 0x7fd8f3382000
munmap(0x7fd8f3382000, 16384)           = 0
mmap(NULL, 16384, PROT_READ|PROT_WRITE, MAP_PRIVATE|MAP_ANONYMOUS, -1, 0) = 0x7fd8f3382000
munmap(0x7fd8f3382000, 16384)           = 0
mmap(NULL, 16384, PROT_READ|PROT_WRITE, MAP_PRIVATE|MAP_ANONYMOUS, -1, 0) = 0x7fd8f3382000
munmap(0x7fd8f3382000, 16384)           = 0
mmap(NULL, 16384, PROT_READ|PROT_WRITE, MAP_PRIVATE|MAP_ANONYMOUS, -1, 0) = 0x7fd8f3382000
munmap(0x7fd8f3382000, 16384)           = 0
mmap(NULL, 16384, PROT_READ|PROT_WRITE, MAP_PRIVATE|MAP_ANONYMOUS, -1, 0) = 0x7fd8f3382000
munmap(0x7fd8f3382000, 16384)           = 0
mmap(NULL, 16384, PROT_READ|PROT_WRITE, MAP_PRIVATE|MAP_ANONYMOUS, -1, 0) = 0x7fd8f3382000
munmap(0x7fd8f3382000, 16384)           = 0
mmap(NULL, 16384, PROT_READ|PROT_WRITE, MAP_PRIVATE|MAP_ANONYMOUS, -1, 0) = 0x7fd8f3382000
munmap(0x7fd8f3382000, 16384)           = 0
mmap(NULL, 16384, PROT_READ|PROT_WRITE, MAP_PRIVATE|MAP_ANONYMOUS, -1, 0) = 0x7fd8f3382000
munmap(0x7fd8f3382000, 16384)           = 0
mmap(NULL, 16384, PROT_READ|PROT_WRITE, MAP_PRIVATE|MAP_ANONYMOUS, -1, 0) = 0x7fd8f3382000
munmap(0x7fd8f3382000, 16384)           = 0
mmap(NULL, 16384, PROT_READ|PROT_WRITE, MAP_PRIVATE|MAP_ANONYMOUS, -1, 0) = 0x7fd8f3382000
munmap(0x7fd8f3382000, 16384)           = 0
mmap(NULL, 16384, PROT_READ|PROT_WRITE, MAP_PRIVATE|MAP_ANONYMOUS, -1, 0) = 0x7fd8f3382000
munmap(0x7fd8f3382000, 16384)           = 0
mmap(NULL, 16384, PROT_READ|PROT_WRITE, MAP_PRIVATE|MAP_ANONYMOUS, -1, 0) = 0x7fd8f3382000
munmap(0x7fd8f3382000, 16384)           = 0
mmap(NULL, 16384, PROT_READ|PROT_WRITE, MAP_PRIVATE|MAP_ANONYMOUS, -1, 0) = 0x7fd8f3382000
munmap(0x7fd8f3382000, 16384)           = 0
mmap(NULL, 16384, PROT_READ|PROT_WRITE, MAP_PRIVATE|MAP_ANONYMOUS, -1, 0) = 0x7fd8f3382000
munmap(0x7fd8f3382000, 16384)           = 0
mmap(NULL, 16384, PROT_READ|PROT_WRITE, MAP_PRIVATE|MAP_ANONYMOUS, -1, 0) = 0x7fd8f3382000
munmap(0x7fd8f3382000, 16384)           = 0
mmap(NULL, 16384, PROT_READ|PROT_WRITE, MAP_PRIVATE|MAP_ANONYMOUS, -1, 0) = 0x7fd8f3382000
munmap(0x7fd8f3382000, 16384)           = 0
mmap(NULL, 16384, PROT_READ|PROT_WRITE, MAP_PRIVATE|MAP_ANONYMOUS, -1, 0) = 0x7fd8f3382000
munmap(0x7fd8f3382000, 16384)           = 0
mmap(NULL, 16384, PROT_READ|PROT_WRITE, MAP_PRIVATE|MAP_ANONYMOUS, -1, 0) = 0x7fd8f3382000
munmap(0x7fd8f3382000, 16384)           = 0
mmap(NULL, 16384, PROT_READ|PROT_WRITE, MAP_PRIVATE|MAP_ANONYMOUS, -1, 0) = 0x7fd8f3382000
munmap(0x7fd8f3382000, 16384)           = 0
mmap(NULL, 16384, PROT_READ|PROT_WRITE, MAP_PRIVATE|MAP_ANONYMOUS, -1, 0) = 0x7fd8f3382000
munmap(0x7fd8f3382000, 16384)           = 0
mmap(NULL, 16384, PROT_READ|PROT_WRITE, MAP_PRIVATE|MAP_ANONYMOUS, -1, 0) = 0x7fd8f3382000
munmap(0x7fd8f3382000, 16384)           = 0
mmap(NULL, 16384, PROT_READ|PROT_WRITE, MAP_PRIVATE|MAP_ANONYMOUS, -1, 0) = 0x7fd8f3382000
munmap(0x7fd8f3382000, 16384)           = 0
mmap(NULL, 16384, PROT_READ|PROT_WRITE, MAP_PRIVATE|MAP_ANONYMOUS, -1, 0) = 0x7fd8f3382000
munmap(0x7fd8f3382000, 16384)           = 0
mmap(NULL, 16384, PROT_READ|PROT_WRITE, MAP_PRIVATE|MAP_ANONYMOUS, -1, 0) = 0x7fd8f3382000
munmap(0x7fd8f3382000, 16384)           = 0
mmap(NULL, 16384, PROT_READ|PROT_WRITE, MAP_PRIVATE|MAP_ANONYMOUS, -1, 0) = 0x7fd8f3382000
munmap(0x7fd8f3382000, 16384)           = 0
mmap(NULL, 16384, PROT_READ|PROT_WRITE, MAP_PRIVATE|MAP_ANONYMOUS, -1, 0) = 0x7fd8f3382000
munmap(0x7fd8f3382000, 16384)           = 0
mmap(NULL, 16384, PROT_READ|PROT_WRITE, MAP_PRIVATE|MAP_ANONYMOUS, -1, 0) = 0x7fd8f3382000
munmap(0x7fd8f3382000, 16384)           = 0
mmap(NULL, 16384, PROT_READ|PROT_WRITE, MAP_PRIVATE|MAP_ANONYMOUS, -1, 0) = 0x7fd8f3382000
munmap(0x7fd8f3382000, 16384)           = 0
mmap(NULL, 16384, PROT_READ|PROT_WRITE, MAP_PRIVATE|MAP_ANONYMOUS, -1, 0) = 0x7fd8f3382000
munmap(0x7fd8f3382000, 16384)           = 0
mmap(NULL, 16384, PROT_READ|PROT_WRITE, MAP_PRIVATE|MAP_ANONYMOUS, -1, 0) = 0x7fd8f3382000
munmap(0x7fd8f3382000, 16384)           = 0
mmap(NULL, 16384, PROT_READ|PROT_WRITE, MAP_PRIVATE|MAP_ANONYMOUS, -1, 0) = 0x7fd8f3382000
munmap(0x7fd8f3382000, 16384)           = 0
mmap(NULL, 16384, PROT_READ|PROT_WRITE, MAP_PRIVATE|MAP_ANONYMOUS, -1, 0) = 0x7fd8f3382000
munmap(0x7fd8f3382000, 16384)           = 0
mmap(NULL, 16384, PROT_READ|PROT_WRITE, MAP_PRIVATE|MAP_ANONYMOUS, -1, 0) = 0x7fd8f3382000
munmap(0x7fd8f3382000, 16384)           = 0
mmap(NULL, 16384, PROT_READ|PROT_WRITE, MAP_PRIVATE|MAP_ANONYMOUS, -1, 0) = 0x7fd8f3382000
munmap(0x7fd8f3382000, 16384)           = 0
mmap(NULL, 16384, PROT_READ|PROT_WRITE, MAP_PRIVATE|MAP_ANONYMOUS, -1, 0) = 0x7fd8f3382000
munmap(0x7fd8f3382000, 16384)           = 0
mmap(NULL, 16384, PROT_READ|PROT_WRITE, MAP_PRIVATE|MAP_ANONYMOUS, -1, 0) = 0x7fd8f3382000
munmap(0x7fd8f3382000, 16384)           = 0
mmap(NULL, 16384, PROT_READ|PROT_WRITE, MAP_PRIVATE|MAP_ANONYMOUS, -1, 0) = 0x7fd8f3382000
munmap(0x7fd8f3382000, 16384)           = 0
mmap(NULL, 16384, PROT_READ|PROT_WRITE, MAP_PRIVATE|MAP_ANONYMOUS, -1, 0) = 0x7fd8f3382000
munmap(0x7fd8f3382000, 16384)           = 0
mmap(NULL, 16384, PROT_READ|PROT_WRITE, MAP_PRIVATE|MAP_ANONYMOUS, -1, 0) = 0x7fd8f3382000
munmap(0x7fd8f3382000, 16384)           = 0
mmap(NULL, 16384, PROT_READ|PROT_WRITE, MAP_PRIVATE|MAP_ANONYMOUS, -1, 0) = 0x7fd8f3382000
munmap(0x7fd8f3382000, 16384)           = 0
mmap(NULL, 16384, PROT_READ|PROT_WRITE, MAP_PRIVATE|MAP_ANONYMOUS, -1, 0) = 0x7fd8f3382000
munmap(0x7fd8f3382000, 16384)           = 0
mmap(NULL, 16384, PROT_READ|PROT_WRITE, MAP_PRIVATE|MAP_ANONYMOUS, -1, 0) = 0x7fd8f3382000
munmap(0x7fd8f3382000, 16384)           = 0
mmap(NULL, 16384, PROT_READ|PROT_WRITE, MAP_PRIVATE|MAP_ANONYMOUS, -1, 0) = 0x7fd8f3382000
munmap(0x7fd8f3382000, 16384)           = 0
mmap(NULL, 16384, PROT_READ|PROT_WRITE, MAP_PRIVATE|MAP_ANONYMOUS, -1, 0) = 0x7fd8f3382000
munmap(0x7fd8f3382000, 16384)           = 0
mmap(NULL, 16384, PROT_READ|PROT_WRITE, MAP_PRIVATE|MAP_ANONYMOUS, -1, 0) = 0x7fd8f3382000
munmap(0x7fd8f3382000, 16384)           = 0
mmap(NULL, 16384, PROT_READ|PROT_WRITE, MAP_PRIVATE|MAP_ANONYMOUS, -1, 0) = 0x7fd8f3382000
munmap(0x7fd8f3382000, 16384)           = 0
mmap(NULL, 16384, PROT_READ|PROT_WRITE, MAP_PRIVATE|MAP_ANONYMOUS, -1, 0) = 0x7fd8f3382000
munmap(0x7fd8f3382000, 16384)           = 0
mmap(NULL, 16384, PROT_READ|PROT_WRITE, MAP_PRIVATE|MAP_ANONYMOUS, -1, 0) = 0x7fd8f3382000
munmap(0x7fd8f3382000, 16384)           = 0
mmap(NULL, 16384, PROT_READ|PROT_WRITE, MAP_PRIVATE|MAP_ANONYMOUS, -1, 0) = 0x7fd8f3382000
munmap(0x7fd8f3382000, 16384)           = 0
mmap(NULL, 16384, PROT_READ|PROT_WRITE, MAP_PRIVATE|MAP_ANONYMOUS, -1, 0) = 0x7fd8f3382000
munmap(0x7fd8f3382000, 16384)           = 0
mmap(NULL, 16384, PROT_READ|PROT_WRITE, MAP_PRIVATE|MAP_ANONYMOUS, -1, 0) = 0x7fd8f3382000
munmap(0x7fd8f3382000, 16384)           = 0
mmap(NULL, 16384, PROT_READ|PROT_WRITE, MAP_PRIVATE|MAP_ANONYMOUS, -1, 0) = 0x7fd8f3382000
munmap(0x7fd8f3382000, 16384)           = 0
mmap(NULL, 16384, PROT_READ|PROT_WRITE, MAP_PRIVATE|MAP_ANONYMOUS, -1, 0) = 0x7fd8f3382000
munmap(0x7fd8f3382000, 16384)           = 0
mmap(NULL, 16384, PROT_READ|PROT_WRITE, MAP_PRIVATE|MAP_ANONYMOUS, -1, 0) = 0x7fd8f3382000
munmap(0x7fd8f3382000, 16384)           = 0
mmap(NULL, 16384, PROT_READ|PROT_WRITE, MAP_PRIVATE|MAP_ANONYMOUS, -1, 0) = 0x7fd8f3382000
munmap(0x7fd8f3382000, 16384)           = 0
mmap(NULL, 16384, PROT_READ|PROT_WRITE, MAP_PRIVATE|MAP_ANONYMOUS, -1, 0) = 0x7fd8f3382000
munmap(0x7fd8f3382000, 16384)           = 0
newfstatat(AT_FDCWD, "/home/ubuntu/.local/lib/python3.12/site-packages/pwnlib", {st_mode=S_IFDIR|0755, st_size=4096, ...}, 0) = 0
newfstatat(AT_FDCWD, "/home/ubuntu/.local/lib/python3.12/site-packages/pwnlib/device.py", {st_mode=S_IFREG|0644, st_size=318, ...}, 0) = 0
newfstatat(AT_FDCWD, "/home/ubuntu/.local/lib/python3.12/site-packages/pwnlib/device.py", {st_mode=S_IFREG|0644, st_size=318, ...}, 0) = 0
openat(AT_FDCWD, "/home/ubuntu/.local/lib/python3.12/site-packages/pwnlib/__pycache__/device.cpython-312.pyc", O_RDONLY|O_CLOEXEC) = 5
fstat(5, {st_mode=S_IFREG|0644, st_size=959, ...}) = 0
ioctl(5, TCGETS, 0x7ffc5ece1030)        = -1 ENOTTY (Inappropriate ioctl for device)
lseek(5, 0, SEEK_CUR)                   = 0
lseek(5, 0, SEEK_CUR)                   = 0
fstat(5, {st_mode=S_IFREG|0644, st_size=959, ...}) = 0
read(5, "\313\r\r\n\0\0\0\0\226\254\33i>\1\0\0\343\0\0\0\0\0\0\0\0\0\0\0\0\5\0\0"..., 960) = 959
read(5, "", 1)                          = 0
close(5)                                = 0
newfstatat(AT_FDCWD, "/home/ubuntu/.local/lib/python3.12/site-packages/pwnlib", {st_mode=S_IFDIR|0755, st_size=4096, ...}, 0) = 0
newfstatat(AT_FDCWD, "/home/ubuntu/.local/lib/python3.12/site-packages/pwnlib/timeout.py", {st_mode=S_IFREG|0644, st_size=5839, ...}, 0) = 0
newfstatat(AT_FDCWD, "/home/ubuntu/.local/lib/python3.12/site-packages/pwnlib/timeout.py", {st_mode=S_IFREG|0644, st_size=5839, ...}, 0) = 0
openat(AT_FDCWD, "/home/ubuntu/.local/lib/python3.12/site-packages/pwnlib/__pycache__/timeout.cpython-312.pyc", O_RDONLY|O_CLOEXEC) = 5
fstat(5, {st_mode=S_IFREG|0644, st_size=8966, ...}) = 0
ioctl(5, TCGETS, 0x7ffc5ece1030)        = -1 ENOTTY (Inappropriate ioctl for device)
lseek(5, 0, SEEK_CUR)                   = 0
lseek(5, 0, SEEK_CUR)                   = 0
fstat(5, {st_mode=S_IFREG|0644, st_size=8966, ...}) = 0
read(5, "\313\r\r\n\0\0\0\0\226\254\33i\317\26\0\0\343\0\0\0\0\0\0\0\0\0\0\0\0\5\0\0"..., 8967) = 8966
read(5, "", 1)                          = 0
close(5)                                = 0
newfstatat(AT_FDCWD, "/home/ubuntu/.local/lib/python3.12/site-packages/pwnlib", {st_mode=S_IFDIR|0755, st_size=4096, ...}, 0) = 0
newfstatat(AT_FDCWD, "/home/ubuntu/.local/lib/python3.12/site-packages/pwnlib/py2compat.py", {st_mode=S_IFREG|0644, st_size=2825, ...}, 0) = 0
newfstatat(AT_FDCWD, "/home/ubuntu/.local/lib/python3.12/site-packages/pwnlib/py2compat.py", {st_mode=S_IFREG|0644, st_size=2825, ...}, 0) = 0
openat(AT_FDCWD, "/home/ubuntu/.local/lib/python3.12/site-packages/pwnlib/__pycache__/py2compat.cpython-312.pyc", O_RDONLY|O_CLOEXEC) = 5
fstat(5, {st_mode=S_IFREG|0644, st_size=4307, ...}) = 0
ioctl(5, TCGETS, 0x7ffc5ece1230)        = -1 ENOTTY (Inappropriate ioctl for device)
lseek(5, 0, SEEK_CUR)                   = 0
lseek(5, 0, SEEK_CUR)                   = 0
fstat(5, {st_mode=S_IFREG|0644, st_size=4307, ...}) = 0
read(5, "\313\r\r\n\0\0\0\0\226\254\33i\t\v\0\0\343\0\0\0\0\0\0\0\0\0\0\0\0\6\0\0"..., 4308) = 4307
read(5, "", 1)                          = 0
close(5)                                = 0
newfstatat(AT_FDCWD, "/home/ubuntu/.local/lib/python3.12/site-packages/pwnlib/term", {st_mode=S_IFDIR|0755, st_size=4096, ...}, 0) = 0
newfstatat(AT_FDCWD, "/home/ubuntu/.local/lib/python3.12/site-packages/pwnlib/term/text.py", {st_mode=S_IFREG|0644, st_size=3964, ...}, 0) = 0
newfstatat(AT_FDCWD, "/home/ubuntu/.local/lib/python3.12/site-packages/pwnlib/term/text.py", {st_mode=S_IFREG|0644, st_size=3964, ...}, 0) = 0
openat(AT_FDCWD, "/home/ubuntu/.local/lib/python3.12/site-packages/pwnlib/term/__pycache__/text.cpython-312.pyc", O_RDONLY|O_CLOEXEC) = 5
fstat(5, {st_mode=S_IFREG|0644, st_size=6402, ...}) = 0
ioctl(5, TCGETS, 0x7ffc5ece32d0)        = -1 ENOTTY (Inappropriate ioctl for device)
lseek(5, 0, SEEK_CUR)                   = 0
lseek(5, 0, SEEK_CUR)                   = 0
fstat(5, {st_mode=S_IFREG|0644, st_size=6402, ...}) = 0
read(5, "\313\r\r\n\0\0\0\0\226\254\33i|\17\0\0\343\0\0\0\0\0\0\0\0\0\0\0\0\5\0\0"..., 6403) = 6402
read(5, "", 1)                          = 0
close(5)                                = 0
ioctl(1, TCGETS, 0x7ffc5ece2c30)        = -1 ENOTTY (Inappropriate ioctl for device)
ioctl(1, TCGETS, 0x7ffc5ece2f90)        = -1 ENOTTY (Inappropriate ioctl for device)
newfstatat(AT_FDCWD, "/home/ubuntu/.terminfo", 0x1f381e70, 0) = -1 ENOENT (No such file or directory)
newfstatat(AT_FDCWD, "/etc/terminfo", {st_mode=S_IFDIR|0755, st_size=4096, ...}, 0) = 0
newfstatat(AT_FDCWD, "/lib/terminfo", 0x1f381f00, 0) = -1 ENOENT (No such file or directory)
newfstatat(AT_FDCWD, "/usr/share/terminfo", {st_mode=S_IFDIR|0755, st_size=4096, ...}, 0) = 0
access("/etc/terminfo/d/dumb", R_OK)    = -1 ENOENT (No such file or directory)
access("/usr/share/terminfo/d/dumb", R_OK) = 0
getuid()                                = 1000
setfsuid(1000)                          = 1000
getgid()                                = 1000
setfsgid(1000)                          = 1000
openat(AT_FDCWD, "/usr/share/terminfo/d/dumb", O_RDONLY) = 5
geteuid()                               = 1000
setfsuid(1000)                          = 1000
getegid()                               = 1000
setfsgid(1000)                          = 1000
fstat(5, {st_mode=S_IFREG|0644, st_size=308, ...}) = 0
read(5, "\32\1\30\0\2\0\1\0\202\0\10\0dumb|80-column dumb "..., 32768) = 308
read(5, "", 28672)                      = 0
close(5)                                = 0
ioctl(2, TCGETS, 0x7ffc5ece2f90)        = -1 ENOTTY (Inappropriate ioctl for device)
ioctl(2, TCGETS, 0x7ffc5ece2e90)        = -1 ENOTTY (Inappropriate ioctl for device)
ioctl(1, TIOCGWINSZ, 0x7ffc5ece5458)    = -1 ENOTTY (Inappropriate ioctl for device)
newfstatat(AT_FDCWD, "/home/ubuntu/.local/lib/python3.12/site-packages/pwnlib", {st_mode=S_IFDIR|0755, st_size=4096, ...}, 0) = 0
newfstatat(AT_FDCWD, "/home/ubuntu/.local/lib/python3.12/site-packages/pwnlib/commandline/__init__.cpython-312-x86_64-linux-gnu.so", 0x7ffc5ece5b40, 0) = -1 ENOENT (No such file or directory)
newfstatat(AT_FDCWD, "/home/ubuntu/.local/lib/python3.12/site-packages/pwnlib/commandline/__init__.abi3.so", 0x7ffc5ece5b40, 0) = -1 ENOENT (No such file or directory)
newfstatat(AT_FDCWD, "/home/ubuntu/.local/lib/python3.12/site-packages/pwnlib/commandline/__init__.so", 0x7ffc5ece5b40, 0) = -1 ENOENT (No such file or directory)
newfstatat(AT_FDCWD, "/home/ubuntu/.local/lib/python3.12/site-packages/pwnlib/commandline/__init__.py", {st_mode=S_IFREG|0644, st_size=299, ...}, 0) = 0
newfstatat(AT_FDCWD, "/home/ubuntu/.local/lib/python3.12/site-packages/pwnlib/commandline/__init__.py", {st_mode=S_IFREG|0644, st_size=299, ...}, 0) = 0
openat(AT_FDCWD, "/home/ubuntu/.local/lib/python3.12/site-packages/pwnlib/commandline/__pycache__/__init__.cpython-312.pyc", O_RDONLY|O_CLOEXEC) = 5
fstat(5, {st_mode=S_IFREG|0644, st_size=365, ...}) = 0
ioctl(5, TCGETS, 0x7ffc5ece57e0)        = -1 ENOTTY (Inappropriate ioctl for device)
lseek(5, 0, SEEK_CUR)                   = 0
lseek(5, 0, SEEK_CUR)                   = 0
fstat(5, {st_mode=S_IFREG|0644, st_size=365, ...}) = 0
read(5, "\313\r\r\n\0\0\0\0\226\254\33i+\1\0\0\343\0\0\0\0\0\0\0\0\0\0\0\0\2\0\0"..., 366) = 365
read(5, "", 1)                          = 0
close(5)                                = 0
newfstatat(AT_FDCWD, "/home/ubuntu/.local/lib/python3.12/site-packages/pwnlib", {st_mode=S_IFDIR|0755, st_size=4096, ...}, 0) = 0
newfstatat(AT_FDCWD, "/home/ubuntu/.local/lib/python3.12/site-packages/pwnlib/adb/__init__.cpython-312-x86_64-linux-gnu.so", 0x7ffc5ece6820, 0) = -1 ENOENT (No such file or directory)
newfstatat(AT_FDCWD, "/home/ubuntu/.local/lib/python3.12/site-packages/pwnlib/adb/__init__.abi3.so", 0x7ffc5ece6820, 0) = -1 ENOENT (No such file or directory)
newfstatat(AT_FDCWD, "/home/ubuntu/.local/lib/python3.12/site-packages/pwnlib/adb/__init__.so", 0x7ffc5ece6820, 0) = -1 ENOENT (No such file or directory)
newfstatat(AT_FDCWD, "/home/ubuntu/.local/lib/python3.12/site-packages/pwnlib/adb/__init__.py", {st_mode=S_IFREG|0644, st_size=199, ...}, 0) = 0
newfstatat(AT_FDCWD, "/home/ubuntu/.local/lib/python3.12/site-packages/pwnlib/adb/__init__.py", {st_mode=S_IFREG|0644, st_size=199, ...}, 0) = 0
openat(AT_FDCWD, "/home/ubuntu/.local/lib/python3.12/site-packages/pwnlib/adb/__pycache__/__init__.cpython-312.pyc", O_RDONLY|O_CLOEXEC) = 5
fstat(5, {st_mode=S_IFREG|0644, st_size=421, ...}) = 0
ioctl(5, TCGETS, 0x7ffc5ece64c0)        = -1 ENOTTY (Inappropriate ioctl for device)
lseek(5, 0, SEEK_CUR)                   = 0
lseek(5, 0, SEEK_CUR)                   = 0
fstat(5, {st_mode=S_IFREG|0644, st_size=421, ...}) = 0
read(5, "\313\r\r\n\0\0\0\0\226\254\33i\307\0\0\0\343\0\0\0\0\0\0\0\0\0\0\0\0\2\0\0"..., 422) = 421
read(5, "", 1)                          = 0
close(5)                                = 0
newfstatat(AT_FDCWD, "/home/ubuntu/.local/lib/python3.12/site-packages/pwnlib/adb", {st_mode=S_IFDIR|0755, st_size=4096, ...}, 0) = 0
newfstatat(AT_FDCWD, "/home/ubuntu/.local/lib/python3.12/site-packages/pwnlib/adb", {st_mode=S_IFDIR|0755, st_size=4096, ...}, 0) = 0
newfstatat(AT_FDCWD, "/home/ubuntu/.local/lib/python3.12/site-packages/pwnlib/adb", {st_mode=S_IFDIR|0755, st_size=4096, ...}, 0) = 0
openat(AT_FDCWD, "/home/ubuntu/.local/lib/python3.12/site-packages/pwnlib/adb", O_RDONLY|O_NONBLOCK|O_CLOEXEC|O_DIRECTORY) = 5
fstat(5, {st_mode=S_IFDIR|0755, st_size=4096, ...}) = 0
getdents64(5, 0x1f3af630 /* 8 entries */, 32768) = 248
getdents64(5, 0x1f3af630 /* 0 entries */, 32768) = 0
close(5)                                = 0
newfstatat(AT_FDCWD, "/home/ubuntu/.local/lib/python3.12/site-packages/pwnlib/adb/adb.py", {st_mode=S_IFREG|0644, st_size=44200, ...}, 0) = 0
newfstatat(AT_FDCWD, "/home/ubuntu/.local/lib/python3.12/site-packages/pwnlib/adb/adb.py", {st_mode=S_IFREG|0644, st_size=44200, ...}, 0) = 0
openat(AT_FDCWD, "/home/ubuntu/.local/lib/python3.12/site-packages/pwnlib/adb/__pycache__/adb.cpython-312.pyc", O_RDONLY|O_CLOEXEC) = 5
fstat(5, {st_mode=S_IFREG|0644, st_size=65822, ...}) = 0
ioctl(5, TCGETS, 0x7ffc5ece5e50)        = -1 ENOTTY (Inappropriate ioctl for device)
lseek(5, 0, SEEK_CUR)                   = 0
lseek(5, 0, SEEK_CUR)                   = 0
fstat(5, {st_mode=S_IFREG|0644, st_size=65822, ...}) = 0
brk(0x1f3e1000)                         = 0x1f3e1000
read(5, "\313\r\r\n\0\0\0\0\226\254\33i\250\254\0\0\343\0\0\0\0\0\0\0\0\0\0\0\0\5\0\0"..., 65823) = 65822
read(5, "", 1)                          = 0
close(5)                                = 0
newfstatat(AT_FDCWD, "/workspace/sidechannel/ropfu", {st_mode=S_IFDIR|0755, st_size=4096, ...}, 0) = 0
newfstatat(AT_FDCWD, "/usr/lib/python3.12", {st_mode=S_IFDIR|0755, st_size=4096, ...}, 0) = 0
newfstatat(AT_FDCWD, "/usr/lib/python3.12/glob.py", {st_mode=S_IFREG|0644, st_size=8732, ...}, 0) = 0
newfstatat(AT_FDCWD, "/usr/lib/python3.12/glob.py", {st_mode=S_IFREG|0644, st_size=8732, ...}, 0) = 0
openat(AT_FDCWD, "/usr/lib/python3.12/__pycache__/glob.cpython-312.pyc", O_RDONLY|O_CLOEXEC) = 5
fstat(5, {st_mode=S_IFREG|0644, st_size=9841, ...}) = 0
ioctl(5, TCGETS, 0x7ffc5ece57e0)        = -1 ENOTTY (Inappropriate ioctl for device)
lseek(5, 0, SEEK_CUR)                   = 0
lseek(5, 0, SEEK_CUR)                   = 0
fstat(5, {st_mode=S_IFREG|0644, st_size=9841, ...}) = 0
read(5, "\313\r\r\n\0\0\0\0)!\236h\34\"\0\0\343\0\0\0\0\0\0\0\0\0\0\0\0\6\0\0"..., 9842) = 9841
read(5, "", 1)                          = 0
close(5)                                = 0
mmap(NULL, 1048576, PROT_READ|PROT_WRITE, MAP_PRIVATE|MAP_ANONYMOUS, -1, 0) = 0x7fd8f3092000
newfstatat(AT_FDCWD, "/workspace/sidechannel/ropfu", {st_mode=S_IFDIR|0755, st_size=4096, ...}, 0) = 0
newfstatat(AT_FDCWD, "/usr/lib/python3.12", {st_mode=S_IFDIR|0755, st_size=4096, ...}, 0) = 0
newfstatat(AT_FDCWD, "/usr/lib/python3.12/lib-dynload", {st_mode=S_IFDIR|0755, st_size=4096, ...}, 0) = 0
newfstatat(AT_FDCWD, "/home/ubuntu/.local/lib/python3.12/site-packages", {st_mode=S_IFDIR|0755, st_size=4096, ...}, 0) = 0
newfstatat(AT_FDCWD, "/home/ubuntu/.local/lib/python3.12/site-packages/dateutil/__init__.cpython-312-x86_64-linux-gnu.so", 0x7ffc5ece56d0, 0) = -1 ENOENT (No such file or directory)
newfstatat(AT_FDCWD, "/home/ubuntu/.local/lib/python3.12/site-packages/dateutil/__init__.abi3.so", 0x7ffc5ece56d0, 0) = -1 ENOENT (No such file or directory)
newfstatat(AT_FDCWD, "/home/ubuntu/.local/lib/python3.12/site-packages/dateutil/__init__.so", 0x7ffc5ece56d0, 0) = -1 ENOENT (No such file or directory)
newfstatat(AT_FDCWD, "/home/ubuntu/.local/lib/python3.12/site-packages/dateutil/__init__.py", {st_mode=S_IFREG|0644, st_size=620, ...}, 0) = 0
newfstatat(AT_FDCWD, "/home/ubuntu/.local/lib/python3.12/site-packages/dateutil/__init__.py", {st_mode=S_IFREG|0644, st_size=620, ...}, 0) = 0
openat(AT_FDCWD, "/home/ubuntu/.local/lib/python3.12/site-packages/dateutil/__pycache__/__init__.cpython-312.pyc", O_RDONLY|O_CLOEXEC) = 5
fstat(5, {st_mode=S_IFREG|0644, st_size=1112, ...}) = 0
ioctl(5, TCGETS, 0x7ffc5ece5370)        = -1 ENOTTY (Inappropriate ioctl for device)
lseek(5, 0, SEEK_CUR)                   = 0
lseek(5, 0, SEEK_CUR)                   = 0
fstat(5, {st_mode=S_IFREG|0644, st_size=1112, ...}) = 0
read(5, "\313\r\r\n\0\0\0\0\225\254\33il\2\0\0\343\0\0\0\0\0\0\0\0\0\0\0\0\4\0\0"..., 1113) = 1112
read(5, "", 1)                          = 0
close(5)                                = 0
newfstatat(AT_FDCWD, "/home/ubuntu/.local/lib/python3.12/site-packages/dateutil", {st_mode=S_IFDIR|0755, st_size=4096, ...}, 0) = 0
newfstatat(AT_FDCWD, "/home/ubuntu/.local/lib/python3.12/site-packages/dateutil", {st_mode=S_IFDIR|0755, st_size=4096, ...}, 0) = 0
newfstatat(AT_FDCWD, "/home/ubuntu/.local/lib/python3.12/site-packages/dateutil", {st_mode=S_IFDIR|0755, st_size=4096, ...}, 0) = 0
openat(AT_FDCWD, "/home/ubuntu/.local/lib/python3.12/site-packages/dateutil", O_RDONLY|O_NONBLOCK|O_CLOEXEC|O_DIRECTORY) = 5
fstat(5, {st_mode=S_IFDIR|0755, st_size=4096, ...}) = 0
getdents64(5, 0x1f3b0640 /* 14 entries */, 32768) = 432
getdents64(5, 0x1f3b0640 /* 0 entries */, 32768) = 0
close(5)                                = 0
newfstatat(AT_FDCWD, "/home/ubuntu/.local/lib/python3.12/site-packages/dateutil/_version.py", {st_mode=S_IFREG|0644, st_size=166, ...}, 0) = 0
newfstatat(AT_FDCWD, "/home/ubuntu/.local/lib/python3.12/site-packages/dateutil/_version.py", {st_mode=S_IFREG|0644, st_size=166, ...}, 0) = 0
openat(AT_FDCWD, "/home/ubuntu/.local/lib/python3.12/site-packages/dateutil/__pycache__/_version.cpython-312.pyc", O_RDONLY|O_CLOEXEC) = 5
fstat(5, {st_mode=S_IFREG|0644, st_size=288, ...}) = 0
ioctl(5, TCGETS, 0x7ffc5ece4d00)        = -1 ENOTTY (Inappropriate ioctl for device)
lseek(5, 0, SEEK_CUR)                   = 0
lseek(5, 0, SEEK_CUR)                   = 0
fstat(5, {st_mode=S_IFREG|0644, st_size=288, ...}) = 0
read(5, "\313\r\r\n\0\0\0\0\225\254\33i\246\0\0\0\343\0\0\0\0\0\0\0\0\0\0\0\0\2\0\0"..., 289) = 288
read(5, "", 1)                          = 0
close(5)                                = 0
newfstatat(AT_FDCWD, "/home/ubuntu/.local/lib/python3.12/site-packages/dateutil", {st_mode=S_IFDIR|0755, st_size=4096, ...}, 0) = 0
newfstatat(AT_FDCWD, "/home/ubuntu/.local/lib/python3.12/site-packages/dateutil/parser/__init__.cpython-312-x86_64-linux-gnu.so", 0x7ffc5ece5b40, 0) = -1 ENOENT (No such file or directory)
newfstatat(AT_FDCWD, "/home/ubuntu/.local/lib/python3.12/site-packages/dateutil/parser/__init__.abi3.so", 0x7ffc5ece5b40, 0) = -1 ENOENT (No such file or directory)
newfstatat(AT_FDCWD, "/home/ubuntu/.local/lib/python3.12/site-packages/dateutil/parser/__init__.so", 0x7ffc5ece5b40, 0) = -1 ENOENT (No such file or directory)
newfstatat(AT_FDCWD, "/home/ubuntu/.local/lib/python3.12/site-packages/dateutil/parser/__init__.py", {st_mode=S_IFREG|0644, st_size=1766, ...}, 0) = 0
newfstatat(AT_FDCWD, "/home/ubuntu/.local/lib/python3.12/site-packages/dateutil/parser/__init__.py", {st_mode=S_IFREG|0644, st_size=1766, ...}, 0) = 0
openat(AT_FDCWD, "/home/ubuntu/.local/lib/python3.12/site-packages/dateutil/parser/__pycache__/__init__.cpython-312.pyc", O_RDONLY|O_CLOEXEC) = 5
fstat(5, {st_mode=S_IFREG|0644, st_size=2638, ...}) = 0
ioctl(5, TCGETS, 0x7ffc5ece57e0)        = -1 ENOTTY (Inappropriate ioctl for device)
lseek(5, 0, SEEK_CUR)                   = 0
lseek(5, 0, SEEK_CUR)                   = 0
fstat(5, {st_mode=S_IFREG|0644, st_size=2638, ...}) = 0
read(5, "\313\r\r\n\0\0\0\0\225\254\33i\346\6\0\0\343\0\0\0\0\0\0\0\0\0\0\0\0\3\0\0"..., 2639) = 2638
read(5, "", 1)                          = 0
close(5)                                = 0
newfstatat(AT_FDCWD, "/home/ubuntu/.local/lib/python3.12/site-packages/dateutil/parser", {st_mode=S_IFDIR|0755, st_size=4096, ...}, 0) = 0
newfstatat(AT_FDCWD, "/home/ubuntu/.local/lib/python3.12/site-packages/dateutil/parser", {st_mode=S_IFDIR|0755, st_size=4096, ...}, 0) = 0
newfstatat(AT_FDCWD, "/home/ubuntu/.local/lib/python3.12/site-packages/dateutil/parser", {st_mode=S_IFDIR|0755, st_size=4096, ...}, 0) = 0
openat(AT_FDCWD, "/home/ubuntu/.local/lib/python3.12/site-packages/dateutil/parser", O_RDONLY|O_NONBLOCK|O_CLOEXEC|O_DIRECTORY) = 5
fstat(5, {st_mode=S_IFDIR|0755, st_size=4096, ...}) = 0
getdents64(5, 0x1f3b0640 /* 6 entries */, 32768) = 176
getdents64(5, 0x1f3b0640 /* 0 entries */, 32768) = 0
close(5)                                = 0
newfstatat(AT_FDCWD, "/home/ubuntu/.local/lib/python3.12/site-packages/dateutil/parser/_parser.py", {st_mode=S_IFREG|0644, st_size=58796, ...}, 0) = 0
newfstatat(AT_FDCWD, "/home/ubuntu/.local/lib/python3.12/site-packages/dateutil/parser/_parser.py", {st_mode=S_IFREG|0644, st_size=58796, ...}, 0) = 0
openat(AT_FDCWD, "/home/ubuntu/.local/lib/python3.12/site-packages/dateutil/parser/__pycache__/_parser.cpython-312.pyc", O_RDONLY|O_CLOEXEC) = 5
fstat(5, {st_mode=S_IFREG|0644, st_size=61831, ...}) = 0
ioctl(5, TCGETS, 0x7ffc5ece5170)        = -1 ENOTTY (Inappropriate ioctl for device)
lseek(5, 0, SEEK_CUR)                   = 0
lseek(5, 0, SEEK_CUR)                   = 0
fstat(5, {st_mode=S_IFREG|0644, st_size=61831, ...}) = 0
read(5, "\313\r\r\n\0\0\0\0\225\254\33i\254\345\0\0\343\0\0\0\0\0\0\0\0\0\0\0\0\5\0\0"..., 61832) = 61831
read(5, "", 1)                          = 0
close(5)                                = 0
newfstatat(AT_FDCWD, "/workspace/sidechannel/ropfu", {st_mode=S_IFDIR|0755, st_size=4096, ...}, 0) = 0
newfstatat(AT_FDCWD, "/usr/lib/python3.12", {st_mode=S_IFDIR|0755, st_size=4096, ...}, 0) = 0
newfstatat(AT_FDCWD, "/usr/lib/python3.12/datetime.py", {st_mode=S_IFREG|0644, st_size=268, ...}, 0) = 0
newfstatat(AT_FDCWD, "/usr/lib/python3.12/datetime.py", {st_mode=S_IFREG|0644, st_size=268, ...}, 0) = 0
openat(AT_FDCWD, "/usr/lib/python3.12/__pycache__/datetime.cpython-312.pyc", O_RDONLY|O_CLOEXEC) = 5
fstat(5, {st_mode=S_IFREG|0644, st_size=409, ...}) = 0
ioctl(5, TCGETS, 0x7ffc5ece4b00)        = -1 ENOTTY (Inappropriate ioctl for device)
lseek(5, 0, SEEK_CUR)                   = 0
lseek(5, 0, SEEK_CUR)                   = 0
fstat(5, {st_mode=S_IFREG|0644, st_size=409, ...}) = 0
read(5, "\313\r\r\n\0\0\0\0)!\236h\f\1\0\0\343\0\0\0\0\0\0\0\0\0\0\0\0\4\0\0"..., 410) = 409
read(5, "", 1)                          = 0
close(5)                                = 0
newfstatat(AT_FDCWD, "/workspace/sidechannel/ropfu", {st_mode=S_IFDIR|0755, st_size=4096, ...}, 0) = 0
newfstatat(AT_FDCWD, "/usr/lib/python3.12", {st_mode=S_IFDIR|0755, st_size=4096, ...}, 0) = 0
newfstatat(AT_FDCWD, "/usr/lib/python3.12/calendar.py", {st_mode=S_IFREG|0644, st_size=25418, ...}, 0) = 0
newfstatat(AT_FDCWD, "/usr/lib/python3.12/calendar.py", {st_mode=S_IFREG|0644, st_size=25418, ...}, 0) = 0
openat(AT_FDCWD, "/usr/lib/python3.12/__pycache__/calendar.cpython-312.pyc", O_RDONLY|O_CLOEXEC) = 5
fstat(5, {st_mode=S_IFREG|0644, st_size=39621, ...}) = 0
ioctl(5, TCGETS, 0x7ffc5ece4b00)        = -1 ENOTTY (Inappropriate ioctl for device)
lseek(5, 0, SEEK_CUR)                   = 0
lseek(5, 0, SEEK_CUR)                   = 0
fstat(5, {st_mode=S_IFREG|0644, st_size=39621, ...}) = 0
read(5, "\313\r\r\n\0\0\0\0)!\236hJc\0\0\343\0\0\0\0\0\0\0\0\0\0\0\0\6\0\0"..., 39622) = 39621
read(5, "", 1)                          = 0
close(5)                                = 0
newfstatat(AT_FDCWD, "/workspace/sidechannel/ropfu", {st_mode=S_IFDIR|0755, st_size=4096, ...}, 0) = 0
newfstatat(AT_FDCWD, "/usr/lib/python3.12", {st_mode=S_IFDIR|0755, st_size=4096, ...}, 0) = 0
newfstatat(AT_FDCWD, "/usr/lib/python3.12/decimal.py", {st_mode=S_IFREG|0644, st_size=320, ...}, 0) = 0
newfstatat(AT_FDCWD, "/usr/lib/python3.12/decimal.py", {st_mode=S_IFREG|0644, st_size=320, ...}, 0) = 0
openat(AT_FDCWD, "/usr/lib/python3.12/__pycache__/decimal.cpython-312.pyc", O_RDONLY|O_CLOEXEC) = 5
fstat(5, {st_mode=S_IFREG|0644, st_size=406, ...}) = 0
ioctl(5, TCGETS, 0x7ffc5ece4b00)        = -1 ENOTTY (Inappropriate ioctl for device)
lseek(5, 0, SEEK_CUR)                   = 0
lseek(5, 0, SEEK_CUR)                   = 0
fstat(5, {st_mode=S_IFREG|0644, st_size=406, ...}) = 0
read(5, "\313\r\r\n\0\0\0\0)!\236h@\1\0\0\343\0\0\0\0\0\0\0\0\0\0\0\0\4\0\0"..., 407) = 406
read(5, "", 1)                          = 0
close(5)                                = 0
newfstatat(AT_FDCWD, "/workspace/sidechannel/ropfu", {st_mode=S_IFDIR|0755, st_size=4096, ...}, 0) = 0
newfstatat(AT_FDCWD, "/usr/lib/python3.12", {st_mode=S_IFDIR|0755, st_size=4096, ...}, 0) = 0
newfstatat(AT_FDCWD, "/usr/lib/python3.12/lib-dynload", {st_mode=S_IFDIR|0755, st_size=4096, ...}, 0) = 0
newfstatat(AT_FDCWD, "/usr/lib/python3.12/lib-dynload/_decimal.cpython-312-x86_64-linux-gnu.so", {st_mode=S_IFREG|0644, st_size=372904, ...}, 0) = 0
openat(AT_FDCWD, "/usr/lib/python3.12/lib-dynload/_decimal.cpython-312-x86_64-linux-gnu.so", O_RDONLY|O_CLOEXEC) = 5
read(5, "\177ELF\2\1\1\0\0\0\0\0\0\0\0\0\3\0>\0\1\0\0\0\0\0\0\0\0\0\0\0"..., 832) = 832
fstat(5, {st_mode=S_IFREG|0644, st_size=372904, ...}) = 0
mmap(NULL, 375080, PROT_READ, MAP_PRIVATE|MAP_DENYWRITE, 5, 0) = 0x7fd8f3036000
mmap(0x7fd8f303d000, 262144, PROT_READ|PROT_EXEC, MAP_PRIVATE|MAP_FIXED|MAP_DENYWRITE, 5, 0x7000) = 0x7fd8f303d000
mmap(0x7fd8f307d000, 69632, PROT_READ, MAP_PRIVATE|MAP_FIXED|MAP_DENYWRITE, 5, 0x47000) = 0x7fd8f307d000
mmap(0x7fd8f308e000, 16384, PROT_READ|PROT_WRITE, MAP_PRIVATE|MAP_FIXED|MAP_DENYWRITE, 5, 0x57000) = 0x7fd8f308e000
close(5)                                = 0
mprotect(0x7fd8f308e000, 4096, PROT_READ) = 0
newfstatat(AT_FDCWD, "/workspace/sidechannel/ropfu", {st_mode=S_IFDIR|0755, st_size=4096, ...}, 0) = 0
newfstatat(AT_FDCWD, "/usr/lib/python3.12", {st_mode=S_IFDIR|0755, st_size=4096, ...}, 0) = 0
newfstatat(AT_FDCWD, "/usr/lib/python3.12/numbers.py", {st_mode=S_IFREG|0644, st_size=11467, ...}, 0) = 0
newfstatat(AT_FDCWD, "/usr/lib/python3.12/numbers.py", {st_mode=S_IFREG|0644, st_size=11467, ...}, 0) = 0
openat(AT_FDCWD, "/usr/lib/python3.12/__pycache__/numbers.cpython-312.pyc", O_RDONLY|O_CLOEXEC) = 5
fstat(5, {st_mode=S_IFREG|0644, st_size=13967, ...}) = 0
ioctl(5, TCGETS, 0x7ffc5ece3d10)        = -1 ENOTTY (Inappropriate ioctl for device)
lseek(5, 0, SEEK_CUR)                   = 0
lseek(5, 0, SEEK_CUR)                   = 0
fstat(5, {st_mode=S_IFREG|0644, st_size=13967, ...}) = 0
read(5, "\313\r\r\n\0\0\0\0)!\236h\313,\0\0\343\0\0\0\0\0\0\0\0\0\0\0\0\5\0\0"..., 13968) = 13967
read(5, "", 1)                          = 0
close(5)                                = 0
newfstatat(AT_FDCWD, "/home/ubuntu/.local/lib/python3.12/site-packages/dateutil", {st_mode=S_IFDIR|0755, st_size=4096, ...}, 0) = 0
newfstatat(AT_FDCWD, "/home/ubuntu/.local/lib/python3.12/site-packages/dateutil/relativedelta.py", {st_mode=S_IFREG|0644, st_size=24903, ...}, 0) = 0
newfstatat(AT_FDCWD, "/home/ubuntu/.local/lib/python3.12/site-packages/dateutil/relativedelta.py", {st_mode=S_IFREG|0644, st_size=24903, ...}, 0) = 0
openat(AT_FDCWD, "/home/ubuntu/.local/lib/python3.12/site-packages/dateutil/__pycache__/relativedelta.cpython-312.pyc", O_RDONLY|O_CLOEXEC) = 5
fstat(5, {st_mode=S_IFREG|0644, st_size=28345, ...}) = 0
ioctl(5, TCGETS, 0x7ffc5ece4890)        = -1 ENOTTY (Inappropriate ioctl for device)
lseek(5, 0, SEEK_CUR)                   = 0
lseek(5, 0, SEEK_CUR)                   = 0
fstat(5, {st_mode=S_IFREG|0644, st_size=28345, ...}) = 0
read(5, "\313\r\r\n\0\0\0\0\225\254\33iGa\0\0\343\0\0\0\0\0\0\0\0\0\0\0\0\10\0\0"..., 28346) = 28345
read(5, "", 1)                          = 0
close(5)                                = 0
brk(0x1f402000)                         = 0x1f402000
newfstatat(AT_FDCWD, "/home/ubuntu/.local/lib/python3.12/site-packages/dateutil", {st_mode=S_IFDIR|0755, st_size=4096, ...}, 0) = 0
newfstatat(AT_FDCWD, "/home/ubuntu/.local/lib/python3.12/site-packages/dateutil/_common.py", {st_mode=S_IFREG|0644, st_size=932, ...}, 0) = 0
newfstatat(AT_FDCWD, "/home/ubuntu/.local/lib/python3.12/site-packages/dateutil/_common.py", {st_mode=S_IFREG|0644, st_size=932, ...}, 0) = 0
openat(AT_FDCWD, "/home/ubuntu/.local/lib/python3.12/site-packages/dateutil/__pycache__/_common.cpython-312.pyc", O_RDONLY|O_CLOEXEC) = 5
fstat(5, {st_mode=S_IFREG|0644, st_size=1909, ...}) = 0
ioctl(5, TCGETS, 0x7ffc5ece4220)        = -1 ENOTTY (Inappropriate ioctl for device)
lseek(5, 0, SEEK_CUR)                   = 0
lseek(5, 0, SEEK_CUR)                   = 0
fstat(5, {st_mode=S_IFREG|0644, st_size=1909, ...}) = 0
read(5, "\313\r\r\n\0\0\0\0\225\254\33i\244\3\0\0\343\0\0\0\0\0\0\0\0\0\0\0\0\5\0\0"..., 1910) = 1909
read(5, "", 1)                          = 0
close(5)                                = 0
newfstatat(AT_FDCWD, "/home/ubuntu/.local/lib/python3.12/site-packages/dateutil", {st_mode=S_IFDIR|0755, st_size=4096, ...}, 0) = 0
newfstatat(AT_FDCWD, "/home/ubuntu/.local/lib/python3.12/site-packages/dateutil/tz/__init__.cpython-312-x86_64-linux-gnu.so", 0x7ffc5ece4bf0, 0) = -1 ENOENT (No such file or directory)
newfstatat(AT_FDCWD, "/home/ubuntu/.local/lib/python3.12/site-packages/dateutil/tz/__init__.abi3.so", 0x7ffc5ece4bf0, 0) = -1 ENOENT (No such file or directory)
newfstatat(AT_FDCWD, "/home/ubuntu/.local/lib/python3.12/site-packages/dateutil/tz/__init__.so", 0x7ffc5ece4bf0, 0) = -1 ENOENT (No such file or directory)
newfstatat(AT_FDCWD, "/home/ubuntu/.local/lib/python3.12/site-packages/dateutil/tz/__init__.py", {st_mode=S_IFREG|0644, st_size=444, ...}, 0) = 0
newfstatat(AT_FDCWD, "/home/ubuntu/.local/lib/python3.12/site-packages/dateutil/tz/__init__.py", {st_mode=S_IFREG|0644, st_size=444, ...}, 0) = 0
openat(AT_FDCWD, "/home/ubuntu/.local/lib/python3.12/site-packages/dateutil/tz/__pycache__/__init__.cpython-312.pyc", O_RDONLY|O_CLOEXEC) = 5
fstat(5, {st_mode=S_IFREG|0644, st_size=691, ...}) = 0
ioctl(5, TCGETS, 0x7ffc5ece4890)        = -1 ENOTTY (Inappropriate ioctl for device)
lseek(5, 0, SEEK_CUR)                   = 0
lseek(5, 0, SEEK_CUR)                   = 0
fstat(5, {st_mode=S_IFREG|0644, st_size=691, ...}) = 0
read(5, "\313\r\r\n\0\0\0\0\225\254\33i\274\1\0\0\343\0\0\0\0\0\0\0\0\0\0\0\0\5\0\0"..., 692) = 691
read(5, "", 1)                          = 0
close(5)                                = 0
newfstatat(AT_FDCWD, "/home/ubuntu/.local/lib/python3.12/site-packages/dateutil/tz", {st_mode=S_IFDIR|0755, st_size=4096, ...}, 0) = 0
newfstatat(AT_FDCWD, "/home/ubuntu/.local/lib/python3.12/site-packages/dateutil/tz", {st_mode=S_IFDIR|0755, st_size=4096, ...}, 0) = 0
newfstatat(AT_FDCWD, "/home/ubuntu/.local/lib/python3.12/site-packages/dateutil/tz", {st_mode=S_IFDIR|0755, st_size=4096, ...}, 0) = 0
openat(AT_FDCWD, "/home/ubuntu/.local/lib/python3.12/site-packages/dateutil/tz", O_RDONLY|O_NONBLOCK|O_CLOEXEC|O_DIRECTORY) = 5
fstat(5, {st_mode=S_IFDIR|0755, st_size=4096, ...}) = 0
getdents64(5, 0x1f3e2510 /* 8 entries */, 32768) = 248
getdents64(5, 0x1f3e2510 /* 0 entries */, 32768) = 0
close(5)                                = 0
newfstatat(AT_FDCWD, "/home/ubuntu/.local/lib/python3.12/site-packages/dateutil/tz/tz.py", {st_mode=S_IFREG|0644, st_size=62855, ...}, 0) = 0
newfstatat(AT_FDCWD, "/home/ubuntu/.local/lib/python3.12/site-packages/dateutil/tz/tz.py", {st_mode=S_IFREG|0644, st_size=62855, ...}, 0) = 0
openat(AT_FDCWD, "/home/ubuntu/.local/lib/python3.12/site-packages/dateutil/tz/__pycache__/tz.cpython-312.pyc", O_RDONLY|O_CLOEXEC) = 5
fstat(5, {st_mode=S_IFREG|0644, st_size=65991, ...}) = 0
ioctl(5, TCGETS, 0x7ffc5ece4220)        = -1 ENOTTY (Inappropriate ioctl for device)
lseek(5, 0, SEEK_CUR)                   = 0
lseek(5, 0, SEEK_CUR)                   = 0
fstat(5, {st_mode=S_IFREG|0644, st_size=65991, ...}) = 0
read(5, "\313\r\r\n\0\0\0\0\225\254\33i\207\365\0\0\343\0\0\0\0\0\0\0\0\0\0\0\0\7\0\0"..., 65992) = 65991
read(5, "", 1)                          = 0
close(5)                                = 0
newfstatat(AT_FDCWD, "/home/ubuntu/.local/lib/python3.12/site-packages/dateutil/tz", {st_mode=S_IFDIR|0755, st_size=4096, ...}, 0) = 0
newfstatat(AT_FDCWD, "/home/ubuntu/.local/lib/python3.12/site-packages/dateutil/tz/_common.py", {st_mode=S_IFREG|0644, st_size=12977, ...}, 0) = 0
newfstatat(AT_FDCWD, "/home/ubuntu/.local/lib/python3.12/site-packages/dateutil/tz/_common.py", {st_mode=S_IFREG|0644, st_size=12977, ...}, 0) = 0
openat(AT_FDCWD, "/home/ubuntu/.local/lib/python3.12/site-packages/dateutil/tz/__pycache__/_common.cpython-312.pyc", O_RDONLY|O_CLOEXEC) = 5
fstat(5, {st_mode=S_IFREG|0644, st_size=14144, ...}) = 0
ioctl(5, TCGETS, 0x7ffc5ece3bb0)        = -1 ENOTTY (Inappropriate ioctl for device)
lseek(5, 0, SEEK_CUR)                   = 0
lseek(5, 0, SEEK_CUR)                   = 0
fstat(5, {st_mode=S_IFREG|0644, st_size=14144, ...}) = 0
read(5, "\313\r\r\n\0\0\0\0\225\254\33i\2612\0\0\343\0\0\0\0\0\0\0\0\0\0\0\0\5\0\0"..., 14145) = 14144
read(5, "", 1)                          = 0
close(5)                                = 0
newfstatat(AT_FDCWD, "/home/ubuntu/.local/lib/python3.12/site-packages/dateutil/tz", {st_mode=S_IFDIR|0755, st_size=4096, ...}, 0) = 0
newfstatat(AT_FDCWD, "/home/ubuntu/.local/lib/python3.12/site-packages/dateutil/tz/_factories.py", {st_mode=S_IFREG|0644, st_size=2569, ...}, 0) = 0
newfstatat(AT_FDCWD, "/home/ubuntu/.local/lib/python3.12/site-packages/dateutil/tz/_factories.py", {st_mode=S_IFREG|0644, st_size=2569, ...}, 0) = 0
openat(AT_FDCWD, "/home/ubuntu/.local/lib/python3.12/site-packages/dateutil/tz/__pycache__/_factories.cpython-312.pyc", O_RDONLY|O_CLOEXEC) = 5
fstat(5, {st_mode=S_IFREG|0644, st_size=4577, ...}) = 0
ioctl(5, TCGETS, 0x7ffc5ece3bb0)        = -1 ENOTTY (Inappropriate ioctl for device)
lseek(5, 0, SEEK_CUR)                   = 0
lseek(5, 0, SEEK_CUR)                   = 0
fstat(5, {st_mode=S_IFREG|0644, st_size=4577, ...}) = 0
read(5, "\313\r\r\n\0\0\0\0\225\254\33i\t\n\0\0\343\0\0\0\0\0\0\0\0\0\0\0\0\5\0\0"..., 4578) = 4577
read(5, "", 1)                          = 0
close(5)                                = 0
newfstatat(AT_FDCWD, "/home/ubuntu/.local/lib/python3.12/site-packages/dateutil/tz", {st_mode=S_IFDIR|0755, st_size=4096, ...}, 0) = 0
newfstatat(AT_FDCWD, "/home/ubuntu/.local/lib/python3.12/site-packages/dateutil/tz/win.py", {st_mode=S_IFREG|0644, st_size=12935, ...}, 0) = 0
newfstatat(AT_FDCWD, "/home/ubuntu/.local/lib/python3.12/site-packages/dateutil/tz/win.py", {st_mode=S_IFREG|0644, st_size=12935, ...}, 0) = 0
openat(AT_FDCWD, "/home/ubuntu/.local/lib/python3.12/site-packages/dateutil/tz/__pycache__/win.cpython-312.pyc", O_RDONLY|O_CLOEXEC) = 5
fstat(5, {st_mode=S_IFREG|0644, st_size=17247, ...}) = 0
ioctl(5, TCGETS, 0x7ffc5ece3bb0)        = -1 ENOTTY (Inappropriate ioctl for device)
lseek(5, 0, SEEK_CUR)                   = 0
lseek(5, 0, SEEK_CUR)                   = 0
fstat(5, {st_mode=S_IFREG|0644, st_size=17247, ...}) = 0
read(5, "\313\r\r\n\0\0\0\0\225\254\33i\2072\0\0\343\0\0\0\0\0\0\0\0\0\0\0\0\5\0\0"..., 17248) = 17247
read(5, "", 1)                          = 0
close(5)                                = 0
newfstatat(AT_FDCWD, "/home/ubuntu/.local/lib/python3.12/site-packages/dateutil/parser", {st_mode=S_IFDIR|0755, st_size=4096, ...}, 0) = 0
newfstatat(AT_FDCWD, "/home/ubuntu/.local/lib/python3.12/site-packages/dateutil/parser/isoparser.py", {st_mode=S_IFREG|0644, st_size=13233, ...}, 0) = 0
newfstatat(AT_FDCWD, "/home/ubuntu/.local/lib/python3.12/site-packages/dateutil/parser/isoparser.py", {st_mode=S_IFREG|0644, st_size=13233, ...}, 0) = 0
openat(AT_FDCWD, "/home/ubuntu/.local/lib/python3.12/site-packages/dateutil/parser/__pycache__/isoparser.cpython-312.pyc", O_RDONLY|O_CLOEXEC) = 5
fstat(5, {st_mode=S_IFREG|0644, st_size=15564, ...}) = 0
ioctl(5, TCGETS, 0x7ffc5ece5170)        = -1 ENOTTY (Inappropriate ioctl for device)
lseek(5, 0, SEEK_CUR)                   = 0
lseek(5, 0, SEEK_CUR)                   = 0
fstat(5, {st_mode=S_IFREG|0644, st_size=15564, ...}) = 0
read(5, "\313\r\r\n\0\0\0\0\225\254\33i\2613\0\0\343\0\0\0\0\0\0\0\0\0\0\0\0\5\0\0"..., 15565) = 15564
read(5, "", 1)                          = 0
close(5)                                = 0
newfstatat(AT_FDCWD, "/home/ubuntu/.local/lib/python3.12/site-packages/pwnlib", {st_mode=S_IFDIR|0755, st_size=4096, ...}, 0) = 0
newfstatat(AT_FDCWD, "/home/ubuntu/.local/lib/python3.12/site-packages/pwnlib/atexit.py", {st_mode=S_IFREG|0644, st_size=3010, ...}, 0) = 0
newfstatat(AT_FDCWD, "/home/ubuntu/.local/lib/python3.12/site-packages/pwnlib/atexit.py", {st_mode=S_IFREG|0644, st_size=3010, ...}, 0) = 0
openat(AT_FDCWD, "/home/ubuntu/.local/lib/python3.12/site-packages/pwnlib/__pycache__/atexit.cpython-312.pyc", O_RDONLY|O_CLOEXEC) = 5
fstat(5, {st_mode=S_IFREG|0644, st_size=3920, ...}) = 0
ioctl(5, TCGETS, 0x7ffc5ece5370)        = -1 ENOTTY (Inappropriate ioctl for device)
lseek(5, 0, SEEK_CUR)                   = 0
lseek(5, 0, SEEK_CUR)                   = 0
fstat(5, {st_mode=S_IFREG|0644, st_size=3920, ...}) = 0
read(5, "\313\r\r\n\0\0\0\0\226\254\33i\302\v\0\0\343\0\0\0\0\0\0\0\0\0\0\0\0\4\0\0"..., 3921) = 3920
read(5, "", 1)                          = 0
close(5)                                = 0
newfstatat(AT_FDCWD, "/home/ubuntu/.local/lib/python3.12/site-packages/pwnlib", {st_mode=S_IFDIR|0755, st_size=4096, ...}, 0) = 0
newfstatat(AT_FDCWD, "/home/ubuntu/.local/lib/python3.12/site-packages/pwnlib/tubes/__init__.cpython-312-x86_64-linux-gnu.so", 0x7ffc5ece56d0, 0) = -1 ENOENT (No such file or directory)
newfstatat(AT_FDCWD, "/home/ubuntu/.local/lib/python3.12/site-packages/pwnlib/tubes/__init__.abi3.so", 0x7ffc5ece56d0, 0) = -1 ENOENT (No such file or directory)
newfstatat(AT_FDCWD, "/home/ubuntu/.local/lib/python3.12/site-packages/pwnlib/tubes/__init__.so", 0x7ffc5ece56d0, 0) = -1 ENOENT (No such file or directory)
newfstatat(AT_FDCWD, "/home/ubuntu/.local/lib/python3.12/site-packages/pwnlib/tubes/__init__.py", {st_mode=S_IFREG|0644, st_size=896, ...}, 0) = 0
newfstatat(AT_FDCWD, "/home/ubuntu/.local/lib/python3.12/site-packages/pwnlib/tubes/__init__.py", {st_mode=S_IFREG|0644, st_size=896, ...}, 0) = 0
openat(AT_FDCWD, "/home/ubuntu/.local/lib/python3.12/site-packages/pwnlib/tubes/__pycache__/__init__.cpython-312.pyc", O_RDONLY|O_CLOEXEC) = 5
fstat(5, {st_mode=S_IFREG|0644, st_size=1069, ...}) = 0
ioctl(5, TCGETS, 0x7ffc5ece5370)        = -1 ENOTTY (Inappropriate ioctl for device)
lseek(5, 0, SEEK_CUR)                   = 0
lseek(5, 0, SEEK_CUR)                   = 0
fstat(5, {st_mode=S_IFREG|0644, st_size=1069, ...}) = 0
read(5, "\313\r\r\n\0\0\0\0\226\254\33i\200\3\0\0\343\0\0\0\0\0\0\0\0\0\0\0\0\2\0\0"..., 1070) = 1069
read(5, "", 1)                          = 0
close(5)                                = 0
newfstatat(AT_FDCWD, "/home/ubuntu/.local/lib/python3.12/site-packages/pwnlib/tubes", {st_mode=S_IFDIR|0755, st_size=4096, ...}, 0) = 0
newfstatat(AT_FDCWD, "/home/ubuntu/.local/lib/python3.12/site-packages/pwnlib/tubes", {st_mode=S_IFDIR|0755, st_size=4096, ...}, 0) = 0
newfstatat(AT_FDCWD, "/home/ubuntu/.local/lib/python3.12/site-packages/pwnlib/tubes", {st_mode=S_IFDIR|0755, st_size=4096, ...}, 0) = 0
openat(AT_FDCWD, "/home/ubuntu/.local/lib/python3.12/site-packages/pwnlib/tubes", O_RDONLY|O_NONBLOCK|O_CLOEXEC|O_DIRECTORY) = 5
fstat(5, {st_mode=S_IFDIR|0755, st_size=4096, ...}) = 0
brk(0x1f427000)                         = 0x1f427000
getdents64(5, 0x1f3fe430 /* 13 entries */, 32768) = 408
getdents64(5, 0x1f3fe430 /* 0 entries */, 32768) = 0
close(5)                                = 0
newfstatat(AT_FDCWD, "/home/ubuntu/.local/lib/python3.12/site-packages/pwnlib/tubes/listen.py", {st_mode=S_IFREG|0644, st_size=5938, ...}, 0) = 0
newfstatat(AT_FDCWD, "/home/ubuntu/.local/lib/python3.12/site-packages/pwnlib/tubes/listen.py", {st_mode=S_IFREG|0644, st_size=5938, ...}, 0) = 0
openat(AT_FDCWD, "/home/ubuntu/.local/lib/python3.12/site-packages/pwnlib/tubes/__pycache__/listen.cpython-312.pyc", O_RDONLY|O_CLOEXEC) = 5
fstat(5, {st_mode=S_IFREG|0644, st_size=8569, ...}) = 0
ioctl(5, TCGETS, 0x7ffc5ece4890)        = -1 ENOTTY (Inappropriate ioctl for device)
lseek(5, 0, SEEK_CUR)                   = 0
lseek(5, 0, SEEK_CUR)                   = 0
fstat(5, {st_mode=S_IFREG|0644, st_size=8569, ...}) = 0
read(5, "\313\r\r\n\0\0\0\0\226\254\33i2\27\0\0\343\0\0\0\0\0\0\0\0\0\0\0\0\5\0\0"..., 8570) = 8569
read(5, "", 1)                          = 0
close(5)                                = 0
newfstatat(AT_FDCWD, "/home/ubuntu/.local/lib/python3.12/site-packages/pwnlib", {st_mode=S_IFDIR|0755, st_size=4096, ...}, 0) = 0
newfstatat(AT_FDCWD, "/home/ubuntu/.local/lib/python3.12/site-packages/pwnlib/log.py", {st_mode=S_IFREG|0644, st_size=24731, ...}, 0) = 0
newfstatat(AT_FDCWD, "/home/ubuntu/.local/lib/python3.12/site-packages/pwnlib/log.py", {st_mode=S_IFREG|0644, st_size=24731, ...}, 0) = 0
openat(AT_FDCWD, "/home/ubuntu/.local/lib/python3.12/site-packages/pwnlib/__pycache__/log.cpython-312.pyc", O_RDONLY|O_CLOEXEC) = 5
fstat(5, {st_mode=S_IFREG|0644, st_size=29665, ...}) = 0
ioctl(5, TCGETS, 0x7ffc5ece4220)        = -1 ENOTTY (Inappropriate ioctl for device)
lseek(5, 0, SEEK_CUR)                   = 0
lseek(5, 0, SEEK_CUR)                   = 0
fstat(5, {st_mode=S_IFREG|0644, st_size=29665, ...}) = 0
read(5, "\313\r\r\n\0\0\0\0\226\254\33i\233`\0\0\343\0\0\0\0\0\0\0\0\0\0\0\0\f\0\0"..., 29666) = 29665
read(5, "", 1)                          = 0
close(5)                                = 0
newfstatat(AT_FDCWD, "/home/ubuntu/.local/lib/python3.12/site-packages/pwnlib", {st_mode=S_IFDIR|0755, st_size=4096, ...}, 0) = 0
newfstatat(AT_FDCWD, "/home/ubuntu/.local/lib/python3.12/site-packages/pwnlib/exception.py", {st_mode=S_IFREG|0644, st_size=866, ...}, 0) = 0
newfstatat(AT_FDCWD, "/home/ubuntu/.local/lib/python3.12/site-packages/pwnlib/exception.py", {st_mode=S_IFREG|0644, st_size=866, ...}, 0) = 0
openat(AT_FDCWD, "/home/ubuntu/.local/lib/python3.12/site-packages/pwnlib/__pycache__/exception.cpython-312.pyc", O_RDONLY|O_CLOEXEC) = 5
fstat(5, {st_mode=S_IFREG|0644, st_size=1659, ...}) = 0
ioctl(5, TCGETS, 0x7ffc5ece3bb0)        = -1 ENOTTY (Inappropriate ioctl for device)
lseek(5, 0, SEEK_CUR)                   = 0
lseek(5, 0, SEEK_CUR)                   = 0
fstat(5, {st_mode=S_IFREG|0644, st_size=1659, ...}) = 0
read(5, "\313\r\r\n\0\0\0\0\226\254\33ib\3\0\0\343\0\0\0\0\0\0\0\0\0\0\0\0\5\0\0"..., 1660) = 1659
read(5, "", 1)                          = 0
close(5)                                = 0
newfstatat(AT_FDCWD, "/home/ubuntu/.local/lib/python3.12/site-packages/pwnlib/term", {st_mode=S_IFDIR|0755, st_size=4096, ...}, 0) = 0
newfstatat(AT_FDCWD, "/home/ubuntu/.local/lib/python3.12/site-packages/pwnlib/term/spinners.py", {st_mode=S_IFREG|0644, st_size=909, ...}, 0) = 0
newfstatat(AT_FDCWD, "/home/ubuntu/.local/lib/python3.12/site-packages/pwnlib/term/spinners.py", {st_mode=S_IFREG|0644, st_size=909, ...}, 0) = 0
openat(AT_FDCWD, "/home/ubuntu/.local/lib/python3.12/site-packages/pwnlib/term/__pycache__/spinners.cpython-312.pyc", O_RDONLY|O_CLOEXEC) = 5
fstat(5, {st_mode=S_IFREG|0644, st_size=1277, ...}) = 0
ioctl(5, TCGETS, 0x7ffc5ece3740)        = -1 ENOTTY (Inappropriate ioctl for device)
lseek(5, 0, SEEK_CUR)                   = 0
lseek(5, 0, SEEK_CUR)                   = 0
fstat(5, {st_mode=S_IFREG|0644, st_size=1277, ...}) = 0
read(5, "\313\r\r\n\0\0\0\0\226\254\33i\215\3\0\0\343\0\0\0\0\0\0\0\0\0\0\0\0\r\0\0"..., 1278) = 1277
read(5, "", 1)                          = 0
close(5)                                = 0
getcwd("/workspace/sidechannel/ropfu", 1024) = 29
newfstatat(AT_FDCWD, "/home/ubuntu/.local/lib/python3.12/site-packages/pwnlib/tubes", {st_mode=S_IFDIR|0755, st_size=4096, ...}, 0) = 0
newfstatat(AT_FDCWD, "/home/ubuntu/.local/lib/python3.12/site-packages/pwnlib/tubes/sock.py", {st_mode=S_IFREG|0644, st_size=6732, ...}, 0) = 0
newfstatat(AT_FDCWD, "/home/ubuntu/.local/lib/python3.12/site-packages/pwnlib/tubes/sock.py", {st_mode=S_IFREG|0644, st_size=6732, ...}, 0) = 0
openat(AT_FDCWD, "/home/ubuntu/.local/lib/python3.12/site-packages/pwnlib/tubes/__pycache__/sock.cpython-312.pyc", O_RDONLY|O_CLOEXEC) = 5
fstat(5, {st_mode=S_IFREG|0644, st_size=9529, ...}) = 0
ioctl(5, TCGETS, 0x7ffc5ece4220)        = -1 ENOTTY (Inappropriate ioctl for device)
lseek(5, 0, SEEK_CUR)                   = 0
lseek(5, 0, SEEK_CUR)                   = 0
fstat(5, {st_mode=S_IFREG|0644, st_size=9529, ...}) = 0
read(5, "\313\r\r\n\0\0\0\0\226\254\33iL\32\0\0\343\0\0\0\0\0\0\0\0\0\0\0\0\5\0\0"..., 9530) = 9529
read(5, "", 1)                          = 0
close(5)                                = 0
newfstatat(AT_FDCWD, "/home/ubuntu/.local/lib/python3.12/site-packages/pwnlib/tubes", {st_mode=S_IFDIR|0755, st_size=4096, ...}, 0) = 0
newfstatat(AT_FDCWD, "/home/ubuntu/.local/lib/python3.12/site-packages/pwnlib/tubes/tube.py", {st_mode=S_IFREG|0644, st_size=57711, ...}, 0) = 0
newfstatat(AT_FDCWD, "/home/ubuntu/.local/lib/python3.12/site-packages/pwnlib/tubes/tube.py", {st_mode=S_IFREG|0644, st_size=57711, ...}, 0) = 0
openat(AT_FDCWD, "/home/ubuntu/.local/lib/python3.12/site-packages/pwnlib/tubes/__pycache__/tube.cpython-312.pyc", O_RDONLY|O_CLOEXEC) = 5
fstat(5, {st_mode=S_IFREG|0644, st_size=69705, ...}) = 0
ioctl(5, TCGETS, 0x7ffc5ece3bb0)        = -1 ENOTTY (Inappropriate ioctl for device)
lseek(5, 0, SEEK_CUR)                   = 0
lseek(5, 0, SEEK_CUR)                   = 0
fstat(5, {st_mode=S_IFREG|0644, st_size=69705, ...}) = 0
read(5, "\313\r\r\n\0\0\0\0\226\254\33io\341\0\0\343\0\0\0\0\0\0\0\0\0\0\0\0\6\0\0"..., 69706) = 69705
read(5, "", 1)                          = 0
close(5)                                = 0
newfstatat(AT_FDCWD, "/home/ubuntu/.local/lib/python3.12/site-packages/pwnlib/tubes", {st_mode=S_IFDIR|0755, st_size=4096, ...}, 0) = 0
newfstatat(AT_FDCWD, "/home/ubuntu/.local/lib/python3.12/site-packages/pwnlib/tubes/buffer.py", {st_mode=S_IFREG|0644, st_size=4514, ...}, 0) = 0
newfstatat(AT_FDCWD, "/home/ubuntu/.local/lib/python3.12/site-packages/pwnlib/tubes/buffer.py", {st_mode=S_IFREG|0644, st_size=4514, ...}, 0) = 0
openat(AT_FDCWD, "/home/ubuntu/.local/lib/python3.12/site-packages/pwnlib/tubes/__pycache__/buffer.cpython-312.pyc", O_RDONLY|O_CLOEXEC) = 5
fstat(5, {st_mode=S_IFREG|0644, st_size=6094, ...}) = 0
ioctl(5, TCGETS, 0x7ffc5ece3540)        = -1 ENOTTY (Inappropriate ioctl for device)
lseek(5, 0, SEEK_CUR)                   = 0
lseek(5, 0, SEEK_CUR)                   = 0
fstat(5, {st_mode=S_IFREG|0644, st_size=6094, ...}) = 0
read(5, "\313\r\r\n\0\0\0\0\226\254\33i\242\21\0\0\343\0\0\0\0\0\0\0\0\0\0\0\0\5\0\0"..., 6095) = 6094
read(5, "", 1)                          = 0
close(5)                                = 0
newfstatat(AT_FDCWD, "/home/ubuntu/.local/lib/python3.12/site-packages/pwnlib", {st_mode=S_IFDIR|0755, st_size=4096, ...}, 0) = 0
newfstatat(AT_FDCWD, "/home/ubuntu/.local/lib/python3.12/site-packages/pwnlib/util/__init__.cpython-312-x86_64-linux-gnu.so", 0x7ffc5ece38a0, 0) = -1 ENOENT (No such file or directory)
newfstatat(AT_FDCWD, "/home/ubuntu/.local/lib/python3.12/site-packages/pwnlib/util/__init__.abi3.so", 0x7ffc5ece38a0, 0) = -1 ENOENT (No such file or directory)
newfstatat(AT_FDCWD, "/home/ubuntu/.local/lib/python3.12/site-packages/pwnlib/util/__init__.so", 0x7ffc5ece38a0, 0) = -1 ENOENT (No such file or directory)
newfstatat(AT_FDCWD, "/home/ubuntu/.local/lib/python3.12/site-packages/pwnlib/util/__init__.py", {st_mode=S_IFREG|0644, st_size=175, ...}, 0) = 0
newfstatat(AT_FDCWD, "/home/ubuntu/.local/lib/python3.12/site-packages/pwnlib/util/__init__.py", {st_mode=S_IFREG|0644, st_size=175, ...}, 0) = 0
openat(AT_FDCWD, "/home/ubuntu/.local/lib/python3.12/site-packages/pwnlib/util/__pycache__/__init__.cpython-312.pyc", O_RDONLY|O_CLOEXEC) = 5
fstat(5, {st_mode=S_IFREG|0644, st_size=334, ...}) = 0
ioctl(5, TCGETS, 0x7ffc5ece3540)        = -1 ENOTTY (Inappropriate ioctl for device)
lseek(5, 0, SEEK_CUR)                   = 0
lseek(5, 0, SEEK_CUR)                   = 0
fstat(5, {st_mode=S_IFREG|0644, st_size=334, ...}) = 0
read(5, "\313\r\r\n\0\0\0\0\226\254\33i\257\0\0\0\343\0\0\0\0\0\0\0\0\0\0\0\0\2\0\0"..., 335) = 334
read(5, "", 1)                          = 0
close(5)                                = 0
newfstatat(AT_FDCWD, "/home/ubuntu/.local/lib/python3.12/site-packages/pwnlib/util", {st_mode=S_IFDIR|0755, st_size=4096, ...}, 0) = 0
newfstatat(AT_FDCWD, "/home/ubuntu/.local/lib/python3.12/site-packages/pwnlib/util", {st_mode=S_IFDIR|0755, st_size=4096, ...}, 0) = 0
newfstatat(AT_FDCWD, "/home/ubuntu/.local/lib/python3.12/site-packages/pwnlib/util", {st_mode=S_IFDIR|0755, st_size=4096, ...}, 0) = 0
openat(AT_FDCWD, "/home/ubuntu/.local/lib/python3.12/site-packages/pwnlib/util", O_RDONLY|O_NONBLOCK|O_CLOEXEC|O_DIRECTORY) = 5
fstat(5, {st_mode=S_IFDIR|0755, st_size=4096, ...}) = 0
getdents64(5, 0x1f403690 /* 19 entries */, 32768) = 584
getdents64(5, 0x1f403690 /* 0 entries */, 32768) = 0
close(5)                                = 0
newfstatat(AT_FDCWD, "/home/ubuntu/.local/lib/python3.12/site-packages/pwnlib/util/fiddling.py", {st_mode=S_IFREG|0644, st_size=37754, ...}, 0) = 0
newfstatat(AT_FDCWD, "/home/ubuntu/.local/lib/python3.12/site-packages/pwnlib/util/fiddling.py", {st_mode=S_IFREG|0644, st_size=37754, ...}, 0) = 0
openat(AT_FDCWD, "/home/ubuntu/.local/lib/python3.12/site-packages/pwnlib/util/__pycache__/fiddling.cpython-312.pyc", O_RDONLY|O_CLOEXEC) = 5
fstat(5, {st_mode=S_IFREG|0644, st_size=45583, ...}) = 0
ioctl(5, TCGETS, 0x7ffc5ece30d0)        = -1 ENOTTY (Inappropriate ioctl for device)
lseek(5, 0, SEEK_CUR)                   = 0
lseek(5, 0, SEEK_CUR)                   = 0
fstat(5, {st_mode=S_IFREG|0644, st_size=45583, ...}) = 0
read(5, "\313\r\r\n\0\0\0\0\226\254\33iz\223\0\0\343\0\0\0\0\0\0\0\0\0\0\0\0\10\0\0"..., 45584) = 45583
read(5, "", 1)                          = 0
close(5)                                = 0
newfstatat(AT_FDCWD, "/home/ubuntu/.local/lib/python3.12/site-packages/pwnlib/util", {st_mode=S_IFDIR|0755, st_size=4096, ...}, 0) = 0
newfstatat(AT_FDCWD, "/home/ubuntu/.local/lib/python3.12/site-packages/pwnlib/util/iters.py", {st_mode=S_IFREG|0644, st_size=28031, ...}, 0) = 0
newfstatat(AT_FDCWD, "/home/ubuntu/.local/lib/python3.12/site-packages/pwnlib/util/iters.py", {st_mode=S_IFREG|0644, st_size=28031, ...}, 0) = 0
openat(AT_FDCWD, "/home/ubuntu/.local/lib/python3.12/site-packages/pwnlib/util/__pycache__/iters.cpython-312.pyc", O_RDONLY|O_CLOEXEC) = 5
fstat(5, {st_mode=S_IFREG|0644, st_size=31516, ...}) = 0
ioctl(5, TCGETS, 0x7ffc5ece25f0)        = -1 ENOTTY (Inappropriate ioctl for device)
lseek(5, 0, SEEK_CUR)                   = 0
lseek(5, 0, SEEK_CUR)                   = 0
fstat(5, {st_mode=S_IFREG|0644, st_size=31516, ...}) = 0
read(5, "\313\r\r\n\0\0\0\0\226\254\33i\177m\0\0\343\0\0\0\0\0\0\0\0\0\0\0\0\3\0\0"..., 31517) = 31516
read(5, "", 1)                          = 0
close(5)                                = 0
newfstatat(AT_FDCWD, "/workspace/sidechannel/ropfu", {st_mode=S_IFDIR|0755, st_size=4096, ...}, 0) = 0
newfstatat(AT_FDCWD, "/usr/lib/python3.12", {st_mode=S_IFDIR|0755, st_size=4096, ...}, 0) = 0
newfstatat(AT_FDCWD, "/usr/lib/python3.12/multiprocessing/__init__.cpython-312-x86_64-linux-gnu.so", 0x7ffc5ece22e0, 0) = -1 ENOENT (No such file or directory)
newfstatat(AT_FDCWD, "/usr/lib/python3.12/multiprocessing/__init__.abi3.so", 0x7ffc5ece22e0, 0) = -1 ENOENT (No such file or directory)
newfstatat(AT_FDCWD, "/usr/lib/python3.12/multiprocessing/__init__.so", 0x7ffc5ece22e0, 0) = -1 ENOENT (No such file or directory)
newfstatat(AT_FDCWD, "/usr/lib/python3.12/multiprocessing/__init__.py", {st_mode=S_IFREG|0644, st_size=916, ...}, 0) = 0
newfstatat(AT_FDCWD, "/usr/lib/python3.12/multiprocessing/__init__.py", {st_mode=S_IFREG|0644, st_size=916, ...}, 0) = 0
openat(AT_FDCWD, "/usr/lib/python3.12/multiprocessing/__pycache__/__init__.cpython-312.pyc", O_RDONLY|O_CLOEXEC) = 5
fstat(5, {st_mode=S_IFREG|0644, st_size=954, ...}) = 0
ioctl(5, TCGETS, 0x7ffc5ece1f80)        = -1 ENOTTY (Inappropriate ioctl for device)
lseek(5, 0, SEEK_CUR)                   = 0
lseek(5, 0, SEEK_CUR)                   = 0
fstat(5, {st_mode=S_IFREG|0644, st_size=954, ...}) = 0
read(5, "\313\r\r\n\0\0\0\0)!\236h\224\3\0\0\343\0\0\0\0\0\0\0\0\0\0\0\0\6\0\0"..., 955) = 954
read(5, "", 1)                          = 0
close(5)                                = 0
newfstatat(AT_FDCWD, "/usr/lib/python3.12/multiprocessing", {st_mode=S_IFDIR|0755, st_size=4096, ...}, 0) = 0
newfstatat(AT_FDCWD, "/usr/lib/python3.12/multiprocessing", {st_mode=S_IFDIR|0755, st_size=4096, ...}, 0) = 0
newfstatat(AT_FDCWD, "/usr/lib/python3.12/multiprocessing", {st_mode=S_IFDIR|0755, st_size=4096, ...}, 0) = 0
openat(AT_FDCWD, "/usr/lib/python3.12/multiprocessing", O_RDONLY|O_NONBLOCK|O_CLOEXEC|O_DIRECTORY) = 5
fstat(5, {st_mode=S_IFDIR|0755, st_size=4096, ...}) = 0
brk(0x1f44d000)                         = 0x1f44d000
getdents64(5, 0x1f424620 /* 25 entries */, 32768) = 872
getdents64(5, 0x1f424620 /* 0 entries */, 32768) = 0
close(5)                                = 0
newfstatat(AT_FDCWD, "/usr/lib/python3.12/multiprocessing/context.py", {st_mode=S_IFREG|0644, st_size=11673, ...}, 0) = 0
newfstatat(AT_FDCWD, "/usr/lib/python3.12/multiprocessing/context.py", {st_mode=S_IFREG|0644, st_size=11673, ...}, 0) = 0
openat(AT_FDCWD, "/usr/lib/python3.12/multiprocessing/__pycache__/context.cpython-312.pyc", O_RDONLY|O_CLOEXEC) = 5
fstat(5, {st_mode=S_IFREG|0644, st_size=17027, ...}) = 0
ioctl(5, TCGETS, 0x7ffc5ece14a0)        = -1 ENOTTY (Inappropriate ioctl for device)
lseek(5, 0, SEEK_CUR)                   = 0
lseek(5, 0, SEEK_CUR)                   = 0
fstat(5, {st_mode=S_IFREG|0644, st_size=17027, ...}) = 0
read(5, "\313\r\r\n\0\0\0\0)!\236h\231-\0\0\343\0\0\0\0\0\0\0\0\0\0\0\0\5\0\0"..., 17028) = 17027
read(5, "", 1)                          = 0
close(5)                                = 0
newfstatat(AT_FDCWD, "/usr/lib/python3.12/multiprocessing", {st_mode=S_IFDIR|0755, st_size=4096, ...}, 0) = 0
newfstatat(AT_FDCWD, "/usr/lib/python3.12/multiprocessing/process.py", {st_mode=S_IFREG|0644, st_size=12139, ...}, 0) = 0
newfstatat(AT_FDCWD, "/usr/lib/python3.12/multiprocessing/process.py", {st_mode=S_IFREG|0644, st_size=12139, ...}, 0) = 0
openat(AT_FDCWD, "/usr/lib/python3.12/multiprocessing/__pycache__/process.cpython-312.pyc", O_RDONLY|O_CLOEXEC) = 5
fstat(5, {st_mode=S_IFREG|0644, st_size=17768, ...}) = 0
ioctl(5, TCGETS, 0x7ffc5ece09c0)        = -1 ENOTTY (Inappropriate ioctl for device)
lseek(5, 0, SEEK_CUR)                   = 0
lseek(5, 0, SEEK_CUR)                   = 0
fstat(5, {st_mode=S_IFREG|0644, st_size=17768, ...}) = 0
read(5, "\313\r\r\n\0\0\0\0)!\236hk/\0\0\343\0\0\0\0\0\0\0\0\0\0\0\0\5\0\0"..., 17769) = 17768
read(5, "", 1)                          = 0
close(5)                                = 0
getcwd("/workspace/sidechannel/ropfu", 1024) = 29
getrandom("\xd9\x15\xb0\x6b\xe4\x00\x18\x4e\x4f\x4c\x9e\xd9\xa1\x6e\x37\xc8\x88\x00\x38\x16\x1a\x7f\xd8\xcf\x1a\xf4\xed\xb6\xfb\x88\x8f\x93", 32, 0) = 32
newfstatat(AT_FDCWD, "/usr/lib/python3.12/multiprocessing", {st_mode=S_IFDIR|0755, st_size=4096, ...}, 0) = 0
newfstatat(AT_FDCWD, "/usr/lib/python3.12/multiprocessing/reduction.py", {st_mode=S_IFREG|0644, st_size=9512, ...}, 0) = 0
newfstatat(AT_FDCWD, "/usr/lib/python3.12/multiprocessing/reduction.py", {st_mode=S_IFREG|0644, st_size=9512, ...}, 0) = 0
openat(AT_FDCWD, "/usr/lib/python3.12/multiprocessing/__pycache__/reduction.cpython-312.pyc", O_RDONLY|O_CLOEXEC) = 5
fstat(5, {st_mode=S_IFREG|0644, st_size=13899, ...}) = 0
ioctl(5, TCGETS, 0x7ffc5ece09c0)        = -1 ENOTTY (Inappropriate ioctl for device)
lseek(5, 0, SEEK_CUR)                   = 0
lseek(5, 0, SEEK_CUR)                   = 0
fstat(5, {st_mode=S_IFREG|0644, st_size=13899, ...}) = 0
read(5, "\313\r\r\n\0\0\0\0)!\236h(%\0\0\343\0\0\0\0\0\0\0\0\0\0\0\0\6\0\0"..., 13900) = 13899
read(5, "", 1)                          = 0
close(5)                                = 0
newfstatat(AT_FDCWD, "/workspace/sidechannel/ropfu", {st_mode=S_IFDIR|0755, st_size=4096, ...}, 0) = 0
newfstatat(AT_FDCWD, "/usr/lib/python3.12", {st_mode=S_IFDIR|0755, st_size=4096, ...}, 0) = 0
newfstatat(AT_FDCWD, "/usr/lib/python3.12/pickle.py", {st_mode=S_IFREG|0644, st_size=64901, ...}, 0) = 0
newfstatat(AT_FDCWD, "/usr/lib/python3.12/pickle.py", {st_mode=S_IFREG|0644, st_size=64901, ...}, 0) = 0
openat(AT_FDCWD, "/usr/lib/python3.12/__pycache__/pickle.cpython-312.pyc", O_RDONLY|O_CLOEXEC) = 5
fstat(5, {st_mode=S_IFREG|0644, st_size=76176, ...}) = 0
ioctl(5, TCGETS, 0x7ffc5ece0350)        = -1 ENOTTY (Inappropriate ioctl for device)
lseek(5, 0, SEEK_CUR)                   = 0
lseek(5, 0, SEEK_CUR)                   = 0
fstat(5, {st_mode=S_IFREG|0644, st_size=76176, ...}) = 0
read(5, "\313\r\r\n\0\0\0\0)!\236h\205\375\0\0\343\0\0\0\0\0\0\0\0\0\0\0\0\t\0\0"..., 76177) = 76176
read(5, "", 1)                          = 0
close(5)                                = 0
mmap(NULL, 417792, PROT_READ|PROT_WRITE, MAP_PRIVATE|MAP_ANONYMOUS, -1, 0) = 0x7fd8f2fd0000
munmap(0x7fd8f338f000, 208896)          = 0
mmap(NULL, 1048576, PROT_READ|PROT_WRITE, MAP_PRIVATE|MAP_ANONYMOUS, -1, 0) = 0x7fd8f2ed0000
newfstatat(AT_FDCWD, "/workspace/sidechannel/ropfu", {st_mode=S_IFDIR|0755, st_size=4096, ...}, 0) = 0
mmap(NULL, 16384, PROT_READ|PROT_WRITE, MAP_PRIVATE|MAP_ANONYMOUS, -1, 0) = 0x7fd8f33be000
munmap(0x7fd8f33be000, 16384)           = 0
mmap(NULL, 16384, PROT_READ|PROT_WRITE, MAP_PRIVATE|MAP_ANONYMOUS, -1, 0) = 0x7fd8f33be000
munmap(0x7fd8f33be000, 16384)           = 0
mmap(NULL, 16384, PROT_READ|PROT_WRITE, MAP_PRIVATE|MAP_ANONYMOUS, -1, 0) = 0x7fd8f33be000
munmap(0x7fd8f33be000, 16384)           = 0
mmap(NULL, 16384, PROT_READ|PROT_WRITE, MAP_PRIVATE|MAP_ANONYMOUS, -1, 0) = 0x7fd8f33be000
munmap(0x7fd8f33be000, 16384)           = 0
mmap(NULL, 16384, PROT_READ|PROT_WRITE, MAP_PRIVATE|MAP_ANONYMOUS, -1, 0) = 0x7fd8f33be000
munmap(0x7fd8f33be000, 16384)           = 0
mmap(NULL, 16384, PROT_READ|PROT_WRITE, MAP_PRIVATE|MAP_ANONYMOUS, -1, 0) = 0x7fd8f33be000
munmap(0x7fd8f33be000, 16384)           = 0
mmap(NULL, 16384, PROT_READ|PROT_WRITE, MAP_PRIVATE|MAP_ANONYMOUS, -1, 0) = 0x7fd8f33be000
munmap(0x7fd8f33be000, 16384)           = 0
mmap(NULL, 16384, PROT_READ|PROT_WRITE, MAP_PRIVATE|MAP_ANONYMOUS, -1, 0) = 0x7fd8f33be000
munmap(0x7fd8f33be000, 16384)           = 0
mmap(NULL, 16384, PROT_READ|PROT_WRITE, MAP_PRIVATE|MAP_ANONYMOUS, -1, 0) = 0x7fd8f33be000
munmap(0x7fd8f33be000, 16384)           = 0
mmap(NULL, 16384, PROT_READ|PROT_WRITE, MAP_PRIVATE|MAP_ANONYMOUS, -1, 0) = 0x7fd8f33be000
munmap(0x7fd8f33be000, 16384)           = 0
newfstatat(AT_FDCWD, "/usr/lib/python3.12", {st_mode=S_IFDIR|0755, st_size=4096, ...}, 0) = 0
mmap(NULL, 16384, PROT_READ|PROT_WRITE, MAP_PRIVATE|MAP_ANONYMOUS, -1, 0) = 0x7fd8f33be000
munmap(0x7fd8f33be000, 16384)           = 0
mmap(NULL, 16384, PROT_READ|PROT_WRITE, MAP_PRIVATE|MAP_ANONYMOUS, -1, 0) = 0x7fd8f33be000
munmap(0x7fd8f33be000, 16384)           = 0
mmap(NULL, 16384, PROT_READ|PROT_WRITE, MAP_PRIVATE|MAP_ANONYMOUS, -1, 0) = 0x7fd8f33be000
munmap(0x7fd8f33be000, 16384)           = 0
mmap(NULL, 16384, PROT_READ|PROT_WRITE, MAP_PRIVATE|MAP_ANONYMOUS, -1, 0) = 0x7fd8f33be000
munmap(0x7fd8f33be000, 16384)           = 0
mmap(NULL, 16384, PROT_READ|PROT_WRITE, MAP_PRIVATE|MAP_ANONYMOUS, -1, 0) = 0x7fd8f33be000
munmap(0x7fd8f33be000, 16384)           = 0
mmap(NULL, 16384, PROT_READ|PROT_WRITE, MAP_PRIVATE|MAP_ANONYMOUS, -1, 0) = 0x7fd8f33be000
munmap(0x7fd8f33be000, 16384)           = 0
mmap(NULL, 16384, PROT_READ|PROT_WRITE, MAP_PRIVATE|MAP_ANONYMOUS, -1, 0) = 0x7fd8f33be000
munmap(0x7fd8f33be000, 16384)           = 0
mmap(NULL, 16384, PROT_READ|PROT_WRITE, MAP_PRIVATE|MAP_ANONYMOUS, -1, 0) = 0x7fd8f33be000
munmap(0x7fd8f33be000, 16384)           = 0
mmap(NULL, 16384, PROT_READ|PROT_WRITE, MAP_PRIVATE|MAP_ANONYMOUS, -1, 0) = 0x7fd8f33be000
newfstatat(AT_FDCWD, "/usr/lib/python3.12/_compat_pickle.py", {st_mode=S_IFREG|0644, st_size=8761, ...}, 0) = 0
munmap(0x7fd8f33be000, 16384)           = 0
mmap(NULL, 16384, PROT_READ|PROT_WRITE, MAP_PRIVATE|MAP_ANONYMOUS, -1, 0) = 0x7fd8f33be000
munmap(0x7fd8f33be000, 16384)           = 0
mmap(NULL, 16384, PROT_READ|PROT_WRITE, MAP_PRIVATE|MAP_ANONYMOUS, -1, 0) = 0x7fd8f33be000
munmap(0x7fd8f33be000, 16384)           = 0
mmap(NULL, 16384, PROT_READ|PROT_WRITE, MAP_PRIVATE|MAP_ANONYMOUS, -1, 0) = 0x7fd8f33be000
munmap(0x7fd8f33be000, 16384)           = 0
mmap(NULL, 16384, PROT_READ|PROT_WRITE, MAP_PRIVATE|MAP_ANONYMOUS, -1, 0) = 0x7fd8f33be000
munmap(0x7fd8f33be000, 16384)           = 0
newfstatat(AT_FDCWD, "/usr/lib/python3.12/_compat_pickle.py", {st_mode=S_IFREG|0644, st_size=8761, ...}, 0) = 0
openat(AT_FDCWD, "/usr/lib/python3.12/__pycache__/_compat_pickle.cpython-312.pyc", O_RDONLY|O_CLOEXEC) = 5
fstat(5, {st_mode=S_IFREG|0644, st_size=7221, ...}) = 0
ioctl(5, TCGETS, 0x7ffc5ecdfce0)        = -1 ENOTTY (Inappropriate ioctl for device)
lseek(5, 0, SEEK_CUR)                   = 0
lseek(5, 0, SEEK_CUR)                   = 0
fstat(5, {st_mode=S_IFREG|0644, st_size=7221, ...}) = 0
read(5, "\313\r\r\n\0\0\0\0)!\236h9\"\0\0\343\0\0\0\0\0\0\0\0\0\0\0\0\20\0\0"..., 7222) = 7221
read(5, "", 1)                          = 0
close(5)                                = 0
mmap(NULL, 16384, PROT_READ|PROT_WRITE, MAP_PRIVATE|MAP_ANONYMOUS, -1, 0) = 0x7fd8f33be000
munmap(0x7fd8f33be000, 16384)           = 0
mmap(NULL, 16384, PROT_READ|PROT_WRITE, MAP_PRIVATE|MAP_ANONYMOUS, -1, 0) = 0x7fd8f33be000
munmap(0x7fd8f33be000, 16384)           = 0
mmap(NULL, 16384, PROT_READ|PROT_WRITE, MAP_PRIVATE|MAP_ANONYMOUS, -1, 0) = 0x7fd8f33be000
munmap(0x7fd8f33be000, 16384)           = 0
newfstatat(AT_FDCWD, "/home/ubuntu/.local/lib/python3.12/site-packages/pwnlib/util", {st_mode=S_IFDIR|0755, st_size=4096, ...}, 0) = 0
newfstatat(AT_FDCWD, "/home/ubuntu/.local/lib/python3.12/site-packages/pwnlib/util/lists.py", {st_mode=S_IFREG|0644, st_size=5810, ...}, 0) = 0
newfstatat(AT_FDCWD, "/home/ubuntu/.local/lib/python3.12/site-packages/pwnlib/util/lists.py", {st_mode=S_IFREG|0644, st_size=5810, ...}, 0) = 0
openat(AT_FDCWD, "/home/ubuntu/.local/lib/python3.12/site-packages/pwnlib/util/__pycache__/lists.cpython-312.pyc", O_RDONLY|O_CLOEXEC) = 5
fstat(5, {st_mode=S_IFREG|0644, st_size=7973, ...}) = 0
ioctl(5, TCGETS, 0x7ffc5ece25f0)        = -1 ENOTTY (Inappropriate ioctl for device)
lseek(5, 0, SEEK_CUR)                   = 0
lseek(5, 0, SEEK_CUR)                   = 0
fstat(5, {st_mode=S_IFREG|0644, st_size=7973, ...}) = 0
read(5, "\313\r\r\n\0\0\0\0\226\254\33i\262\26\0\0\343\0\0\0\0\0\0\0\0\0\0\0\0\2\0\0"..., 7974) = 7973
read(5, "", 1)                          = 0
close(5)                                = 0
newfstatat(AT_FDCWD, "/home/ubuntu/.local/lib/python3.12/site-packages/pwnlib/util", {st_mode=S_IFDIR|0755, st_size=4096, ...}, 0) = 0
newfstatat(AT_FDCWD, "/home/ubuntu/.local/lib/python3.12/site-packages/pwnlib/util/packing.py", {st_mode=S_IFREG|0644, st_size=41026, ...}, 0) = 0
newfstatat(AT_FDCWD, "/home/ubuntu/.local/lib/python3.12/site-packages/pwnlib/util/packing.py", {st_mode=S_IFREG|0644, st_size=41026, ...}, 0) = 0
openat(AT_FDCWD, "/home/ubuntu/.local/lib/python3.12/site-packages/pwnlib/util/__pycache__/packing.cpython-312.pyc", O_RDONLY|O_CLOEXEC) = 5
fstat(5, {st_mode=S_IFREG|0644, st_size=45092, ...}) = 0
ioctl(5, TCGETS, 0x7ffc5ece25f0)        = -1 ENOTTY (Inappropriate ioctl for device)
lseek(5, 0, SEEK_CUR)                   = 0
lseek(5, 0, SEEK_CUR)                   = 0
fstat(5, {st_mode=S_IFREG|0644, st_size=45092, ...}) = 0
read(5, "\313\r\r\n\0\0\0\0\226\254\33iB\240\0\0\343\0\0\0\0\0\0\0\0\0\0\0\0\7\0\0"..., 45093) = 45092
read(5, "", 1)                          = 0
close(5)                                = 0
brk(0x1f46e000)                         = 0x1f46e000
newfstatat(AT_FDCWD, "/home/ubuntu/.local/lib/python3.12/site-packages/pwnlib/util", {st_mode=S_IFDIR|0755, st_size=4096, ...}, 0) = 0
newfstatat(AT_FDCWD, "/home/ubuntu/.local/lib/python3.12/site-packages/pwnlib/util/cyclic.py", {st_mode=S_IFREG|0644, st_size=16596, ...}, 0) = 0
newfstatat(AT_FDCWD, "/home/ubuntu/.local/lib/python3.12/site-packages/pwnlib/util/cyclic.py", {st_mode=S_IFREG|0644, st_size=16596, ...}, 0) = 0
openat(AT_FDCWD, "/home/ubuntu/.local/lib/python3.12/site-packages/pwnlib/util/__pycache__/cyclic.cpython-312.pyc", O_RDONLY|O_CLOEXEC) = 5
fstat(5, {st_mode=S_IFREG|0644, st_size=19796, ...}) = 0
ioctl(5, TCGETS, 0x7ffc5ece2a60)        = -1 ENOTTY (Inappropriate ioctl for device)
lseek(5, 0, SEEK_CUR)                   = 0
lseek(5, 0, SEEK_CUR)                   = 0
fstat(5, {st_mode=S_IFREG|0644, st_size=19796, ...}) = 0
read(5, "\313\r\r\n\0\0\0\0\226\254\33i\324@\0\0\343\0\0\0\0\0\0\0\0\0\0\0\0\5\0\0"..., 19797) = 19796
read(5, "", 1)                          = 0
close(5)                                = 0
newfstatat(AT_FDCWD, "/home/ubuntu/.local/lib/python3.12/site-packages/pwnlib/util", {st_mode=S_IFDIR|0755, st_size=4096, ...}, 0) = 0
newfstatat(AT_FDCWD, "/home/ubuntu/.local/lib/python3.12/site-packages/pwnlib/util/misc.py", {st_mode=S_IFREG|0644, st_size=31779, ...}, 0) = 0
newfstatat(AT_FDCWD, "/home/ubuntu/.local/lib/python3.12/site-packages/pwnlib/util/misc.py", {st_mode=S_IFREG|0644, st_size=31779, ...}, 0) = 0
openat(AT_FDCWD, "/home/ubuntu/.local/lib/python3.12/site-packages/pwnlib/util/__pycache__/misc.cpython-312.pyc", O_RDONLY|O_CLOEXEC) = 5
fstat(5, {st_mode=S_IFREG|0644, st_size=37614, ...}) = 0
ioctl(5, TCGETS, 0x7ffc5ece30d0)        = -1 ENOTTY (Inappropriate ioctl for device)
lseek(5, 0, SEEK_CUR)                   = 0
lseek(5, 0, SEEK_CUR)                   = 0
fstat(5, {st_mode=S_IFREG|0644, st_size=37614, ...}) = 0
read(5, "\313\r\r\n\0\0\0\0\226\254\33i#|\0\0\343\0\0\0\0\0\0\0\0\0\0\0\0\16\0\0"..., 37615) = 37614
read(5, "", 1)                          = 0
close(5)                                = 0
newfstatat(AT_FDCWD, "/home/ubuntu/.local/lib/python3.12/site-packages/pwnlib/tubes", {st_mode=S_IFDIR|0755, st_size=4096, ...}, 0) = 0
newfstatat(AT_FDCWD, "/home/ubuntu/.local/lib/python3.12/site-packages/pwnlib/tubes/process.py", {st_mode=S_IFREG|0644, st_size=52150, ...}, 0) = 0
newfstatat(AT_FDCWD, "/home/ubuntu/.local/lib/python3.12/site-packages/pwnlib/tubes/process.py", {st_mode=S_IFREG|0644, st_size=52150, ...}, 0) = 0
openat(AT_FDCWD, "/home/ubuntu/.local/lib/python3.12/site-packages/pwnlib/tubes/__pycache__/process.cpython-312.pyc", O_RDONLY|O_CLOEXEC) = 5
fstat(5, {st_mode=S_IFREG|0644, st_size=58189, ...}) = 0
ioctl(5, TCGETS, 0x7ffc5ece4890)        = -1 ENOTTY (Inappropriate ioctl for device)
lseek(5, 0, SEEK_CUR)                   = 0
lseek(5, 0, SEEK_CUR)                   = 0
fstat(5, {st_mode=S_IFREG|0644, st_size=58189, ...}) = 0
read(5, "\313\r\r\n\0\0\0\0\226\254\33i\266\313\0\0\343\0\0\0\0\0\0\0\0\0\0\0\0\7\0\0"..., 58190) = 58189
read(5, "", 1)                          = 0
close(5)                                = 0
newfstatat(AT_FDCWD, "/workspace/sidechannel/ropfu", {st_mode=S_IFDIR|0755, st_size=4096, ...}, 0) = 0
newfstatat(AT_FDCWD, "/usr/lib/python3.12", {st_mode=S_IFDIR|0755, st_size=4096, ...}, 0) = 0
newfstatat(AT_FDCWD, "/usr/lib/python3.12/ctypes/__init__.cpython-312-x86_64-linux-gnu.so", 0x7ffc5ece4580, 0) = -1 ENOENT (No such file or directory)
newfstatat(AT_FDCWD, "/usr/lib/python3.12/ctypes/__init__.abi3.so", 0x7ffc5ece4580, 0) = -1 ENOENT (No such file or directory)
newfstatat(AT_FDCWD, "/usr/lib/python3.12/ctypes/__init__.so", 0x7ffc5ece4580, 0) = -1 ENOENT (No such file or directory)
newfstatat(AT_FDCWD, "/usr/lib/python3.12/ctypes/__init__.py", {st_mode=S_IFREG|0644, st_size=18182, ...}, 0) = 0
newfstatat(AT_FDCWD, "/usr/lib/python3.12/ctypes/__init__.py", {st_mode=S_IFREG|0644, st_size=18182, ...}, 0) = 0
openat(AT_FDCWD, "/usr/lib/python3.12/ctypes/__pycache__/__init__.cpython-312.pyc", O_RDONLY|O_CLOEXEC) = 5
fstat(5, {st_mode=S_IFREG|0644, st_size=23449, ...}) = 0
ioctl(5, TCGETS, 0x7ffc5ece4220)        = -1 ENOTTY (Inappropriate ioctl for device)
lseek(5, 0, SEEK_CUR)                   = 0
lseek(5, 0, SEEK_CUR)                   = 0
fstat(5, {st_mode=S_IFREG|0644, st_size=23449, ...}) = 0
read(5, "\313\r\r\n\0\0\0\0)!\236h\6G\0\0\343\0\0\0\0\0\0\0\0\0\0\0\0\7\0\0"..., 23450) = 23449
read(5, "", 1)                          = 0
close(5)                                = 0
newfstatat(AT_FDCWD, "/workspace/sidechannel/ropfu", {st_mode=S_IFDIR|0755, st_size=4096, ...}, 0) = 0
newfstatat(AT_FDCWD, "/usr/lib/python3.12", {st_mode=S_IFDIR|0755, st_size=4096, ...}, 0) = 0
newfstatat(AT_FDCWD, "/usr/lib/python3.12/lib-dynload", {st_mode=S_IFDIR|0755, st_size=4096, ...}, 0) = 0
newfstatat(AT_FDCWD, "/usr/lib/python3.12/lib-dynload/_ctypes.cpython-312-x86_64-linux-gnu.so", {st_mode=S_IFREG|0644, st_size=137968, ...}, 0) = 0
openat(AT_FDCWD, "/usr/lib/python3.12/lib-dynload/_ctypes.cpython-312-x86_64-linux-gnu.so", O_RDONLY|O_CLOEXEC) = 5
read(5, "\177ELF\2\1\1\0\0\0\0\0\0\0\0\0\3\0>\0\1\0\0\0\0\0\0\0\0\0\0\0"..., 832) = 832
fstat(5, {st_mode=S_IFREG|0644, st_size=137968, ...}) = 0
mmap(NULL, 140112, PROT_READ, MAP_PRIVATE|MAP_DENYWRITE, 5, 0) = 0x7fd8f339f000
mmap(0x7fd8f33a5000, 73728, PROT_READ|PROT_EXEC, MAP_PRIVATE|MAP_FIXED|MAP_DENYWRITE, 5, 0x6000) = 0x7fd8f33a5000
mmap(0x7fd8f33b7000, 24576, PROT_READ, MAP_PRIVATE|MAP_FIXED|MAP_DENYWRITE, 5, 0x18000) = 0x7fd8f33b7000
mmap(0x7fd8f33bd000, 20480, PROT_READ|PROT_WRITE, MAP_PRIVATE|MAP_FIXED|MAP_DENYWRITE, 5, 0x1d000) = 0x7fd8f33bd000
close(5)                                = 0
openat(AT_FDCWD, "/etc/ld.so.cache", O_RDONLY|O_CLOEXEC) = 5
fstat(5, {st_mode=S_IFREG|0644, st_size=26871, ...}) = 0
mmap(NULL, 26871, PROT_READ, MAP_PRIVATE, 5, 0) = 0x7fd8f3398000
close(5)                                = 0
openat(AT_FDCWD, "/lib/x86_64-linux-gnu/libffi.so.8", O_RDONLY|O_CLOEXEC) = 5
read(5, "\177ELF\2\1\1\0\0\0\0\0\0\0\0\0\3\0>\0\1\0\0\0\0\0\0\0\0\0\0\0"..., 832) = 832
fstat(5, {st_mode=S_IFREG|0644, st_size=47672, ...}) = 0
mmap(NULL, 46608, PROT_READ, MAP_PRIVATE|MAP_DENYWRITE, 5, 0) = 0x7fd8f2ec4000
mmap(0x7fd8f2ec6000, 28672, PROT_READ|PROT_EXEC, MAP_PRIVATE|MAP_FIXED|MAP_DENYWRITE, 5, 0x2000) = 0x7fd8f2ec6000
mmap(0x7fd8f2ecd000, 4096, PROT_READ, MAP_PRIVATE|MAP_FIXED|MAP_DENYWRITE, 5, 0x9000) = 0x7fd8f2ecd000
mmap(0x7fd8f2ece000, 8192, PROT_READ|PROT_WRITE, MAP_PRIVATE|MAP_FIXED|MAP_DENYWRITE, 5, 0xa000) = 0x7fd8f2ece000
close(5)                                = 0
mprotect(0x7fd8f2ece000, 4096, PROT_READ) = 0
mprotect(0x7fd8f33bd000, 4096, PROT_READ) = 0
munmap(0x7fd8f3398000, 26871)           = 0
brk(0x1f48f000)                         = 0x1f48f000
newfstatat(AT_FDCWD, "/usr/lib/python3.12/ctypes", {st_mode=S_IFDIR|0755, st_size=4096, ...}, 0) = 0
newfstatat(AT_FDCWD, "/usr/lib/python3.12/ctypes", {st_mode=S_IFDIR|0755, st_size=4096, ...}, 0) = 0
newfstatat(AT_FDCWD, "/usr/lib/python3.12/ctypes", {st_mode=S_IFDIR|0755, st_size=4096, ...}, 0) = 0
openat(AT_FDCWD, "/usr/lib/python3.12/ctypes", O_RDONLY|O_NONBLOCK|O_CLOEXEC|O_DIRECTORY) = 5
fstat(5, {st_mode=S_IFDIR|0755, st_size=4096, ...}) = 0
getdents64(5, 0x1f46ec00 /* 8 entries */, 32768) = 240
getdents64(5, 0x1f46ec00 /* 0 entries */, 32768) = 0
close(5)                                = 0
newfstatat(AT_FDCWD, "/usr/lib/python3.12/ctypes/_endian.py", {st_mode=S_IFREG|0644, st_size=2535, ...}, 0) = 0
newfstatat(AT_FDCWD, "/usr/lib/python3.12/ctypes/_endian.py", {st_mode=S_IFREG|0644, st_size=2535, ...}, 0) = 0
openat(AT_FDCWD, "/usr/lib/python3.12/ctypes/__pycache__/_endian.cpython-312.pyc", O_RDONLY|O_CLOEXEC) = 5
fstat(5, {st_mode=S_IFREG|0644, st_size=3380, ...}) = 0
ioctl(5, TCGETS, 0x7ffc5ece3bb0)        = -1 ENOTTY (Inappropriate ioctl for device)
lseek(5, 0, SEEK_CUR)                   = 0
lseek(5, 0, SEEK_CUR)                   = 0
fstat(5, {st_mode=S_IFREG|0644, st_size=3380, ...}) = 0
read(5, "\313\r\r\n\0\0\0\0)!\236h\347\t\0\0\343\0\0\0\0\0\0\0\0\0\0\0\0\10\0\0"..., 3381) = 3380
read(5, "", 1)                          = 0
close(5)                                = 0
newfstatat(AT_FDCWD, "/workspace/sidechannel/ropfu", {st_mode=S_IFDIR|0755, st_size=4096, ...}, 0) = 0
newfstatat(AT_FDCWD, "/usr/lib/python3.12", {st_mode=S_IFDIR|0755, st_size=4096, ...}, 0) = 0
newfstatat(AT_FDCWD, "/usr/lib/python3.12/pty.py", {st_mode=S_IFREG|0644, st_size=6137, ...}, 0) = 0
newfstatat(AT_FDCWD, "/usr/lib/python3.12/pty.py", {st_mode=S_IFREG|0644, st_size=6137, ...}, 0) = 0
openat(AT_FDCWD, "/usr/lib/python3.12/__pycache__/pty.cpython-312.pyc", O_RDONLY|O_CLOEXEC) = 5
fstat(5, {st_mode=S_IFREG|0644, st_size=7363, ...}) = 0
ioctl(5, TCGETS, 0x7ffc5ece4220)        = -1 ENOTTY (Inappropriate ioctl for device)
lseek(5, 0, SEEK_CUR)                   = 0
lseek(5, 0, SEEK_CUR)                   = 0
fstat(5, {st_mode=S_IFREG|0644, st_size=7363, ...}) = 0
read(5, "\313\r\r\n\0\0\0\0)!\236h\371\27\0\0\343\0\0\0\0\0\0\0\0\0\0\0\0\2\0\0"..., 7364) = 7363
read(5, "", 1)                          = 0
close(5)                                = 0
newfstatat(AT_FDCWD, "/workspace/sidechannel/ropfu", {st_mode=S_IFDIR|0755, st_size=4096, ...}, 0) = 0
newfstatat(AT_FDCWD, "/usr/lib/python3.12", {st_mode=S_IFDIR|0755, st_size=4096, ...}, 0) = 0
newfstatat(AT_FDCWD, "/usr/lib/python3.12/tty.py", {st_mode=S_IFREG|0644, st_size=2035, ...}, 0) = 0
newfstatat(AT_FDCWD, "/usr/lib/python3.12/tty.py", {st_mode=S_IFREG|0644, st_size=2035, ...}, 0) = 0
openat(AT_FDCWD, "/usr/lib/python3.12/__pycache__/tty.cpython-312.pyc", O_RDONLY|O_CLOEXEC) = 5
fstat(5, {st_mode=S_IFREG|0644, st_size=2668, ...}) = 0
ioctl(5, TCGETS, 0x7ffc5ece3bb0)        = -1 ENOTTY (Inappropriate ioctl for device)
lseek(5, 0, SEEK_CUR)                   = 0
lseek(5, 0, SEEK_CUR)                   = 0
fstat(5, {st_mode=S_IFREG|0644, st_size=2668, ...}) = 0
read(5, "\313\r\r\n\0\0\0\0)!\236h\363\7\0\0\343\0\0\0\0\0\0\0\0\0\0\0\0\2\0\0"..., 2669) = 2668
read(5, "", 1)                          = 0
close(5)                                = 0
newfstatat(AT_FDCWD, "/workspace/sidechannel/ropfu", {st_mode=S_IFDIR|0755, st_size=4096, ...}, 0) = 0
newfstatat(AT_FDCWD, "/usr/lib/python3.12", {st_mode=S_IFDIR|0755, st_size=4096, ...}, 0) = 0
newfstatat(AT_FDCWD, "/usr/lib/python3.12/lib-dynload", {st_mode=S_IFDIR|0755, st_size=4096, ...}, 0) = 0
newfstatat(AT_FDCWD, "/usr/lib/python3.12/lib-dynload/resource.cpython-312-x86_64-linux-gnu.so", {st_mode=S_IFREG|0644, st_size=19432, ...}, 0) = 0
openat(AT_FDCWD, "/usr/lib/python3.12/lib-dynload/resource.cpython-312-x86_64-linux-gnu.so", O_RDONLY|O_CLOEXEC) = 5
read(5, "\177ELF\2\1\1\0\0\0\0\0\0\0\0\0\3\0>\0\1\0\0\0\0\0\0\0\0\0\0\0"..., 832) = 832
fstat(5, {st_mode=S_IFREG|0644, st_size=19432, ...}) = 0
mmap(NULL, 21432, PROT_READ, MAP_PRIVATE|MAP_DENYWRITE, 5, 0) = 0x7fd8f3399000
mmap(0x7fd8f339b000, 4096, PROT_READ|PROT_EXEC, MAP_PRIVATE|MAP_FIXED|MAP_DENYWRITE, 5, 0x2000) = 0x7fd8f339b000
mmap(0x7fd8f339c000, 4096, PROT_READ, MAP_PRIVATE|MAP_FIXED|MAP_DENYWRITE, 5, 0x3000) = 0x7fd8f339c000
mmap(0x7fd8f339d000, 8192, PROT_READ|PROT_WRITE, MAP_PRIVATE|MAP_FIXED|MAP_DENYWRITE, 5, 0x3000) = 0x7fd8f339d000
close(5)                                = 0
mprotect(0x7fd8f339d000, 4096, PROT_READ) = 0
newfstatat(AT_FDCWD, "/home/ubuntu/.local/lib/python3.12/site-packages/pwnlib", {st_mode=S_IFDIR|0755, st_size=4096, ...}, 0) = 0
newfstatat(AT_FDCWD, "/home/ubuntu/.local/lib/python3.12/site-packages/pwnlib/qemu.py", {st_mode=S_IFREG|0644, st_size=5173, ...}, 0) = 0
newfstatat(AT_FDCWD, "/home/ubuntu/.local/lib/python3.12/site-packages/pwnlib/qemu.py", {st_mode=S_IFREG|0644, st_size=5173, ...}, 0) = 0
openat(AT_FDCWD, "/home/ubuntu/.local/lib/python3.12/site-packages/pwnlib/__pycache__/qemu.cpython-312.pyc", O_RDONLY|O_CLOEXEC) = 5
fstat(5, {st_mode=S_IFREG|0644, st_size=6103, ...}) = 0
ioctl(5, TCGETS, 0x7ffc5ece3db0)        = -1 ENOTTY (Inappropriate ioctl for device)
lseek(5, 0, SEEK_CUR)                   = 0
lseek(5, 0, SEEK_CUR)                   = 0
fstat(5, {st_mode=S_IFREG|0644, st_size=6103, ...}) = 0
read(5, "\313\r\r\n\0\0\0\0\226\254\33i5\24\0\0\343\0\0\0\0\0\0\0\0\0\0\0\0\3\0\0"..., 6104) = 6103
read(5, "", 1)                          = 0
close(5)                                = 0
newfstatat(AT_FDCWD, "/home/ubuntu/.local/lib/python3.12/site-packages/pwnlib/util", {st_mode=S_IFDIR|0755, st_size=4096, ...}, 0) = 0
newfstatat(AT_FDCWD, "/home/ubuntu/.local/lib/python3.12/site-packages/pwnlib/util/hashes.py", {st_mode=S_IFREG|0644, st_size=1192, ...}, 0) = 0
newfstatat(AT_FDCWD, "/home/ubuntu/.local/lib/python3.12/site-packages/pwnlib/util/hashes.py", {st_mode=S_IFREG|0644, st_size=1192, ...}, 0) = 0
openat(AT_FDCWD, "/home/ubuntu/.local/lib/python3.12/site-packages/pwnlib/util/__pycache__/hashes.cpython-312.pyc", O_RDONLY|O_CLOEXEC) = 5
fstat(5, {st_mode=S_IFREG|0644, st_size=2517, ...}) = 0
ioctl(5, TCGETS, 0x7ffc5ece4220)        = -1 ENOTTY (Inappropriate ioctl for device)
lseek(5, 0, SEEK_CUR)                   = 0
lseek(5, 0, SEEK_CUR)                   = 0
fstat(5, {st_mode=S_IFREG|0644, st_size=2517, ...}) = 0
read(5, "\313\r\r\n\0\0\0\0\226\254\33i\250\4\0\0\343\0\0\0\0\0\0\0\0\0\0\0\0\10\0\0"..., 2518) = 2517
read(5, "", 1)                          = 0
close(5)                                = 0
newfstatat(AT_FDCWD, "/workspace/sidechannel/ropfu", {st_mode=S_IFDIR|0755, st_size=4096, ...}, 0) = 0
newfstatat(AT_FDCWD, "/usr/lib/python3.12", {st_mode=S_IFDIR|0755, st_size=4096, ...}, 0) = 0
newfstatat(AT_FDCWD, "/usr/lib/python3.12/hashlib.py", {st_mode=S_IFREG|0644, st_size=9349, ...}, 0) = 0
newfstatat(AT_FDCWD, "/usr/lib/python3.12/hashlib.py", {st_mode=S_IFREG|0644, st_size=9349, ...}, 0) = 0
openat(AT_FDCWD, "/usr/lib/python3.12/__pycache__/hashlib.cpython-312.pyc", O_RDONLY|O_CLOEXEC) = 5
fstat(5, {st_mode=S_IFREG|0644, st_size=8087, ...}) = 0
ioctl(5, TCGETS, 0x7ffc5ece3bb0)        = -1 ENOTTY (Inappropriate ioctl for device)
lseek(5, 0, SEEK_CUR)                   = 0
lseek(5, 0, SEEK_CUR)                   = 0
fstat(5, {st_mode=S_IFREG|0644, st_size=8087, ...}) = 0
read(5, "\313\r\r\n\0\0\0\0)!\236h\205$\0\0\343\0\0\0\0\0\0\0\0\0\0\0\0\6\0\0"..., 8088) = 8087
read(5, "", 1)                          = 0
close(5)                                = 0
newfstatat(AT_FDCWD, "/workspace/sidechannel/ropfu", {st_mode=S_IFDIR|0755, st_size=4096, ...}, 0) = 0
newfstatat(AT_FDCWD, "/usr/lib/python3.12", {st_mode=S_IFDIR|0755, st_size=4096, ...}, 0) = 0
newfstatat(AT_FDCWD, "/usr/lib/python3.12/lib-dynload", {st_mode=S_IFDIR|0755, st_size=4096, ...}, 0) = 0
newfstatat(AT_FDCWD, "/usr/lib/python3.12/lib-dynload/_hashlib.cpython-312-x86_64-linux-gnu.so", {st_mode=S_IFREG|0644, st_size=64368, ...}, 0) = 0
openat(AT_FDCWD, "/usr/lib/python3.12/lib-dynload/_hashlib.cpython-312-x86_64-linux-gnu.so", O_RDONLY|O_CLOEXEC) = 5
read(5, "\177ELF\2\1\1\0\0\0\0\0\0\0\0\0\3\0>\0\1\0\0\0\0\0\0\0\0\0\0\0"..., 832) = 832
fstat(5, {st_mode=S_IFREG|0644, st_size=64368, ...}) = 0
mmap(NULL, 66288, PROT_READ, MAP_PRIVATE|MAP_DENYWRITE, 5, 0) = 0x7fd8f2eb3000
mmap(0x7fd8f2eb7000, 24576, PROT_READ|PROT_EXEC, MAP_PRIVATE|MAP_FIXED|MAP_DENYWRITE, 5, 0x4000) = 0x7fd8f2eb7000
mmap(0x7fd8f2ebd000, 16384, PROT_READ, MAP_PRIVATE|MAP_FIXED|MAP_DENYWRITE, 5, 0xa000) = 0x7fd8f2ebd000
mmap(0x7fd8f2ec1000, 12288, PROT_READ|PROT_WRITE, MAP_PRIVATE|MAP_FIXED|MAP_DENYWRITE, 5, 0xd000) = 0x7fd8f2ec1000
close(5)                                = 0
openat(AT_FDCWD, "/etc/ld.so.cache", O_RDONLY|O_CLOEXEC) = 5
fstat(5, {st_mode=S_IFREG|0644, st_size=26871, ...}) = 0
mmap(NULL, 26871, PROT_READ, MAP_PRIVATE, 5, 0) = 0x7fd8f3392000
close(5)                                = 0
openat(AT_FDCWD, "/lib/x86_64-linux-gnu/libcrypto.so.3", O_RDONLY|O_CLOEXEC) = 5
read(5, "\177ELF\2\1\1\0\0\0\0\0\0\0\0\0\3\0>\0\1\0\0\0\0\0\0\0\0\0\0\0"..., 832) = 832
fstat(5, {st_mode=S_IFREG|0644, st_size=5305304, ...}) = 0
mmap(NULL, 5319632, PROT_READ, MAP_PRIVATE|MAP_DENYWRITE, 5, 0) = 0x7fd8f29a0000
mmap(0x7fd8f2a53000, 3354624, PROT_READ|PROT_EXEC, MAP_PRIVATE|MAP_FIXED|MAP_DENYWRITE, 5, 0xb3000) = 0x7fd8f2a53000
mmap(0x7fd8f2d86000, 831488, PROT_READ, MAP_PRIVATE|MAP_FIXED|MAP_DENYWRITE, 5, 0x3e6000) = 0x7fd8f2d86000
mmap(0x7fd8f2e51000, 389120, PROT_READ|PROT_WRITE, MAP_PRIVATE|MAP_FIXED|MAP_DENYWRITE, 5, 0x4b0000) = 0x7fd8f2e51000
mmap(0x7fd8f2eb0000, 11216, PROT_READ|PROT_WRITE, MAP_PRIVATE|MAP_FIXED|MAP_ANONYMOUS, -1, 0) = 0x7fd8f2eb0000
close(5)                                = 0
mprotect(0x7fd8f2e51000, 376832, PROT_READ) = 0
mprotect(0x7fd8f2ec1000, 4096, PROT_READ) = 0
munmap(0x7fd8f3392000, 26871)           = 0
openat(AT_FDCWD, "/proc/sys/crypto/fips_enabled", O_RDONLY) = -1 ENOENT (No such file or directory)
futex(0x7fd8f2eb00ec, FUTEX_WAKE_PRIVATE, 2147483647) = 0
futex(0x7fd8f2eaff08, FUTEX_WAKE_PRIVATE, 2147483647) = 0
futex(0x7fd8f2eb03ec, FUTEX_WAKE_PRIVATE, 2147483647) = 0
futex(0x7fd8f2eb03e0, FUTEX_WAKE_PRIVATE, 2147483647) = 0
futex(0x7fd8f2eb03d8, FUTEX_WAKE_PRIVATE, 2147483647) = 0
futex(0x7fd8f2eb04e0, FUTEX_WAKE_PRIVATE, 2147483647) = 0
futex(0x7fd8f2eb03c8, FUTEX_WAKE_PRIVATE, 2147483647) = 0
futex(0x7fd8f2eb03c0, FUTEX_WAKE_PRIVATE, 2147483647) = 0
futex(0x7fd8f2eafe44, FUTEX_WAKE_PRIVATE, 2147483647) = 0
futex(0x7fd8f2eb0424, FUTEX_WAKE_PRIVATE, 2147483647) = 0
futex(0x7fd8f2eafe38, FUTEX_WAKE_PRIVATE, 2147483647) = 0
futex(0x7fd8f2eb03d0, FUTEX_WAKE_PRIVATE, 2147483647) = 0
openat(AT_FDCWD, "/usr/lib/ssl/openssl.cnf", O_RDONLY) = 5
fstat(5, {st_mode=S_IFREG|0644, st_size=12324, ...}) = 0
read(5, "#\n# OpenSSL example configuratio"..., 4096) = 4096
read(5, "d attributes must be the same, a"..., 4096) = 4096
read(5, "coding of an extension: beware e"..., 4096) = 4096
read(5, " = $insta::certout # insta.cert."..., 4096) = 36
read(5, "", 4096)                       = 0
close(5)                                = 0
futex(0x7fd8f2eafbf8, FUTEX_WAKE_PRIVATE, 2147483647) = 0
futex(0x7fd8f2eafc54, FUTEX_WAKE_PRIVATE, 2147483647) = 0
futex(0x7fd8f2eb0394, FUTEX_WAKE_PRIVATE, 2147483647) = 0
futex(0x7fd8f2eafbd8, FUTEX_WAKE_PRIVATE, 2147483647) = 0
futex(0x7fd8f2eb03b8, FUTEX_WAKE_PRIVATE, 2147483647) = 0
brk(0x1f4b0000)                         = 0x1f4b0000
newfstatat(AT_FDCWD, "/home/ubuntu/.local/lib/python3.12/site-packages/pwnlib/tubes", {st_mode=S_IFDIR|0755, st_size=4096, ...}, 0) = 0
newfstatat(AT_FDCWD, "/home/ubuntu/.local/lib/python3.12/site-packages/pwnlib/tubes/remote.py", {st_mode=S_IFREG|0644, st_size=5860, ...}, 0) = 0
newfstatat(AT_FDCWD, "/home/ubuntu/.local/lib/python3.12/site-packages/pwnlib/tubes/remote.py", {st_mode=S_IFREG|0644, st_size=5860, ...}, 0) = 0
openat(AT_FDCWD, "/home/ubuntu/.local/lib/python3.12/site-packages/pwnlib/tubes/__pycache__/remote.cpython-312.pyc", O_RDONLY|O_CLOEXEC) = 5
fstat(5, {st_mode=S_IFREG|0644, st_size=8096, ...}) = 0
ioctl(5, TCGETS, 0x7ffc5ece4890)        = -1 ENOTTY (Inappropriate ioctl for device)
lseek(5, 0, SEEK_CUR)                   = 0
lseek(5, 0, SEEK_CUR)                   = 0
fstat(5, {st_mode=S_IFREG|0644, st_size=8096, ...}) = 0
read(5, "\313\r\r\n\0\0\0\0\226\254\33i\344\26\0\0\343\0\0\0\0\0\0\0\0\0\0\0\0\5\0\0"..., 8097) = 8096
read(5, "", 1)                          = 0
close(5)                                = 0
newfstatat(AT_FDCWD, "/home/ubuntu/.local/lib/python3.12/site-packages/pwnlib/tubes", {st_mode=S_IFDIR|0755, st_size=4096, ...}, 0) = 0
newfstatat(AT_FDCWD, "/home/ubuntu/.local/lib/python3.12/site-packages/pwnlib/tubes/serialtube.py", {st_mode=S_IFREG|0644, st_size=3092, ...}, 0) = 0
newfstatat(AT_FDCWD, "/home/ubuntu/.local/lib/python3.12/site-packages/pwnlib/tubes/serialtube.py", {st_mode=S_IFREG|0644, st_size=3092, ...}, 0) = 0
openat(AT_FDCWD, "/home/ubuntu/.local/lib/python3.12/site-packages/pwnlib/tubes/__pycache__/serialtube.cpython-312.pyc", O_RDONLY|O_CLOEXEC) = 5
fstat(5, {st_mode=S_IFREG|0644, st_size=4782, ...}) = 0
ioctl(5, TCGETS, 0x7ffc5ece4890)        = -1 ENOTTY (Inappropriate ioctl for device)
lseek(5, 0, SEEK_CUR)                   = 0
lseek(5, 0, SEEK_CUR)                   = 0
fstat(5, {st_mode=S_IFREG|0644, st_size=4782, ...}) = 0
read(5, "\313\r\r\n\0\0\0\0\226\254\33i\24\f\0\0\343\0\0\0\0\0\0\0\0\0\0\0\0\5\0\0"..., 4783) = 4782
read(5, "", 1)                          = 0
close(5)                                = 0
newfstatat(AT_FDCWD, "/workspace/sidechannel/ropfu", {st_mode=S_IFDIR|0755, st_size=4096, ...}, 0) = 0
newfstatat(AT_FDCWD, "/usr/lib/python3.12", {st_mode=S_IFDIR|0755, st_size=4096, ...}, 0) = 0
newfstatat(AT_FDCWD, "/usr/lib/python3.12/lib-dynload", {st_mode=S_IFDIR|0755, st_size=4096, ...}, 0) = 0
newfstatat(AT_FDCWD, "/home/ubuntu/.local/lib/python3.12/site-packages", {st_mode=S_IFDIR|0755, st_size=4096, ...}, 0) = 0
newfstatat(AT_FDCWD, "/home/ubuntu/.local/lib/python3.12/site-packages/serial/__init__.cpython-312-x86_64-linux-gnu.so", 0x7ffc5ece4580, 0) = -1 ENOENT (No such file or directory)
newfstatat(AT_FDCWD, "/home/ubuntu/.local/lib/python3.12/site-packages/serial/__init__.abi3.so", 0x7ffc5ece4580, 0) = -1 ENOENT (No such file or directory)
newfstatat(AT_FDCWD, "/home/ubuntu/.local/lib/python3.12/site-packages/serial/__init__.so", 0x7ffc5ece4580, 0) = -1 ENOENT (No such file or directory)
newfstatat(AT_FDCWD, "/home/ubuntu/.local/lib/python3.12/site-packages/serial/__init__.py", {st_mode=S_IFREG|0644, st_size=3212, ...}, 0) = 0
newfstatat(AT_FDCWD, "/home/ubuntu/.local/lib/python3.12/site-packages/serial/__init__.py", {st_mode=S_IFREG|0644, st_size=3212, ...}, 0) = 0
openat(AT_FDCWD, "/home/ubuntu/.local/lib/python3.12/site-packages/serial/__pycache__/__init__.cpython-312.pyc", O_RDONLY|O_CLOEXEC) = 5
fstat(5, {st_mode=S_IFREG|0644, st_size=3012, ...}) = 0
ioctl(5, TCGETS, 0x7ffc5ece4220)        = -1 ENOTTY (Inappropriate ioctl for device)
lseek(5, 0, SEEK_CUR)                   = 0
lseek(5, 0, SEEK_CUR)                   = 0
fstat(5, {st_mode=S_IFREG|0644, st_size=3012, ...}) = 0
read(5, "\313\r\r\n\0\0\0\0\224\254\33i\214\f\0\0\343\0\0\0\0\0\0\0\0\0\0\0\0\5\0\0"..., 3013) = 3012
read(5, "", 1)                          = 0
close(5)                                = 0
newfstatat(AT_FDCWD, "/home/ubuntu/.local/lib/python3.12/site-packages/serial", {st_mode=S_IFDIR|0755, st_size=4096, ...}, 0) = 0
newfstatat(AT_FDCWD, "/home/ubuntu/.local/lib/python3.12/site-packages/serial", {st_mode=S_IFDIR|0755, st_size=4096, ...}, 0) = 0
newfstatat(AT_FDCWD, "/home/ubuntu/.local/lib/python3.12/site-packages/serial", {st_mode=S_IFDIR|0755, st_size=4096, ...}, 0) = 0
openat(AT_FDCWD, "/home/ubuntu/.local/lib/python3.12/site-packages/serial", O_RDONLY|O_NONBLOCK|O_CLOEXEC|O_DIRECTORY) = 5
fstat(5, {st_mode=S_IFDIR|0755, st_size=4096, ...}) = 0
getdents64(5, 0x1f496f00 /* 16 entries */, 32768) = 528
getdents64(5, 0x1f496f00 /* 0 entries */, 32768) = 0
close(5)                                = 0
newfstatat(AT_FDCWD, "/home/ubuntu/.local/lib/python3.12/site-packages/serial/serialutil.py", {st_mode=S_IFREG|0644, st_size=21797, ...}, 0) = 0
newfstatat(AT_FDCWD, "/home/ubuntu/.local/lib/python3.12/site-packages/serial/serialutil.py", {st_mode=S_IFREG|0644, st_size=21797, ...}, 0) = 0
openat(AT_FDCWD, "/home/ubuntu/.local/lib/python3.12/site-packages/serial/__pycache__/serialutil.cpython-312.pyc", O_RDONLY|O_CLOEXEC) = 5
fstat(5, {st_mode=S_IFREG|0644, st_size=27443, ...}) = 0
ioctl(5, TCGETS, 0x7ffc5ece3bb0)        = -1 ENOTTY (Inappropriate ioctl for device)
lseek(5, 0, SEEK_CUR)                   = 0
lseek(5, 0, SEEK_CUR)                   = 0
fstat(5, {st_mode=S_IFREG|0644, st_size=27443, ...}) = 0
read(5, "\313\r\r\n\0\0\0\0\224\254\33i%U\0\0\343\0\0\0\0\0\0\0\0\0\0\0\0\n\0\0"..., 27444) = 27443
read(5, "", 1)                          = 0
close(5)                                = 0
newfstatat(AT_FDCWD, "/home/ubuntu/.local/lib/python3.12/site-packages/serial", {st_mode=S_IFDIR|0755, st_size=4096, ...}, 0) = 0
newfstatat(AT_FDCWD, "/home/ubuntu/.local/lib/python3.12/site-packages/serial/serialposix.py", {st_mode=S_IFREG|0644, st_size=35127, ...}, 0) = 0
newfstatat(AT_FDCWD, "/home/ubuntu/.local/lib/python3.12/site-packages/serial/serialposix.py", {st_mode=S_IFREG|0644, st_size=35127, ...}, 0) = 0
openat(AT_FDCWD, "/home/ubuntu/.local/lib/python3.12/site-packages/serial/__pycache__/serialposix.cpython-312.pyc", O_RDONLY|O_CLOEXEC) = 5
fstat(5, {st_mode=S_IFREG|0644, st_size=41287, ...}) = 0
ioctl(5, TCGETS, 0x7ffc5ece3bb0)        = -1 ENOTTY (Inappropriate ioctl for device)
lseek(5, 0, SEEK_CUR)                   = 0
lseek(5, 0, SEEK_CUR)                   = 0
fstat(5, {st_mode=S_IFREG|0644, st_size=41287, ...}) = 0
read(5, "\313\r\r\n\0\0\0\0\224\254\33i7\211\0\0\343\0\0\0\0\0\0\0\0\0\0\0\0\6\0\0"..., 41288) = 41287
read(5, "", 1)                          = 0
close(5)                                = 0
newfstatat(AT_FDCWD, "/home/ubuntu/.local/lib/python3.12/site-packages/pwnlib/tubes", {st_mode=S_IFDIR|0755, st_size=4096, ...}, 0) = 0
newfstatat(AT_FDCWD, "/home/ubuntu/.local/lib/python3.12/site-packages/pwnlib/tubes/server.py", {st_mode=S_IFREG|0644, st_size=5329, ...}, 0) = 0
newfstatat(AT_FDCWD, "/home/ubuntu/.local/lib/python3.12/site-packages/pwnlib/tubes/server.py", {st_mode=S_IFREG|0644, st_size=5329, ...}, 0) = 0
openat(AT_FDCWD, "/home/ubuntu/.local/lib/python3.12/site-packages/pwnlib/tubes/__pycache__/server.cpython-312.pyc", O_RDONLY|O_CLOEXEC) = 5
fstat(5, {st_mode=S_IFREG|0644, st_size=6999, ...}) = 0
ioctl(5, TCGETS, 0x7ffc5ece4890)        = -1 ENOTTY (Inappropriate ioctl for device)
lseek(5, 0, SEEK_CUR)                   = 0
lseek(5, 0, SEEK_CUR)                   = 0
fstat(5, {st_mode=S_IFREG|0644, st_size=6999, ...}) = 0
read(5, "\313\r\r\n\0\0\0\0\226\254\33i\321\24\0\0\343\0\0\0\0\0\0\0\0\0\0\0\0\5\0\0"..., 7000) = 6999
read(5, "", 1)                          = 0
close(5)                                = 0
newfstatat(AT_FDCWD, "/workspace/sidechannel/ropfu", {st_mode=S_IFDIR|0755, st_size=4096, ...}, 0) = 0
newfstatat(AT_FDCWD, "/usr/lib/python3.12", {st_mode=S_IFDIR|0755, st_size=4096, ...}, 0) = 0
newfstatat(AT_FDCWD, "/usr/lib/python3.12/queue.py", {st_mode=S_IFREG|0644, st_size=11496, ...}, 0) = 0
newfstatat(AT_FDCWD, "/usr/lib/python3.12/queue.py", {st_mode=S_IFREG|0644, st_size=11496, ...}, 0) = 0
openat(AT_FDCWD, "/usr/lib/python3.12/__pycache__/queue.cpython-312.pyc", O_RDONLY|O_CLOEXEC) = 5
fstat(5, {st_mode=S_IFREG|0644, st_size=14732, ...}) = 0
ioctl(5, TCGETS, 0x7ffc5ece3b70)        = -1 ENOTTY (Inappropriate ioctl for device)
lseek(5, 0, SEEK_CUR)                   = 0
lseek(5, 0, SEEK_CUR)                   = 0
fstat(5, {st_mode=S_IFREG|0644, st_size=14732, ...}) = 0
read(5, "\313\r\r\n\0\0\0\0)!\236h\350,\0\0\343\0\0\0\0\0\0\0\0\0\0\0\0\6\0\0"..., 14733) = 14732
read(5, "", 1)                          = 0
close(5)                                = 0
newfstatat(AT_FDCWD, "/workspace/sidechannel/ropfu", {st_mode=S_IFDIR|0755, st_size=4096, ...}, 0) = 0
newfstatat(AT_FDCWD, "/usr/lib/python3.12", {st_mode=S_IFDIR|0755, st_size=4096, ...}, 0) = 0
newfstatat(AT_FDCWD, "/usr/lib/python3.12/heapq.py", {st_mode=S_IFREG|0644, st_size=23024, ...}, 0) = 0
newfstatat(AT_FDCWD, "/usr/lib/python3.12/heapq.py", {st_mode=S_IFREG|0644, st_size=23024, ...}, 0) = 0
openat(AT_FDCWD, "/usr/lib/python3.12/__pycache__/heapq.cpython-312.pyc", O_RDONLY|O_CLOEXEC) = 5
fstat(5, {st_mode=S_IFREG|0644, st_size=17956, ...}) = 0
ioctl(5, TCGETS, 0x7ffc5ece3500)        = -1 ENOTTY (Inappropriate ioctl for device)
lseek(5, 0, SEEK_CUR)                   = 0
lseek(5, 0, SEEK_CUR)                   = 0
fstat(5, {st_mode=S_IFREG|0644, st_size=17956, ...}) = 0
read(5, "\313\r\r\n\0\0\0\0)!\236h\360Y\0\0\343\0\0\0\0\0\0\0\0\0\0\0\0\4\0\0"..., 17957) = 17956
read(5, "", 1)                          = 0
close(5)                                = 0
newfstatat(AT_FDCWD, "/workspace/sidechannel/ropfu", {st_mode=S_IFDIR|0755, st_size=4096, ...}, 0) = 0
newfstatat(AT_FDCWD, "/usr/lib/python3.12", {st_mode=S_IFDIR|0755, st_size=4096, ...}, 0) = 0
newfstatat(AT_FDCWD, "/usr/lib/python3.12/lib-dynload", {st_mode=S_IFDIR|0755, st_size=4096, ...}, 0) = 0
newfstatat(AT_FDCWD, "/usr/lib/python3.12/lib-dynload/_queue.cpython-312-x86_64-linux-gnu.so", {st_mode=S_IFREG|0644, st_size=23816, ...}, 0) = 0
openat(AT_FDCWD, "/usr/lib/python3.12/lib-dynload/_queue.cpython-312-x86_64-linux-gnu.so", O_RDONLY|O_CLOEXEC) = 5
read(5, "\177ELF\2\1\1\0\0\0\0\0\0\0\0\0\3\0>\0\1\0\0\0\0\0\0\0\0\0\0\0"..., 832) = 832
fstat(5, {st_mode=S_IFREG|0644, st_size=23816, ...}) = 0
mmap(NULL, 25896, PROT_READ, MAP_PRIVATE|MAP_DENYWRITE, 5, 0) = 0x7fd8f3392000
mmap(0x7fd8f3394000, 8192, PROT_READ|PROT_EXEC, MAP_PRIVATE|MAP_FIXED|MAP_DENYWRITE, 5, 0x2000) = 0x7fd8f3394000
mmap(0x7fd8f3396000, 4096, PROT_READ, MAP_PRIVATE|MAP_FIXED|MAP_DENYWRITE, 5, 0x4000) = 0x7fd8f3396000
mmap(0x7fd8f3397000, 8192, PROT_READ|PROT_WRITE, MAP_PRIVATE|MAP_FIXED|MAP_DENYWRITE, 5, 0x4000) = 0x7fd8f3397000
close(5)                                = 0
mprotect(0x7fd8f3397000, 4096, PROT_READ) = 0
newfstatat(AT_FDCWD, "/home/ubuntu/.local/lib/python3.12/site-packages/pwnlib/tubes", {st_mode=S_IFDIR|0755, st_size=4096, ...}, 0) = 0
newfstatat(AT_FDCWD, "/home/ubuntu/.local/lib/python3.12/site-packages/pwnlib/tubes/ssh.py", {st_mode=S_IFREG|0644, st_size=74712, ...}, 0) = 0
newfstatat(AT_FDCWD, "/home/ubuntu/.local/lib/python3.12/site-packages/pwnlib/tubes/ssh.py", {st_mode=S_IFREG|0644, st_size=74712, ...}, 0) = 0
openat(AT_FDCWD, "/home/ubuntu/.local/lib/python3.12/site-packages/pwnlib/tubes/__pycache__/ssh.cpython-312.pyc", O_RDONLY|O_CLOEXEC) = 5
fstat(5, {st_mode=S_IFREG|0644, st_size=99756, ...}) = 0
ioctl(5, TCGETS, 0x7ffc5ece4890)        = -1 ENOTTY (Inappropriate ioctl for device)
lseek(5, 0, SEEK_CUR)                   = 0
lseek(5, 0, SEEK_CUR)                   = 0
fstat(5, {st_mode=S_IFREG|0644, st_size=99756, ...}) = 0
brk(0x1f4e6000)                         = 0x1f4e6000
read(5, "\313\r\r\n\0\0\0\0\226\254\33i\330#\1\0\343\0\0\0\0\0\0\0\0\0\0\0\0\6\0\0"..., 99757) = 99756
read(5, "", 1)                          = 0
close(5)                                = 0
newfstatat(AT_FDCWD, "/workspace/sidechannel/ropfu", {st_mode=S_IFDIR|0755, st_size=4096, ...}, 0) = 0
newfstatat(AT_FDCWD, "/usr/lib/python3.12", {st_mode=S_IFDIR|0755, st_size=4096, ...}, 0) = 0
newfstatat(AT_FDCWD, "/usr/lib/python3.12/tarfile.py", {st_mode=S_IFREG|0755, st_size=112555, ...}, 0) = 0
newfstatat(AT_FDCWD, "/usr/lib/python3.12/tarfile.py", {st_mode=S_IFREG|0755, st_size=112555, ...}, 0) = 0
openat(AT_FDCWD, "/usr/lib/python3.12/__pycache__/tarfile.cpython-312.pyc", O_RDONLY|O_CLOEXEC) = 5
fstat(5, {st_mode=S_IFREG|0644, st_size=123388, ...}) = 0
ioctl(5, TCGETS, 0x7ffc5ece4220)        = -1 ENOTTY (Inappropriate ioctl for device)
lseek(5, 0, SEEK_CUR)                   = 0
lseek(5, 0, SEEK_CUR)                   = 0
fstat(5, {st_mode=S_IFREG|0644, st_size=123388, ...}) = 0
brk(0x1f515000)                         = 0x1f515000
read(5, "\313\r\r\n\0\0\0\0)!\236h\253\267\1\0\343\0\0\0\0\0\0\0\0\0\0\0\0\f\0\0"..., 123389) = 123388
read(5, "", 1)                          = 0
close(5)                                = 0
mmap(NULL, 1048576, PROT_READ|PROT_WRITE, MAP_PRIVATE|MAP_ANONYMOUS, -1, 0) = 0x7fd8f28a0000
newfstatat(AT_FDCWD, "/home/ubuntu/.local/lib/python3.12/site-packages/pwnlib/util", {st_mode=S_IFDIR|0755, st_size=4096, ...}, 0) = 0
newfstatat(AT_FDCWD, "/home/ubuntu/.local/lib/python3.12/site-packages/pwnlib/util/safeeval.py", {st_mode=S_IFREG|0644, st_size=4346, ...}, 0) = 0
newfstatat(AT_FDCWD, "/home/ubuntu/.local/lib/python3.12/site-packages/pwnlib/util/safeeval.py", {st_mode=S_IFREG|0644, st_size=4346, ...}, 0) = 0
openat(AT_FDCWD, "/home/ubuntu/.local/lib/python3.12/site-packages/pwnlib/util/__pycache__/safeeval.cpython-312.pyc", O_RDONLY|O_CLOEXEC) = 5
fstat(5, {st_mode=S_IFREG|0644, st_size=5357, ...}) = 0
ioctl(5, TCGETS, 0x7ffc5ece3db0)        = -1 ENOTTY (Inappropriate ioctl for device)
lseek(5, 0, SEEK_CUR)                   = 0
lseek(5, 0, SEEK_CUR)                   = 0
fstat(5, {st_mode=S_IFREG|0644, st_size=5357, ...}) = 0
read(5, "\313\r\r\n\0\0\0\0\226\254\33i\372\20\0\0\343\0\0\0\0\0\0\0\0\0\0\0\0\3\0\0"..., 5358) = 5357
read(5, "", 1)                          = 0
close(5)                                = 0
newfstatat(AT_FDCWD, "/home/ubuntu/.local/lib/python3.12/site-packages/pwnlib/util", {st_mode=S_IFDIR|0755, st_size=4096, ...}, 0) = 0
newfstatat(AT_FDCWD, "/home/ubuntu/.local/lib/python3.12/site-packages/pwnlib/util/sh_string.py", {st_mode=S_IFREG|0644, st_size=18214, ...}, 0) = 0
newfstatat(AT_FDCWD, "/home/ubuntu/.local/lib/python3.12/site-packages/pwnlib/util/sh_string.py", {st_mode=S_IFREG|0644, st_size=18214, ...}, 0) = 0
openat(AT_FDCWD, "/home/ubuntu/.local/lib/python3.12/site-packages/pwnlib/util/__pycache__/sh_string.cpython-312.pyc", O_RDONLY|O_CLOEXEC) = 5
fstat(5, {st_mode=S_IFREG|0644, st_size=19747, ...}) = 0
ioctl(5, TCGETS, 0x7ffc5ece4220)        = -1 ENOTTY (Inappropriate ioctl for device)
lseek(5, 0, SEEK_CUR)                   = 0
lseek(5, 0, SEEK_CUR)                   = 0
fstat(5, {st_mode=S_IFREG|0644, st_size=19747, ...}) = 0
read(5, "\313\r\r\n\0\0\0\0\226\254\33i&G\0\0\343\0\0\0\0\0\0\0\0\0\0\0\0\3\0\0"..., 19748) = 19747
read(5, "", 1)                          = 0
close(5)                                = 0
openat(AT_FDCWD, "/dev/null", O_RDWR|O_CREAT|O_TRUNC|O_CLOEXEC, 0666) = 5
fstat(5, {st_mode=S_IFCHR|0666, st_rdev=makedev(0x1, 0x3), ...}) = 0
ioctl(5, TCGETS, 0x7ffc5ece4750)        = -1 ENOTTY (Inappropriate ioctl for device)
lseek(5, 0, SEEK_CUR)                   = 0
lseek(5, 0, SEEK_CUR)                   = 0
lseek(5, 0, SEEK_CUR)                   = 0
newfstatat(AT_FDCWD, "/home/ubuntu/.local/lib/python3.12/site-packages/pwnlib", {st_mode=S_IFDIR|0755, st_size=4096, ...}, 0) = 0
newfstatat(AT_FDCWD, "/home/ubuntu/.local/lib/python3.12/site-packages/pwnlib/protocols/__init__.cpython-312-x86_64-linux-gnu.so", 0x7ffc5ece56d0, 0) = -1 ENOENT (No such file or directory)
newfstatat(AT_FDCWD, "/home/ubuntu/.local/lib/python3.12/site-packages/pwnlib/protocols/__init__.abi3.so", 0x7ffc5ece56d0, 0) = -1 ENOENT (No such file or directory)
newfstatat(AT_FDCWD, "/home/ubuntu/.local/lib/python3.12/site-packages/pwnlib/protocols/__init__.so", 0x7ffc5ece56d0, 0) = -1 ENOENT (No such file or directory)
newfstatat(AT_FDCWD, "/home/ubuntu/.local/lib/python3.12/site-packages/pwnlib/protocols/__init__.py", {st_mode=S_IFREG|0644, st_size=0, ...}, 0) = 0
newfstatat(AT_FDCWD, "/home/ubuntu/.local/lib/python3.12/site-packages/pwnlib/protocols/__init__.py", {st_mode=S_IFREG|0644, st_size=0, ...}, 0) = 0
openat(AT_FDCWD, "/home/ubuntu/.local/lib/python3.12/site-packages/pwnlib/protocols/__pycache__/__init__.cpython-312.pyc", O_RDONLY|O_CLOEXEC) = 6
fstat(6, {st_mode=S_IFREG|0644, st_size=174, ...}) = 0
ioctl(6, TCGETS, 0x7ffc5ece5370)        = -1 ENOTTY (Inappropriate ioctl for device)
lseek(6, 0, SEEK_CUR)                   = 0
lseek(6, 0, SEEK_CUR)                   = 0
fstat(6, {st_mode=S_IFREG|0644, st_size=174, ...}) = 0
read(6, "\313\r\r\n\0\0\0\0\226\254\33i\0\0\0\0\343\0\0\0\0\0\0\0\0\0\0\0\0\0\0\0"..., 175) = 174
read(6, "", 1)                          = 0
close(6)                                = 0
newfstatat(AT_FDCWD, "/home/ubuntu/.local/lib/python3.12/site-packages/pwnlib/protocols", {st_mode=S_IFDIR|0755, st_size=4096, ...}, 0) = 0
newfstatat(AT_FDCWD, "/home/ubuntu/.local/lib/python3.12/site-packages/pwnlib/protocols", {st_mode=S_IFDIR|0755, st_size=4096, ...}, 0) = 0
newfstatat(AT_FDCWD, "/home/ubuntu/.local/lib/python3.12/site-packages/pwnlib/protocols", {st_mode=S_IFDIR|0755, st_size=4096, ...}, 0) = 0
openat(AT_FDCWD, "/home/ubuntu/.local/lib/python3.12/site-packages/pwnlib/protocols", O_RDONLY|O_NONBLOCK|O_CLOEXEC|O_DIRECTORY) = 6
fstat(6, {st_mode=S_IFDIR|0755, st_size=4096, ...}) = 0
getdents64(6, 0x1f4e3650 /* 5 entries */, 32768) = 136
getdents64(6, 0x1f4e3650 /* 0 entries */, 32768) = 0
close(6)                                = 0
newfstatat(AT_FDCWD, "/home/ubuntu/.local/lib/python3.12/site-packages/pwnlib/protocols/adb/__init__.cpython-312-x86_64-linux-gnu.so", 0x7ffc5ece5b40, 0) = -1 ENOENT (No such file or directory)
newfstatat(AT_FDCWD, "/home/ubuntu/.local/lib/python3.12/site-packages/pwnlib/protocols/adb/__init__.abi3.so", 0x7ffc5ece5b40, 0) = -1 ENOENT (No such file or directory)
newfstatat(AT_FDCWD, "/home/ubuntu/.local/lib/python3.12/site-packages/pwnlib/protocols/adb/__init__.so", 0x7ffc5ece5b40, 0) = -1 ENOENT (No such file or directory)
newfstatat(AT_FDCWD, "/home/ubuntu/.local/lib/python3.12/site-packages/pwnlib/protocols/adb/__init__.py", {st_mode=S_IFREG|0644, st_size=19620, ...}, 0) = 0
newfstatat(AT_FDCWD, "/home/ubuntu/.local/lib/python3.12/site-packages/pwnlib/protocols/adb/__init__.py", {st_mode=S_IFREG|0644, st_size=19620, ...}, 0) = 0
openat(AT_FDCWD, "/home/ubuntu/.local/lib/python3.12/site-packages/pwnlib/protocols/adb/__pycache__/__init__.cpython-312.pyc", O_RDONLY|O_CLOEXEC) = 6
fstat(6, {st_mode=S_IFREG|0644, st_size=29082, ...}) = 0
ioctl(6, TCGETS, 0x7ffc5ece57e0)        = -1 ENOTTY (Inappropriate ioctl for device)
lseek(6, 0, SEEK_CUR)                   = 0
lseek(6, 0, SEEK_CUR)                   = 0
fstat(6, {st_mode=S_IFREG|0644, st_size=29082, ...}) = 0
read(6, "\313\r\r\n\0\0\0\0\226\254\33i\244L\0\0\343\0\0\0\0\0\0\0\0\0\0\0\0\5\0\0"..., 29083) = 29082
read(6, "", 1)                          = 0
close(6)                                = 0
newfstatat(AT_FDCWD, "/home/ubuntu/.local/lib/python3.12/site-packages/pwnlib/util", {st_mode=S_IFDIR|0755, st_size=4096, ...}, 0) = 0
newfstatat(AT_FDCWD, "/home/ubuntu/.local/lib/python3.12/site-packages/pwnlib/util/proc.py", {st_mode=S_IFREG|0644, st_size=11033, ...}, 0) = 0
newfstatat(AT_FDCWD, "/home/ubuntu/.local/lib/python3.12/site-packages/pwnlib/util/proc.py", {st_mode=S_IFREG|0644, st_size=11033, ...}, 0) = 0
openat(AT_FDCWD, "/home/ubuntu/.local/lib/python3.12/site-packages/pwnlib/util/__pycache__/proc.cpython-312.pyc", O_RDONLY|O_CLOEXEC) = 6
fstat(6, {st_mode=S_IFREG|0644, st_size=16369, ...}) = 0
ioctl(6, TCGETS, 0x7ffc5ece5170)        = -1 ENOTTY (Inappropriate ioctl for device)
lseek(6, 0, SEEK_CUR)                   = 0
lseek(6, 0, SEEK_CUR)                   = 0
fstat(6, {st_mode=S_IFREG|0644, st_size=16369, ...}) = 0
read(6, "\313\r\r\n\0\0\0\0\226\254\33i\31+\0\0\343\0\0\0\0\0\0\0\0\0\0\0\0\3\0\0"..., 16370) = 16369
read(6, "", 1)                          = 0
close(6)                                = 0
newfstatat(AT_FDCWD, "/workspace/sidechannel/ropfu", {st_mode=S_IFDIR|0755, st_size=4096, ...}, 0) = 0
newfstatat(AT_FDCWD, "/usr/lib/python3.12", {st_mode=S_IFDIR|0755, st_size=4096, ...}, 0) = 0
newfstatat(AT_FDCWD, "/usr/lib/python3.12/lib-dynload", {st_mode=S_IFDIR|0755, st_size=4096, ...}, 0) = 0
newfstatat(AT_FDCWD, "/home/ubuntu/.local/lib/python3.12/site-packages", {st_mode=S_IFDIR|0755, st_size=4096, ...}, 0) = 0
newfstatat(AT_FDCWD, "/home/ubuntu/.local/lib/python3.12/site-packages/psutil/__init__.cpython-312-x86_64-linux-gnu.so", 0x7ffc5ece4e60, 0) = -1 ENOENT (No such file or directory)
newfstatat(AT_FDCWD, "/home/ubuntu/.local/lib/python3.12/site-packages/psutil/__init__.abi3.so", 0x7ffc5ece4e60, 0) = -1 ENOENT (No such file or directory)
newfstatat(AT_FDCWD, "/home/ubuntu/.local/lib/python3.12/site-packages/psutil/__init__.so", 0x7ffc5ece4e60, 0) = -1 ENOENT (No such file or directory)
newfstatat(AT_FDCWD, "/home/ubuntu/.local/lib/python3.12/site-packages/psutil/__init__.py", {st_mode=S_IFREG|0644, st_size=87789, ...}, 0) = 0
newfstatat(AT_FDCWD, "/home/ubuntu/.local/lib/python3.12/site-packages/psutil/__init__.py", {st_mode=S_IFREG|0644, st_size=87789, ...}, 0) = 0
openat(AT_FDCWD, "/home/ubuntu/.local/lib/python3.12/site-packages/psutil/__pycache__/__init__.cpython-312.pyc", O_RDONLY|O_CLOEXEC) = 6
fstat(6, {st_mode=S_IFREG|0644, st_size=89011, ...}) = 0
ioctl(6, TCGETS, 0x7ffc5ece4b00)        = -1 ENOTTY (Inappropriate ioctl for device)
lseek(6, 0, SEEK_CUR)                   = 0
lseek(6, 0, SEEK_CUR)                   = 0
fstat(6, {st_mode=S_IFREG|0644, st_size=89011, ...}) = 0
read(6, "\313\r\r\n\0\0\0\0\225\254\33i\355V\1\0\343\0\0\0\0\0\0\0\0\0\0\0\0\7\0\0"..., 89012) = 89011
read(6, "", 1)                          = 0
close(6)                                = 0
newfstatat(AT_FDCWD, "/home/ubuntu/.local/lib/python3.12/site-packages/psutil", {st_mode=S_IFDIR|0755, st_size=4096, ...}, 0) = 0
newfstatat(AT_FDCWD, "/home/ubuntu/.local/lib/python3.12/site-packages/psutil", {st_mode=S_IFDIR|0755, st_size=4096, ...}, 0) = 0
newfstatat(AT_FDCWD, "/home/ubuntu/.local/lib/python3.12/site-packages/psutil", {st_mode=S_IFDIR|0755, st_size=4096, ...}, 0) = 0
openat(AT_FDCWD, "/home/ubuntu/.local/lib/python3.12/site-packages/psutil", O_RDONLY|O_NONBLOCK|O_CLOEXEC|O_DIRECTORY) = 6
fstat(6, {st_mode=S_IFDIR|0755, st_size=4096, ...}) = 0
getdents64(6, 0x1f4e45f0 /* 14 entries */, 32768) = 456
getdents64(6, 0x1f4e45f0 /* 0 entries */, 32768) = 0
close(6)                                = 0
newfstatat(AT_FDCWD, "/home/ubuntu/.local/lib/python3.12/site-packages/psutil/_common.py", {st_mode=S_IFREG|0644, st_size=28584, ...}, 0) = 0
newfstatat(AT_FDCWD, "/home/ubuntu/.local/lib/python3.12/site-packages/psutil/_common.py", {st_mode=S_IFREG|0644, st_size=28584, ...}, 0) = 0
openat(AT_FDCWD, "/home/ubuntu/.local/lib/python3.12/site-packages/psutil/__pycache__/_common.cpython-312.pyc", O_RDONLY|O_CLOEXEC) = 6
fstat(6, {st_mode=S_IFREG|0644, st_size=33546, ...}) = 0
ioctl(6, TCGETS, 0x7ffc5ece4020)        = -1 ENOTTY (Inappropriate ioctl for device)
lseek(6, 0, SEEK_CUR)                   = 0
lseek(6, 0, SEEK_CUR)                   = 0
fstat(6, {st_mode=S_IFREG|0644, st_size=33546, ...}) = 0
read(6, "\313\r\r\n\0\0\0\0\225\254\33i\250o\0\0\343\0\0\0\0\0\0\0\0\0\0\0\0\n\0\0"..., 33547) = 33546
read(6, "", 1)                          = 0
close(6)                                = 0
newfstatat(AT_FDCWD, "/home/ubuntu/.local/lib/python3.12/site-packages/psutil", {st_mode=S_IFDIR|0755, st_size=4096, ...}, 0) = 0
newfstatat(AT_FDCWD, "/home/ubuntu/.local/lib/python3.12/site-packages/psutil/_pslinux.py", {st_mode=S_IFREG|0644, st_size=86321, ...}, 0) = 0
newfstatat(AT_FDCWD, "/home/ubuntu/.local/lib/python3.12/site-packages/psutil/_pslinux.py", {st_mode=S_IFREG|0644, st_size=86321, ...}, 0) = 0
openat(AT_FDCWD, "/home/ubuntu/.local/lib/python3.12/site-packages/psutil/__pycache__/_pslinux.cpython-312.pyc", O_RDONLY|O_CLOEXEC) = 6
fstat(6, {st_mode=S_IFREG|0644, st_size=90397, ...}) = 0
ioctl(6, TCGETS, 0x7ffc5ece4020)        = -1 ENOTTY (Inappropriate ioctl for device)
lseek(6, 0, SEEK_CUR)                   = 0
lseek(6, 0, SEEK_CUR)                   = 0
fstat(6, {st_mode=S_IFREG|0644, st_size=90397, ...}) = 0
brk(0x1f53c000)                         = 0x1f53c000
read(6, "\313\r\r\n\0\0\0\0\225\254\33i1Q\1\0\343\0\0\0\0\0\0\0\0\0\0\0\0\r\0\0"..., 90398) = 90397
read(6, "", 1)                          = 0
close(6)                                = 0
newfstatat(AT_FDCWD, "/home/ubuntu/.local/lib/python3.12/site-packages/psutil", {st_mode=S_IFDIR|0755, st_size=4096, ...}, 0) = 0
newfstatat(AT_FDCWD, "/home/ubuntu/.local/lib/python3.12/site-packages/psutil/_psposix.py", {st_mode=S_IFREG|0644, st_size=7141, ...}, 0) = 0
newfstatat(AT_FDCWD, "/home/ubuntu/.local/lib/python3.12/site-packages/psutil/_psposix.py", {st_mode=S_IFREG|0644, st_size=7141, ...}, 0) = 0
openat(AT_FDCWD, "/home/ubuntu/.local/lib/python3.12/site-packages/psutil/__pycache__/_psposix.cpython-312.pyc", O_RDONLY|O_CLOEXEC) = 6
fstat(6, {st_mode=S_IFREG|0644, st_size=5731, ...}) = 0
ioctl(6, TCGETS, 0x7ffc5ece3540)        = -1 ENOTTY (Inappropriate ioctl for device)
lseek(6, 0, SEEK_CUR)                   = 0
lseek(6, 0, SEEK_CUR)                   = 0
fstat(6, {st_mode=S_IFREG|0644, st_size=5731, ...}) = 0
read(6, "\313\r\r\n\0\0\0\0\225\254\33i\345\33\0\0\343\0\0\0\0\0\0\0\0\0\0\0\0\10\0\0"..., 5732) = 5731
read(6, "", 1)                          = 0
close(6)                                = 0
newfstatat(AT_FDCWD, "/home/ubuntu/.local/lib/python3.12/site-packages/psutil", {st_mode=S_IFDIR|0755, st_size=4096, ...}, 0) = 0
newfstatat(AT_FDCWD, "/home/ubuntu/.local/lib/python3.12/site-packages/psutil/_psutil_linux.abi3.so", {st_mode=S_IFREG|0755, st_size=146080, ...}, 0) = 0
openat(AT_FDCWD, "/home/ubuntu/.local/lib/python3.12/site-packages/psutil/_psutil_linux.abi3.so", O_RDONLY|O_CLOEXEC) = 6
read(6, "\177ELF\2\1\1\0\0\0\0\0\0\0\0\0\3\0>\0\1\0\0\0\0\0\0\0\0\0\0\0"..., 832) = 832
fstat(6, {st_mode=S_IFREG|0755, st_size=146080, ...}) = 0
mmap(NULL, 34200, PROT_READ, MAP_PRIVATE|MAP_DENYWRITE, 6, 0) = 0x7fd8f2897000
mmap(0x7fd8f289a000, 12288, PROT_READ|PROT_EXEC, MAP_PRIVATE|MAP_FIXED|MAP_DENYWRITE, 6, 0x3000) = 0x7fd8f289a000
mmap(0x7fd8f289d000, 4096, PROT_READ, MAP_PRIVATE|MAP_FIXED|MAP_DENYWRITE, 6, 0x6000) = 0x7fd8f289d000
mmap(0x7fd8f289e000, 8192, PROT_READ|PROT_WRITE, MAP_PRIVATE|MAP_FIXED|MAP_DENYWRITE, 6, 0x7000) = 0x7fd8f289e000
close(6)                                = 0
openat(AT_FDCWD, "/etc/ld.so.cache", O_RDONLY|O_CLOEXEC) = 6
fstat(6, {st_mode=S_IFREG|0644, st_size=26871, ...}) = 0
mmap(NULL, 26871, PROT_READ, MAP_PRIVATE, 6, 0) = 0x7fd8f337f000
close(6)                                = 0
openat(AT_FDCWD, "/lib/x86_64-linux-gnu/libpthread.so.0", O_RDONLY|O_CLOEXEC) = 6
read(6, "\177ELF\2\1\1\0\0\0\0\0\0\0\0\0\3\0>\0\1\0\0\0\0\0\0\0\0\0\0\0"..., 832) = 832
fstat(6, {st_mode=S_IFREG|0644, st_size=14408, ...}) = 0
mmap(NULL, 16400, PROT_READ, MAP_PRIVATE|MAP_DENYWRITE, 6, 0) = 0x7fd8f2892000
mmap(0x7fd8f2893000, 4096, PROT_READ|PROT_EXEC, MAP_PRIVATE|MAP_FIXED|MAP_DENYWRITE, 6, 0x1000) = 0x7fd8f2893000
mmap(0x7fd8f2894000, 4096, PROT_READ, MAP_PRIVATE|MAP_FIXED|MAP_DENYWRITE, 6, 0x2000) = 0x7fd8f2894000
mmap(0x7fd8f2895000, 8192, PROT_READ|PROT_WRITE, MAP_PRIVATE|MAP_FIXED|MAP_DENYWRITE, 6, 0x2000) = 0x7fd8f2895000
close(6)                                = 0
mprotect(0x7fd8f2895000, 4096, PROT_READ) = 0
mprotect(0x7fd8f289e000, 4096, PROT_READ) = 0
munmap(0x7fd8f337f000, 26871)           = 0
getpid()                                = 31533
newfstatat(AT_FDCWD, "/proc/31533/smaps", {st_mode=S_IFREG|0444, st_size=0, ...}, 0) = 0
getpid()                                = 31533
newfstatat(AT_FDCWD, "/proc/31533/smaps_rollup", {st_mode=S_IFREG|0444, st_size=0, ...}, 0) = 0
openat(AT_FDCWD, "/proc/stat", O_RDONLY|O_CLOEXEC) = 6
fstat(6, {st_mode=S_IFREG|0444, st_size=0, ...}) = 0
lseek(6, 0, SEEK_CUR)                   = 0
read(6, "cpu  32469 0 7195 1248565 7222 0"..., 32768) = 482
close(6)                                = 0
newfstatat(AT_FDCWD, "/sys/devices/system/cpu/cpufreq/policy0", 0x7ffc5ece40d0, 0) = -1 ENOENT (No such file or directory)
newfstatat(AT_FDCWD, "/sys/devices/system/cpu/cpu0/cpufreq", 0x7ffc5ece40d0, 0) = -1 ENOENT (No such file or directory)
getpid()                                = 31533
newfstatat(AT_FDCWD, "/proc/31533/io", {st_mode=S_IFREG|0400, st_size=0, ...}, 0) = 0
openat(AT_FDCWD, "/proc/stat", O_RDONLY|O_CLOEXEC) = 6
fstat(6, {st_mode=S_IFREG|0444, st_size=0, ...}) = 0
lseek(6, 0, SEEK_CUR)                   = 0
read(6, "cpu  32469 0 7195 1248566 7222 0"..., 32768) = 482
close(6)                                = 0
openat(AT_FDCWD, "/proc/stat", O_RDONLY|O_CLOEXEC) = 6
fstat(6, {st_mode=S_IFREG|0444, st_size=0, ...}) = 0
lseek(6, 0, SEEK_CUR)                   = 0
read(6, "cpu  32469 0 7195 1248566 7222 0"..., 32768) = 482
read(6, "", 32768)                      = 0
close(6)                                = 0
newfstatat(AT_FDCWD, "/home/ubuntu/.local/lib/python3.12/site-packages/pwnlib/util", {st_mode=S_IFDIR|0755, st_size=4096, ...}, 0) = 0
newfstatat(AT_FDCWD, "/home/ubuntu/.local/lib/python3.12/site-packages/pwnlib/util/net.py", {st_mode=S_IFREG|0644, st_size=9397, ...}, 0) = 0
newfstatat(AT_FDCWD, "/home/ubuntu/.local/lib/python3.12/site-packages/pwnlib/util/net.py", {st_mode=S_IFREG|0644, st_size=9397, ...}, 0) = 0
openat(AT_FDCWD, "/home/ubuntu/.local/lib/python3.12/site-packages/pwnlib/util/__pycache__/net.cpython-312.pyc", O_RDONLY|O_CLOEXEC) = 6
fstat(6, {st_mode=S_IFREG|0644, st_size=12690, ...}) = 0
ioctl(6, TCGETS, 0x7ffc5ece4b00)        = -1 ENOTTY (Inappropriate ioctl for device)
lseek(6, 0, SEEK_CUR)                   = 0
lseek(6, 0, SEEK_CUR)                   = 0
fstat(6, {st_mode=S_IFREG|0644, st_size=12690, ...}) = 0
read(6, "\313\r\r\n\0\0\0\0\226\254\33i\265$\0\0\343\0\0\0\0\0\0\0\0\0\0\0\0\10\0\0"..., 12691) = 12690
read(6, "", 1)                          = 0
close(6)                                = 0
newfstatat(AT_FDCWD, "/usr/lib/python3.12/ctypes", {st_mode=S_IFDIR|0755, st_size=4096, ...}, 0) = 0
newfstatat(AT_FDCWD, "/usr/lib/python3.12/ctypes/util.py", {st_mode=S_IFREG|0644, st_size=14584, ...}, 0) = 0
newfstatat(AT_FDCWD, "/usr/lib/python3.12/ctypes/util.py", {st_mode=S_IFREG|0644, st_size=14584, ...}, 0) = 0
openat(AT_FDCWD, "/usr/lib/python3.12/ctypes/__pycache__/util.cpython-312.pyc", O_RDONLY|O_CLOEXEC) = 6
fstat(6, {st_mode=S_IFREG|0644, st_size=16461, ...}) = 0
ioctl(6, TCGETS, 0x7ffc5ece4490)        = -1 ENOTTY (Inappropriate ioctl for device)
lseek(6, 0, SEEK_CUR)                   = 0
lseek(6, 0, SEEK_CUR)                   = 0
fstat(6, {st_mode=S_IFREG|0644, st_size=16461, ...}) = 0
read(6, "\313\r\r\n\0\0\0\0)!\236h\3708\0\0\343\0\0\0\0\0\0\0\0\0\0\0\0\3\0\0"..., 16462) = 16461
read(6, "", 1)                          = 0
close(6)                                = 0
newfstatat(AT_FDCWD, "/home/ubuntu/.local/lib/python3.12/site-packages/pwnlib/adb", {st_mode=S_IFDIR|0755, st_size=4096, ...}, 0) = 0
newfstatat(AT_FDCWD, "/home/ubuntu/.local/lib/python3.12/site-packages/pwnlib/adb/protocol.py", {st_mode=S_IFREG|0644, st_size=119, ...}, 0) = 0
newfstatat(AT_FDCWD, "/home/ubuntu/.local/lib/python3.12/site-packages/pwnlib/adb/protocol.py", {st_mode=S_IFREG|0644, st_size=119, ...}, 0) = 0
openat(AT_FDCWD, "/home/ubuntu/.local/lib/python3.12/site-packages/pwnlib/adb/__pycache__/protocol.cpython-312.pyc", O_RDONLY|O_CLOEXEC) = 6
fstat(6, {st_mode=S_IFREG|0644, st_size=314, ...}) = 0
ioctl(6, TCGETS, 0x7ffc5ece5e50)        = -1 ENOTTY (Inappropriate ioctl for device)
lseek(6, 0, SEEK_CUR)                   = 0
lseek(6, 0, SEEK_CUR)                   = 0
fstat(6, {st_mode=S_IFREG|0644, st_size=314, ...}) = 0
read(6, "\313\r\r\n\0\0\0\0\226\254\33iw\0\0\0\343\0\0\0\0\0\0\0\0\0\0\0\0\2\0\0"..., 315) = 314
read(6, "", 1)                          = 0
close(6)                                = 0
newfstatat(AT_FDCWD, "/home/ubuntu/.local/lib/python3.12/site-packages/pwnlib/adb", {st_mode=S_IFDIR|0755, st_size=4096, ...}, 0) = 0
newfstatat(AT_FDCWD, "/home/ubuntu/.local/lib/python3.12/site-packages/pwnlib/adb/bootimg.py", {st_mode=S_IFREG|0644, st_size=1344, ...}, 0) = 0
newfstatat(AT_FDCWD, "/home/ubuntu/.local/lib/python3.12/site-packages/pwnlib/adb/bootimg.py", {st_mode=S_IFREG|0644, st_size=1344, ...}, 0) = 0
openat(AT_FDCWD, "/home/ubuntu/.local/lib/python3.12/site-packages/pwnlib/adb/__pycache__/bootimg.cpython-312.pyc", O_RDONLY|O_CLOEXEC) = 6
fstat(6, {st_mode=S_IFREG|0644, st_size=2344, ...}) = 0
ioctl(6, TCGETS, 0x7ffc5ece5e50)        = -1 ENOTTY (Inappropriate ioctl for device)
lseek(6, 0, SEEK_CUR)                   = 0
lseek(6, 0, SEEK_CUR)                   = 0
fstat(6, {st_mode=S_IFREG|0644, st_size=2344, ...}) = 0
read(6, "\313\r\r\n\0\0\0\0\226\254\33i@\5\0\0\343\0\0\0\0\0\0\0\0\0\0\0\0\5\0\0"..., 2345) = 2344
read(6, "", 1)                          = 0
close(6)                                = 0
newfstatat(AT_FDCWD, "/home/ubuntu/.local/lib/python3.12/site-packages/pwnlib/adb", {st_mode=S_IFDIR|0755, st_size=4096, ...}, 0) = 0
newfstatat(AT_FDCWD, "/home/ubuntu/.local/lib/python3.12/site-packages/pwnlib/adb/bootloader.py", {st_mode=S_IFREG|0644, st_size=3852, ...}, 0) = 0
newfstatat(AT_FDCWD, "/home/ubuntu/.local/lib/python3.12/site-packages/pwnlib/adb/bootloader.py", {st_mode=S_IFREG|0644, st_size=3852, ...}, 0) = 0
openat(AT_FDCWD, "/home/ubuntu/.local/lib/python3.12/site-packages/pwnlib/adb/__pycache__/bootloader.cpython-312.pyc", O_RDONLY|O_CLOEXEC) = 6
fstat(6, {st_mode=S_IFREG|0644, st_size=6612, ...}) = 0
ioctl(6, TCGETS, 0x7ffc5ece5e50)        = -1 ENOTTY (Inappropriate ioctl for device)
lseek(6, 0, SEEK_CUR)                   = 0
lseek(6, 0, SEEK_CUR)                   = 0
fstat(6, {st_mode=S_IFREG|0644, st_size=6612, ...}) = 0
read(6, "\313\r\r\n\0\0\0\0\226\254\33i\f\17\0\0\343\0\0\0\0\0\0\0\0\0\0\0\0\6\0\0"..., 6613) = 6612
read(6, "", 1)                          = 0
close(6)                                = 0
newfstatat(AT_FDCWD, "/home/ubuntu/.local/lib/python3.12/site-packages/pwnlib", {st_mode=S_IFDIR|0755, st_size=4096, ...}, 0) = 0
newfstatat(AT_FDCWD, "/home/ubuntu/.local/lib/python3.12/site-packages/pwnlib/asm.py", {st_mode=S_IFREG|0644, st_size=32295, ...}, 0) = 0
newfstatat(AT_FDCWD, "/home/ubuntu/.local/lib/python3.12/site-packages/pwnlib/asm.py", {st_mode=S_IFREG|0644, st_size=32295, ...}, 0) = 0
openat(AT_FDCWD, "/home/ubuntu/.local/lib/python3.12/site-packages/pwnlib/__pycache__/asm.cpython-312.pyc", O_RDONLY|O_CLOEXEC) = 6
fstat(6, {st_mode=S_IFREG|0644, st_size=38388, ...}) = 0
ioctl(6, TCGETS, 0x7ffc5ece64c0)        = -1 ENOTTY (Inappropriate ioctl for device)
lseek(6, 0, SEEK_CUR)                   = 0
lseek(6, 0, SEEK_CUR)                   = 0
fstat(6, {st_mode=S_IFREG|0644, st_size=38388, ...}) = 0
read(6, "\313\r\r\n\0\0\0\0\226\254\33i'~\0\0\343\0\0\0\0\0\0\0\0\0\0\0\0\5\0\0"..., 38389) = 38388
read(6, "", 1)                          = 0
close(6)                                = 0
newfstatat(AT_FDCWD, "/home/ubuntu/.local/lib/python3.12/site-packages/pwnlib", {st_mode=S_IFDIR|0755, st_size=4096, ...}, 0) = 0
newfstatat(AT_FDCWD, "/home/ubuntu/.local/lib/python3.12/site-packages/pwnlib/shellcraft/__init__.cpython-312-x86_64-linux-gnu.so", 0x7ffc5ece5d40, 0) = -1 ENOENT (No such file or directory)
newfstatat(AT_FDCWD, "/home/ubuntu/.local/lib/python3.12/site-packages/pwnlib/shellcraft/__init__.abi3.so", 0x7ffc5ece5d40, 0) = -1 ENOENT (No such file or directory)
newfstatat(AT_FDCWD, "/home/ubuntu/.local/lib/python3.12/site-packages/pwnlib/shellcraft/__init__.so", 0x7ffc5ece5d40, 0) = -1 ENOENT (No such file or directory)
newfstatat(AT_FDCWD, "/home/ubuntu/.local/lib/python3.12/site-packages/pwnlib/shellcraft/__init__.py", {st_mode=S_IFREG|0644, st_size=6137, ...}, 0) = 0
newfstatat(AT_FDCWD, "/home/ubuntu/.local/lib/python3.12/site-packages/pwnlib/shellcraft/__init__.py", {st_mode=S_IFREG|0644, st_size=6137, ...}, 0) = 0
openat(AT_FDCWD, "/home/ubuntu/.local/lib/python3.12/site-packages/pwnlib/shellcraft/__pycache__/__init__.cpython-312.pyc", O_RDONLY|O_CLOEXEC) = 6
fstat(6, {st_mode=S_IFREG|0644, st_size=10331, ...}) = 0
ioctl(6, TCGETS, 0x7ffc5ece59e0)        = -1 ENOTTY (Inappropriate ioctl for device)
lseek(6, 0, SEEK_CUR)                   = 0
lseek(6, 0, SEEK_CUR)                   = 0
fstat(6, {st_mode=S_IFREG|0644, st_size=10331, ...}) = 0
read(6, "\313\r\r\n\0\0\0\0\226\254\33i\371\27\0\0\343\0\0\0\0\0\0\0\0\0\0\0\0\5\0\0"..., 10332) = 10331
read(6, "", 1)                          = 0
close(6)                                = 0
newfstatat(AT_FDCWD, "/home/ubuntu/.local/lib/python3.12/site-packages/pwnlib", {st_mode=S_IFDIR|0755, st_size=4096, ...}, 0) = 0
newfstatat(AT_FDCWD, "/home/ubuntu/.local/lib/python3.12/site-packages/pwnlib/constants/__init__.cpython-312-x86_64-linux-gnu.so", 0x7ffc5ece5260, 0) = -1 ENOENT (No such file or directory)
newfstatat(AT_FDCWD, "/home/ubuntu/.local/lib/python3.12/site-packages/pwnlib/constants/__init__.abi3.so", 0x7ffc5ece5260, 0) = -1 ENOENT (No such file or directory)
newfstatat(AT_FDCWD, "/home/ubuntu/.local/lib/python3.12/site-packages/pwnlib/constants/__init__.so", 0x7ffc5ece5260, 0) = -1 ENOENT (No such file or directory)
newfstatat(AT_FDCWD, "/home/ubuntu/.local/lib/python3.12/site-packages/pwnlib/constants/__init__.py", {st_mode=S_IFREG|0644, st_size=5117, ...}, 0) = 0
newfstatat(AT_FDCWD, "/home/ubuntu/.local/lib/python3.12/site-packages/pwnlib/constants/__init__.py", {st_mode=S_IFREG|0644, st_size=5117, ...}, 0) = 0
openat(AT_FDCWD, "/home/ubuntu/.local/lib/python3.12/site-packages/pwnlib/constants/__pycache__/__init__.cpython-312.pyc", O_RDONLY|O_CLOEXEC) = 6
fstat(6, {st_mode=S_IFREG|0644, st_size=6547, ...}) = 0
ioctl(6, TCGETS, 0x7ffc5ece4f00)        = -1 ENOTTY (Inappropriate ioctl for device)
lseek(6, 0, SEEK_CUR)                   = 0
lseek(6, 0, SEEK_CUR)                   = 0
fstat(6, {st_mode=S_IFREG|0644, st_size=6547, ...}) = 0
read(6, "\313\r\r\n\0\0\0\0\226\254\33i\375\23\0\0\343\0\0\0\0\0\0\0\0\0\0\0\0\5\0\0"..., 6548) = 6547
read(6, "", 1)                          = 0
close(6)                                = 0
newfstatat(AT_FDCWD, "/home/ubuntu/.local/lib/python3.12/site-packages/pwnlib/constants", {st_mode=S_IFDIR|0755, st_size=4096, ...}, 0) = 0
newfstatat(AT_FDCWD, "/home/ubuntu/.local/lib/python3.12/site-packages/pwnlib/constants", {st_mode=S_IFDIR|0755, st_size=4096, ...}, 0) = 0
newfstatat(AT_FDCWD, "/home/ubuntu/.local/lib/python3.12/site-packages/pwnlib/constants", {st_mode=S_IFDIR|0755, st_size=4096, ...}, 0) = 0
openat(AT_FDCWD, "/home/ubuntu/.local/lib/python3.12/site-packages/pwnlib/constants", O_RDONLY|O_NONBLOCK|O_CLOEXEC|O_DIRECTORY) = 6
fstat(6, {st_mode=S_IFDIR|0755, st_size=4096, ...}) = 0
getdents64(6, 0x1f526610 /* 10 entries */, 32768) = 296
getdents64(6, 0x1f526610 /* 0 entries */, 32768) = 0
close(6)                                = 0
newfstatat(AT_FDCWD, "/home/ubuntu/.local/lib/python3.12/site-packages/pwnlib/constants/constant.py", {st_mode=S_IFREG|0644, st_size=340, ...}, 0) = 0
newfstatat(AT_FDCWD, "/home/ubuntu/.local/lib/python3.12/site-packages/pwnlib/constants/constant.py", {st_mode=S_IFREG|0644, st_size=340, ...}, 0) = 0
openat(AT_FDCWD, "/home/ubuntu/.local/lib/python3.12/site-packages/pwnlib/constants/__pycache__/constant.cpython-312.pyc", O_RDONLY|O_CLOEXEC) = 6
fstat(6, {st_mode=S_IFREG|0644, st_size=1095, ...}) = 0
ioctl(6, TCGETS, 0x7ffc5ece4890)        = -1 ENOTTY (Inappropriate ioctl for device)
lseek(6, 0, SEEK_CUR)                   = 0
lseek(6, 0, SEEK_CUR)                   = 0
fstat(6, {st_mode=S_IFREG|0644, st_size=1095, ...}) = 0
read(6, "\313\r\r\n\0\0\0\0\226\254\33iT\1\0\0\343\0\0\0\0\0\0\0\0\0\0\0\0\5\0\0"..., 1096) = 1095
read(6, "", 1)                          = 0
close(6)                                = 0
newfstatat(AT_FDCWD, "/home/ubuntu/.local/lib/python3.12/site-packages/pwnlib/shellcraft", {st_mode=S_IFDIR|0755, st_size=4096, ...}, 0) = 0
newfstatat(AT_FDCWD, "/home/ubuntu/.local/lib/python3.12/site-packages/pwnlib/shellcraft", {st_mode=S_IFDIR|0755, st_size=4096, ...}, 0) = 0
newfstatat(AT_FDCWD, "/home/ubuntu/.local/lib/python3.12/site-packages/pwnlib/shellcraft", {st_mode=S_IFDIR|0755, st_size=4096, ...}, 0) = 0
openat(AT_FDCWD, "/home/ubuntu/.local/lib/python3.12/site-packages/pwnlib/shellcraft", O_RDONLY|O_NONBLOCK|O_CLOEXEC|O_DIRECTORY) = 6
fstat(6, {st_mode=S_IFDIR|0755, st_size=4096, ...}) = 0
getdents64(6, 0x1f527010 /* 7 entries */, 32768) = 208
getdents64(6, 0x1f527010 /* 0 entries */, 32768) = 0
close(6)                                = 0
newfstatat(AT_FDCWD, "/home/ubuntu/.local/lib/python3.12/site-packages/pwnlib/shellcraft/internal.py", {st_mode=S_IFREG|0644, st_size=4718, ...}, 0) = 0
newfstatat(AT_FDCWD, "/home/ubuntu/.local/lib/python3.12/site-packages/pwnlib/shellcraft/internal.py", {st_mode=S_IFREG|0644, st_size=4718, ...}, 0) = 0
openat(AT_FDCWD, "/home/ubuntu/.local/lib/python3.12/site-packages/pwnlib/shellcraft/__pycache__/internal.cpython-312.pyc", O_RDONLY|O_CLOEXEC) = 6
fstat(6, {st_mode=S_IFREG|0644, st_size=9105, ...}) = 0
ioctl(6, TCGETS, 0x7ffc5ece4f00)        = -1 ENOTTY (Inappropriate ioctl for device)
lseek(6, 0, SEEK_CUR)                   = 0
lseek(6, 0, SEEK_CUR)                   = 0
fstat(6, {st_mode=S_IFREG|0644, st_size=9105, ...}) = 0
read(6, "\313\r\r\n\0\0\0\0\226\254\33in\22\0\0\343\0\0\0\0\0\0\0\0\0\0\0\0\2\0\0"..., 9106) = 9105
read(6, "", 1)                          = 0
close(6)                                = 0
newfstatat(AT_FDCWD, "/home/ubuntu/.local/lib/python3.12/site-packages/pwnlib/shellcraft", {st_mode=S_IFDIR|0755, st_size=4096, ...}, 0) = 0
newfstatat(AT_FDCWD, "/home/ubuntu/.local/lib/python3.12/site-packages/pwnlib/shellcraft/registers.py", {st_mode=S_IFREG|0644, st_size=7026, ...}, 0) = 0
newfstatat(AT_FDCWD, "/home/ubuntu/.local/lib/python3.12/site-packages/pwnlib/shellcraft/registers.py", {st_mode=S_IFREG|0644, st_size=7026, ...}, 0) = 0
openat(AT_FDCWD, "/home/ubuntu/.local/lib/python3.12/site-packages/pwnlib/shellcraft/__pycache__/registers.cpython-312.pyc", O_RDONLY|O_CLOEXEC) = 6
fstat(6, {st_mode=S_IFREG|0644, st_size=9990, ...}) = 0
ioctl(6, TCGETS, 0x7ffc5ece4c80)        = -1 ENOTTY (Inappropriate ioctl for device)
lseek(6, 0, SEEK_CUR)                   = 0
lseek(6, 0, SEEK_CUR)                   = 0
fstat(6, {st_mode=S_IFREG|0644, st_size=9990, ...}) = 0
read(6, "\313\r\r\n\0\0\0\0\226\254\33ir\33\0\0\343\0\0\0\0\0\0\0\0\0\0\0\0\21\0\0"..., 9991) = 9990
read(6, "", 1)                          = 0
close(6)                                = 0
openat(AT_FDCWD, "/home/ubuntu/.local/lib/python3.12/site-packages/pwnlib/shellcraft/templates/__doc__", O_RDONLY|O_CLOEXEC) = 6
fstat(6, {st_mode=S_IFREG|0644, st_size=149, ...}) = 0
ioctl(6, TCGETS, 0x7ffc5ece5580)        = -1 ENOTTY (Inappropriate ioctl for device)
lseek(6, 0, SEEK_CUR)                   = 0
lseek(6, 0, SEEK_CUR)                   = 0
fstat(6, {st_mode=S_IFREG|0644, st_size=149, ...}) = 0
read(6, "The shellcode module.\n\nThis modu"..., 150) = 149
read(6, "", 1)                          = 0
close(6)                                = 0
newfstatat(AT_FDCWD, "/home/ubuntu/.local/lib/python3.12/site-packages/pwnlib", {st_mode=S_IFDIR|0755, st_size=4096, ...}, 0) = 0
newfstatat(AT_FDCWD, "/home/ubuntu/.local/lib/python3.12/site-packages/pwnlib/atexception.py", {st_mode=S_IFREG|0644, st_size=2959, ...}, 0) = 0
newfstatat(AT_FDCWD, "/home/ubuntu/.local/lib/python3.12/site-packages/pwnlib/atexception.py", {st_mode=S_IFREG|0644, st_size=2959, ...}, 0) = 0
openat(AT_FDCWD, "/home/ubuntu/.local/lib/python3.12/site-packages/pwnlib/__pycache__/atexception.cpython-312.pyc", O_RDONLY|O_CLOEXEC) = 6
fstat(6, {st_mode=S_IFREG|0644, st_size=3921, ...}) = 0
ioctl(6, TCGETS, 0x7ffc5ece64c0)        = -1 ENOTTY (Inappropriate ioctl for device)
lseek(6, 0, SEEK_CUR)                   = 0
lseek(6, 0, SEEK_CUR)                   = 0
fstat(6, {st_mode=S_IFREG|0644, st_size=3921, ...}) = 0
read(6, "\313\r\r\n\0\0\0\0\226\254\33i\217\v\0\0\343\0\0\0\0\0\0\0\0\0\0\0\0\5\0\0"..., 3922) = 3921
read(6, "", 1)                          = 0
close(6)                                = 0
newfstatat(AT_FDCWD, "/home/ubuntu/.local/lib/python3.12/site-packages/pwnlib", {st_mode=S_IFDIR|0755, st_size=4096, ...}, 0) = 0
newfstatat(AT_FDCWD, "/home/ubuntu/.local/lib/python3.12/site-packages/pwnlib/data/__init__.cpython-312-x86_64-linux-gnu.so", 0x7ffc5ece6820, 0) = -1 ENOENT (No such file or directory)
newfstatat(AT_FDCWD, "/home/ubuntu/.local/lib/python3.12/site-packages/pwnlib/data/__init__.abi3.so", 0x7ffc5ece6820, 0) = -1 ENOENT (No such file or directory)
newfstatat(AT_FDCWD, "/home/ubuntu/.local/lib/python3.12/site-packages/pwnlib/data/__init__.so", 0x7ffc5ece6820, 0) = -1 ENOENT (No such file or directory)
newfstatat(AT_FDCWD, "/home/ubuntu/.local/lib/python3.12/site-packages/pwnlib/data/__init__.py", {st_mode=S_IFREG|0644, st_size=259, ...}, 0) = 0
newfstatat(AT_FDCWD, "/home/ubuntu/.local/lib/python3.12/site-packages/pwnlib/data/__init__.py", {st_mode=S_IFREG|0644, st_size=259, ...}, 0) = 0
openat(AT_FDCWD, "/home/ubuntu/.local/lib/python3.12/site-packages/pwnlib/data/__pycache__/__init__.cpython-312.pyc", O_RDONLY|O_CLOEXEC) = 6
fstat(6, {st_mode=S_IFREG|0644, st_size=452, ...}) = 0
ioctl(6, TCGETS, 0x7ffc5ece64c0)        = -1 ENOTTY (Inappropriate ioctl for device)
lseek(6, 0, SEEK_CUR)                   = 0
lseek(6, 0, SEEK_CUR)                   = 0
fstat(6, {st_mode=S_IFREG|0644, st_size=452, ...}) = 0
read(6, "\313\r\r\n\0\0\0\0\226\254\33i\3\1\0\0\343\0\0\0\0\0\0\0\0\0\0\0\0\4\0\0"..., 453) = 452
read(6, "", 1)                          = 0
close(6)                                = 0
newfstatat(AT_FDCWD, "/home/ubuntu/.local/lib/python3.12/site-packages/pwnlib/data", {st_mode=S_IFDIR|0755, st_size=4096, ...}, 0) = 0
newfstatat(AT_FDCWD, "/home/ubuntu/.local/lib/python3.12/site-packages/pwnlib/data", {st_mode=S_IFDIR|0755, st_size=4096, ...}, 0) = 0
newfstatat(AT_FDCWD, "/home/ubuntu/.local/lib/python3.12/site-packages/pwnlib/data", {st_mode=S_IFDIR|0755, st_size=4096, ...}, 0) = 0
openat(AT_FDCWD, "/home/ubuntu/.local/lib/python3.12/site-packages/pwnlib/data", O_RDONLY|O_NONBLOCK|O_CLOEXEC|O_DIRECTORY) = 6
fstat(6, {st_mode=S_IFDIR|0755, st_size=4096, ...}) = 0
brk(0x1f55e000)                         = 0x1f55e000
getdents64(6, 0x1f5356c0 /* 9 entries */, 32768) = 264
getdents64(6, 0x1f5356c0 /* 0 entries */, 32768) = 0
close(6)                                = 0
newfstatat(AT_FDCWD, "/home/ubuntu/.local/lib/python3.12/site-packages/pwnlib/data/elf/__init__.cpython-312-x86_64-linux-gnu.so", 0x7ffc5ece5d40, 0) = -1 ENOENT (No such file or directory)
newfstatat(AT_FDCWD, "/home/ubuntu/.local/lib/python3.12/site-packages/pwnlib/data/elf/__init__.abi3.so", 0x7ffc5ece5d40, 0) = -1 ENOENT (No such file or directory)
newfstatat(AT_FDCWD, "/home/ubuntu/.local/lib/python3.12/site-packages/pwnlib/data/elf/__init__.so", 0x7ffc5ece5d40, 0) = -1 ENOENT (No such file or directory)
newfstatat(AT_FDCWD, "/home/ubuntu/.local/lib/python3.12/site-packages/pwnlib/data/elf/__init__.py", {st_mode=S_IFREG|0644, st_size=240, ...}, 0) = 0
newfstatat(AT_FDCWD, "/home/ubuntu/.local/lib/python3.12/site-packages/pwnlib/data/elf/__init__.py", {st_mode=S_IFREG|0644, st_size=240, ...}, 0) = 0
openat(AT_FDCWD, "/home/ubuntu/.local/lib/python3.12/site-packages/pwnlib/data/elf/__pycache__/__init__.cpython-312.pyc", O_RDONLY|O_CLOEXEC) = 6
fstat(6, {st_mode=S_IFREG|0644, st_size=651, ...}) = 0
ioctl(6, TCGETS, 0x7ffc5ece59e0)        = -1 ENOTTY (Inappropriate ioctl for device)
lseek(6, 0, SEEK_CUR)                   = 0
lseek(6, 0, SEEK_CUR)                   = 0
fstat(6, {st_mode=S_IFREG|0644, st_size=651, ...}) = 0
read(6, "\313\r\r\n\0\0\0\0\226\254\33i\360\0\0\0\343\0\0\0\0\0\0\0\0\0\0\0\0\3\0\0"..., 652) = 651
read(6, "", 1)                          = 0
close(6)                                = 0
newfstatat(AT_FDCWD, "/home/ubuntu/.local/lib/python3.12/site-packages/pwnlib/data/elf", {st_mode=S_IFDIR|0755, st_size=4096, ...}, 0) = 0
newfstatat(AT_FDCWD, "/home/ubuntu/.local/lib/python3.12/site-packages/pwnlib/data/elf", {st_mode=S_IFDIR|0755, st_size=4096, ...}, 0) = 0
newfstatat(AT_FDCWD, "/home/ubuntu/.local/lib/python3.12/site-packages/pwnlib/data/elf", {st_mode=S_IFDIR|0755, st_size=4096, ...}, 0) = 0
openat(AT_FDCWD, "/home/ubuntu/.local/lib/python3.12/site-packages/pwnlib/data/elf", O_RDONLY|O_NONBLOCK|O_CLOEXEC|O_DIRECTORY) = 6
fstat(6, {st_mode=S_IFDIR|0755, st_size=4096, ...}) = 0
getdents64(6, 0x1f5356c0 /* 7 entries */, 32768) = 216
getdents64(6, 0x1f5356c0 /* 0 entries */, 32768) = 0
close(6)                                = 0
newfstatat(AT_FDCWD, "/home/ubuntu/.local/lib/python3.12/site-packages/pwnlib/data/elf/fmtstr/__init__.cpython-312-x86_64-linux-gnu.so", 0x7ffc5ece5260, 0) = -1 ENOENT (No such file or directory)
newfstatat(AT_FDCWD, "/home/ubuntu/.local/lib/python3.12/site-packages/pwnlib/data/elf/fmtstr/__init__.abi3.so", 0x7ffc5ece5260, 0) = -1 ENOENT (No such file or directory)
newfstatat(AT_FDCWD, "/home/ubuntu/.local/lib/python3.12/site-packages/pwnlib/data/elf/fmtstr/__init__.so", 0x7ffc5ece5260, 0) = -1 ENOENT (No such file or directory)
newfstatat(AT_FDCWD, "/home/ubuntu/.local/lib/python3.12/site-packages/pwnlib/data/elf/fmtstr/__init__.py", {st_mode=S_IFREG|0644, st_size=89, ...}, 0) = 0
newfstatat(AT_FDCWD, "/home/ubuntu/.local/lib/python3.12/site-packages/pwnlib/data/elf/fmtstr/__init__.py", {st_mode=S_IFREG|0644, st_size=89, ...}, 0) = 0
openat(AT_FDCWD, "/home/ubuntu/.local/lib/python3.12/site-packages/pwnlib/data/elf/fmtstr/__pycache__/__init__.cpython-312.pyc", O_RDONLY|O_CLOEXEC) = 6
fstat(6, {st_mode=S_IFREG|0644, st_size=494, ...}) = 0
ioctl(6, TCGETS, 0x7ffc5ece4f00)        = -1 ENOTTY (Inappropriate ioctl for device)
lseek(6, 0, SEEK_CUR)                   = 0
lseek(6, 0, SEEK_CUR)                   = 0
fstat(6, {st_mode=S_IFREG|0644, st_size=494, ...}) = 0
read(6, "\313\r\r\n\0\0\0\0\226\254\33iY\0\0\0\343\0\0\0\0\0\0\0\0\0\0\0\0\3\0\0"..., 495) = 494
read(6, "", 1)                          = 0
close(6)                                = 0
newfstatat(AT_FDCWD, "/home/ubuntu/.local/lib/python3.12/site-packages/pwnlib/data/elf", {st_mode=S_IFDIR|0755, st_size=4096, ...}, 0) = 0
newfstatat(AT_FDCWD, "/home/ubuntu/.local/lib/python3.12/site-packages/pwnlib/data/elf/relro/__init__.cpython-312-x86_64-linux-gnu.so", 0x7ffc5ece5260, 0) = -1 ENOENT (No such file or directory)
newfstatat(AT_FDCWD, "/home/ubuntu/.local/lib/python3.12/site-packages/pwnlib/data/elf/relro/__init__.abi3.so", 0x7ffc5ece5260, 0) = -1 ENOENT (No such file or directory)
newfstatat(AT_FDCWD, "/home/ubuntu/.local/lib/python3.12/site-packages/pwnlib/data/elf/relro/__init__.so", 0x7ffc5ece5260, 0) = -1 ENOENT (No such file or directory)
newfstatat(AT_FDCWD, "/home/ubuntu/.local/lib/python3.12/site-packages/pwnlib/data/elf/relro/__init__.py", {st_mode=S_IFREG|0644, st_size=89, ...}, 0) = 0
newfstatat(AT_FDCWD, "/home/ubuntu/.local/lib/python3.12/site-packages/pwnlib/data/elf/relro/__init__.py", {st_mode=S_IFREG|0644, st_size=89, ...}, 0) = 0
openat(AT_FDCWD, "/home/ubuntu/.local/lib/python3.12/site-packages/pwnlib/data/elf/relro/__pycache__/__init__.cpython-312.pyc", O_RDONLY|O_CLOEXEC) = 6
fstat(6, {st_mode=S_IFREG|0644, st_size=493, ...}) = 0
ioctl(6, TCGETS, 0x7ffc5ece4f00)        = -1 ENOTTY (Inappropriate ioctl for device)
lseek(6, 0, SEEK_CUR)                   = 0
lseek(6, 0, SEEK_CUR)                   = 0
fstat(6, {st_mode=S_IFREG|0644, st_size=493, ...}) = 0
read(6, "\313\r\r\n\0\0\0\0\226\254\33iY\0\0\0\343\0\0\0\0\0\0\0\0\0\0\0\0\3\0\0"..., 494) = 493
read(6, "", 1)                          = 0
close(6)                                = 0
newfstatat(AT_FDCWD, "/home/ubuntu/.local/lib/python3.12/site-packages/pwnlib/data/elf", {st_mode=S_IFDIR|0755, st_size=4096, ...}, 0) = 0
newfstatat(AT_FDCWD, "/home/ubuntu/.local/lib/python3.12/site-packages/pwnlib/data/elf/ret2dlresolve/__init__.cpython-312-x86_64-linux-gnu.so", 0x7ffc5ece5260, 0) = -1 ENOENT (No such file or directory)
newfstatat(AT_FDCWD, "/home/ubuntu/.local/lib/python3.12/site-packages/pwnlib/data/elf/ret2dlresolve/__init__.abi3.so", 0x7ffc5ece5260, 0) = -1 ENOENT (No such file or directory)
newfstatat(AT_FDCWD, "/home/ubuntu/.local/lib/python3.12/site-packages/pwnlib/data/elf/ret2dlresolve/__init__.so", 0x7ffc5ece5260, 0) = -1 ENOENT (No such file or directory)
newfstatat(AT_FDCWD, "/home/ubuntu/.local/lib/python3.12/site-packages/pwnlib/data/elf/ret2dlresolve/__init__.py", {st_mode=S_IFREG|0644, st_size=89, ...}, 0) = 0
newfstatat(AT_FDCWD, "/home/ubuntu/.local/lib/python3.12/site-packages/pwnlib/data/elf/ret2dlresolve/__init__.py", {st_mode=S_IFREG|0644, st_size=89, ...}, 0) = 0
openat(AT_FDCWD, "/home/ubuntu/.local/lib/python3.12/site-packages/pwnlib/data/elf/ret2dlresolve/__pycache__/__init__.cpython-312.pyc", O_RDONLY|O_CLOEXEC) = 6
fstat(6, {st_mode=S_IFREG|0644, st_size=501, ...}) = 0
ioctl(6, TCGETS, 0x7ffc5ece4f00)        = -1 ENOTTY (Inappropriate ioctl for device)
lseek(6, 0, SEEK_CUR)                   = 0
lseek(6, 0, SEEK_CUR)                   = 0
fstat(6, {st_mode=S_IFREG|0644, st_size=501, ...}) = 0
read(6, "\313\r\r\n\0\0\0\0\226\254\33iY\0\0\0\343\0\0\0\0\0\0\0\0\0\0\0\0\3\0\0"..., 502) = 501
read(6, "", 1)                          = 0
close(6)                                = 0
newfstatat(AT_FDCWD, "/home/ubuntu/.local/lib/python3.12/site-packages/pwnlib", {st_mode=S_IFDIR|0755, st_size=4096, ...}, 0) = 0
newfstatat(AT_FDCWD, "/home/ubuntu/.local/lib/python3.12/site-packages/pwnlib/dynelf.py", {st_mode=S_IFREG|0644, st_size=36483, ...}, 0) = 0
newfstatat(AT_FDCWD, "/home/ubuntu/.local/lib/python3.12/site-packages/pwnlib/dynelf.py", {st_mode=S_IFREG|0644, st_size=36483, ...}, 0) = 0
openat(AT_FDCWD, "/home/ubuntu/.local/lib/python3.12/site-packages/pwnlib/__pycache__/dynelf.cpython-312.pyc", O_RDONLY|O_CLOEXEC) = 6
fstat(6, {st_mode=S_IFREG|0644, st_size=43121, ...}) = 0
ioctl(6, TCGETS, 0x7ffc5ece64c0)        = -1 ENOTTY (Inappropriate ioctl for device)
lseek(6, 0, SEEK_CUR)                   = 0
lseek(6, 0, SEEK_CUR)                   = 0
fstat(6, {st_mode=S_IFREG|0644, st_size=43121, ...}) = 0
read(6, "\313\r\r\n\0\0\0\0\226\254\33i\203\216\0\0\343\0\0\0\0\0\0\0\0\0\0\0\0\5\0\0"..., 43122) = 43121
read(6, "", 1)                          = 0
close(6)                                = 0
mmap(NULL, 1048576, PROT_READ|PROT_WRITE, MAP_PRIVATE|MAP_ANONYMOUS, -1, 0) = 0x7fd8f2792000
newfstatat(AT_FDCWD, "/workspace/sidechannel/ropfu", {st_mode=S_IFDIR|0755, st_size=4096, ...}, 0) = 0
newfstatat(AT_FDCWD, "/usr/lib/python3.12", {st_mode=S_IFDIR|0755, st_size=4096, ...}, 0) = 0
newfstatat(AT_FDCWD, "/usr/lib/python3.12/lib-dynload", {st_mode=S_IFDIR|0755, st_size=4096, ...}, 0) = 0
newfstatat(AT_FDCWD, "/home/ubuntu/.local/lib/python3.12/site-packages", {st_mode=S_IFDIR|0755, st_size=4096, ...}, 0) = 0
newfstatat(AT_FDCWD, "/home/ubuntu/.local/lib/python3.12/site-packages/elftools/__init__.cpython-312-x86_64-linux-gnu.so", 0x7ffc5ece58d0, 0) = -1 ENOENT (No such file or directory)
newfstatat(AT_FDCWD, "/home/ubuntu/.local/lib/python3.12/site-packages/elftools/__init__.abi3.so", 0x7ffc5ece58d0, 0) = -1 ENOENT (No such file or directory)
newfstatat(AT_FDCWD, "/home/ubuntu/.local/lib/python3.12/site-packages/elftools/__init__.so", 0x7ffc5ece58d0, 0) = -1 ENOENT (No such file or directory)
newfstatat(AT_FDCWD, "/home/ubuntu/.local/lib/python3.12/site-packages/elftools/__init__.py", {st_mode=S_IFREG|0644, st_size=267, ...}, 0) = 0
newfstatat(AT_FDCWD, "/home/ubuntu/.local/lib/python3.12/site-packages/elftools/__init__.py", {st_mode=S_IFREG|0644, st_size=267, ...}, 0) = 0
openat(AT_FDCWD, "/home/ubuntu/.local/lib/python3.12/site-packages/elftools/__pycache__/__init__.cpython-312.pyc", O_RDONLY|O_CLOEXEC) = 6
fstat(6, {st_mode=S_IFREG|0644, st_size=193, ...}) = 0
ioctl(6, TCGETS, 0x7ffc5ece5570)        = -1 ENOTTY (Inappropriate ioctl for device)
lseek(6, 0, SEEK_CUR)                   = 0
lseek(6, 0, SEEK_CUR)                   = 0
fstat(6, {st_mode=S_IFREG|0644, st_size=193, ...}) = 0
read(6, "\313\r\r\n\0\0\0\0\224\254\33i\v\1\0\0\343\0\0\0\0\0\0\0\0\0\0\0\0\1\0\0"..., 194) = 193
read(6, "", 1)                          = 0
close(6)                                = 0
newfstatat(AT_FDCWD, "/home/ubuntu/.local/lib/python3.12/site-packages/elftools", {st_mode=S_IFDIR|0755, st_size=4096, ...}, 0) = 0
newfstatat(AT_FDCWD, "/home/ubuntu/.local/lib/python3.12/site-packages/elftools", {st_mode=S_IFDIR|0755, st_size=4096, ...}, 0) = 0
newfstatat(AT_FDCWD, "/home/ubuntu/.local/lib/python3.12/site-packages/elftools", {st_mode=S_IFDIR|0755, st_size=4096, ...}, 0) = 0
openat(AT_FDCWD, "/home/ubuntu/.local/lib/python3.12/site-packages/elftools", O_RDONLY|O_NONBLOCK|O_CLOEXEC|O_DIRECTORY) = 6
fstat(6, {st_mode=S_IFDIR|0755, st_size=4096, ...}) = 0
getdents64(6, 0x1f5356c0 /* 10 entries */, 32768) = 296
getdents64(6, 0x1f5356c0 /* 0 entries */, 32768) = 0
close(6)                                = 0
newfstatat(AT_FDCWD, "/home/ubuntu/.local/lib/python3.12/site-packages/elftools/elf/__init__.cpython-312-x86_64-linux-gnu.so", 0x7ffc5ece5d40, 0) = -1 ENOENT (No such file or directory)
newfstatat(AT_FDCWD, "/home/ubuntu/.local/lib/python3.12/site-packages/elftools/elf/__init__.abi3.so", 0x7ffc5ece5d40, 0) = -1 ENOENT (No such file or directory)
newfstatat(AT_FDCWD, "/home/ubuntu/.local/lib/python3.12/site-packages/elftools/elf/__init__.so", 0x7ffc5ece5d40, 0) = -1 ENOENT (No such file or directory)
newfstatat(AT_FDCWD, "/home/ubuntu/.local/lib/python3.12/site-packages/elftools/elf/__init__.py", {st_mode=S_IFREG|0644, st_size=0, ...}, 0) = 0
newfstatat(AT_FDCWD, "/home/ubuntu/.local/lib/python3.12/site-packages/elftools/elf/__init__.py", {st_mode=S_IFREG|0644, st_size=0, ...}, 0) = 0
openat(AT_FDCWD, "/home/ubuntu/.local/lib/python3.12/site-packages/elftools/elf/__pycache__/__init__.cpython-312.pyc", O_RDONLY|O_CLOEXEC) = 6
fstat(6, {st_mode=S_IFREG|0644, st_size=170, ...}) = 0
ioctl(6, TCGETS, 0x7ffc5ece59e0)        = -1 ENOTTY (Inappropriate ioctl for device)
lseek(6, 0, SEEK_CUR)                   = 0
lseek(6, 0, SEEK_CUR)                   = 0
fstat(6, {st_mode=S_IFREG|0644, st_size=170, ...}) = 0
read(6, "\313\r\r\n\0\0\0\0\224\254\33i\0\0\0\0\343\0\0\0\0\0\0\0\0\0\0\0\0\0\0\0"..., 171) = 170
read(6, "", 1)                          = 0
close(6)                                = 0
newfstatat(AT_FDCWD, "/home/ubuntu/.local/lib/python3.12/site-packages/elftools/elf", {st_mode=S_IFDIR|0755, st_size=4096, ...}, 0) = 0
newfstatat(AT_FDCWD, "/home/ubuntu/.local/lib/python3.12/site-packages/elftools/elf", {st_mode=S_IFDIR|0755, st_size=4096, ...}, 0) = 0
newfstatat(AT_FDCWD, "/home/ubuntu/.local/lib/python3.12/site-packages/elftools/elf", {st_mode=S_IFDIR|0755, st_size=4096, ...}, 0) = 0
openat(AT_FDCWD, "/home/ubuntu/.local/lib/python3.12/site-packages/elftools/elf", O_RDONLY|O_NONBLOCK|O_CLOEXEC|O_DIRECTORY) = 6
fstat(6, {st_mode=S_IFDIR|0755, st_size=4096, ...}) = 0
getdents64(6, 0x1f5356c0 /* 16 entries */, 32768) = 520
getdents64(6, 0x1f5356c0 /* 0 entries */, 32768) = 0
close(6)                                = 0
newfstatat(AT_FDCWD, "/home/ubuntu/.local/lib/python3.12/site-packages/elftools/elf/enums.py", {st_mode=S_IFREG|0644, st_size=49731, ...}, 0) = 0
newfstatat(AT_FDCWD, "/home/ubuntu/.local/lib/python3.12/site-packages/elftools/elf/enums.py", {st_mode=S_IFREG|0644, st_size=49731, ...}, 0) = 0
openat(AT_FDCWD, "/home/ubuntu/.local/lib/python3.12/site-packages/elftools/elf/__pycache__/enums.cpython-312.pyc", O_RDONLY|O_CLOEXEC) = 6
fstat(6, {st_mode=S_IFREG|0644, st_size=56309, ...}) = 0
ioctl(6, TCGETS, 0x7ffc5ece5e50)        = -1 ENOTTY (Inappropriate ioctl for device)
lseek(6, 0, SEEK_CUR)                   = 0
lseek(6, 0, SEEK_CUR)                   = 0
fstat(6, {st_mode=S_IFREG|0644, st_size=56309, ...}) = 0
read(6, "\313\r\r\n\0\0\0\0\224\254\33iC\302\0\0\343\0\0\0\0\0\0\0\0\0\0\0\0\21\0\0"..., 56310) = 56309
read(6, "", 1)                          = 0
close(6)                                = 0
newfstatat(AT_FDCWD, "/home/ubuntu/.local/lib/python3.12/site-packages/elftools", {st_mode=S_IFDIR|0755, st_size=4096, ...}, 0) = 0
newfstatat(AT_FDCWD, "/home/ubuntu/.local/lib/python3.12/site-packages/elftools/common/__init__.cpython-312-x86_64-linux-gnu.so", 0x7ffc5ece56d0, 0) = -1 ENOENT (No such file or directory)
newfstatat(AT_FDCWD, "/home/ubuntu/.local/lib/python3.12/site-packages/elftools/common/__init__.abi3.so", 0x7ffc5ece56d0, 0) = -1 ENOENT (No such file or directory)
newfstatat(AT_FDCWD, "/home/ubuntu/.local/lib/python3.12/site-packages/elftools/common/__init__.so", 0x7ffc5ece56d0, 0) = -1 ENOENT (No such file or directory)
newfstatat(AT_FDCWD, "/home/ubuntu/.local/lib/python3.12/site-packages/elftools/common/__init__.py", {st_mode=S_IFREG|0644, st_size=0, ...}, 0) = 0
newfstatat(AT_FDCWD, "/home/ubuntu/.local/lib/python3.12/site-packages/elftools/common/__init__.py", {st_mode=S_IFREG|0644, st_size=0, ...}, 0) = 0
openat(AT_FDCWD, "/home/ubuntu/.local/lib/python3.12/site-packages/elftools/common/__pycache__/__init__.cpython-312.pyc", O_RDONLY|O_CLOEXEC) = 6
fstat(6, {st_mode=S_IFREG|0644, st_size=173, ...}) = 0
ioctl(6, TCGETS, 0x7ffc5ece5370)        = -1 ENOTTY (Inappropriate ioctl for device)
lseek(6, 0, SEEK_CUR)                   = 0
lseek(6, 0, SEEK_CUR)                   = 0
fstat(6, {st_mode=S_IFREG|0644, st_size=173, ...}) = 0
read(6, "\313\r\r\n\0\0\0\0\224\254\33i\0\0\0\0\343\0\0\0\0\0\0\0\0\0\0\0\0\0\0\0"..., 174) = 173
read(6, "", 1)                          = 0
close(6)                                = 0
newfstatat(AT_FDCWD, "/home/ubuntu/.local/lib/python3.12/site-packages/elftools/common", {st_mode=S_IFDIR|0755, st_size=4096, ...}, 0) = 0
newfstatat(AT_FDCWD, "/home/ubuntu/.local/lib/python3.12/site-packages/elftools/common", {st_mode=S_IFDIR|0755, st_size=4096, ...}, 0) = 0
newfstatat(AT_FDCWD, "/home/ubuntu/.local/lib/python3.12/site-packages/elftools/common", {st_mode=S_IFDIR|0755, st_size=4096, ...}, 0) = 0
openat(AT_FDCWD, "/home/ubuntu/.local/lib/python3.12/site-packages/elftools/common", O_RDONLY|O_NONBLOCK|O_CLOEXEC|O_DIRECTORY) = 6
fstat(6, {st_mode=S_IFDIR|0755, st_size=4096, ...}) = 0
getdents64(6, 0x1f5443e0 /* 7 entries */, 32768) = 224
getdents64(6, 0x1f5443e0 /* 0 entries */, 32768) = 0
close(6)                                = 0
newfstatat(AT_FDCWD, "/home/ubuntu/.local/lib/python3.12/site-packages/elftools/common/utils.py", {st_mode=S_IFREG|0644, st_size=4472, ...}, 0) = 0
newfstatat(AT_FDCWD, "/home/ubuntu/.local/lib/python3.12/site-packages/elftools/common/utils.py", {st_mode=S_IFREG|0644, st_size=4472, ...}, 0) = 0
openat(AT_FDCWD, "/home/ubuntu/.local/lib/python3.12/site-packages/elftools/common/__pycache__/utils.cpython-312.pyc", O_RDONLY|O_CLOEXEC) = 6
fstat(6, {st_mode=S_IFREG|0644, st_size=6586, ...}) = 0
ioctl(6, TCGETS, 0x7ffc5ece57e0)        = -1 ENOTTY (Inappropriate ioctl for device)
lseek(6, 0, SEEK_CUR)                   = 0
lseek(6, 0, SEEK_CUR)                   = 0
fstat(6, {st_mode=S_IFREG|0644, st_size=6586, ...}) = 0
read(6, "\313\r\r\n\0\0\0\0\224\254\33ix\21\0\0\343\0\0\0\0\0\0\0\0\0\0\0\0\2\0\0"..., 6587) = 6586
read(6, "", 1)                          = 0
close(6)                                = 0
newfstatat(AT_FDCWD, "/home/ubuntu/.local/lib/python3.12/site-packages/elftools/common", {st_mode=S_IFDIR|0755, st_size=4096, ...}, 0) = 0
newfstatat(AT_FDCWD, "/home/ubuntu/.local/lib/python3.12/site-packages/elftools/common/exceptions.py", {st_mode=S_IFREG|0644, st_size=512, ...}, 0) = 0
newfstatat(AT_FDCWD, "/home/ubuntu/.local/lib/python3.12/site-packages/elftools/common/exceptions.py", {st_mode=S_IFREG|0644, st_size=512, ...}, 0) = 0
openat(AT_FDCWD, "/home/ubuntu/.local/lib/python3.12/site-packages/elftools/common/__pycache__/exceptions.cpython-312.pyc", O_RDONLY|O_CLOEXEC) = 6
fstat(6, {st_mode=S_IFREG|0644, st_size=944, ...}) = 0
ioctl(6, TCGETS, 0x7ffc5ece5170)        = -1 ENOTTY (Inappropriate ioctl for device)
lseek(6, 0, SEEK_CUR)                   = 0
lseek(6, 0, SEEK_CUR)                   = 0
fstat(6, {st_mode=S_IFREG|0644, st_size=944, ...}) = 0
read(6, "\313\r\r\n\0\0\0\0\224\254\33i\0\2\0\0\343\0\0\0\0\0\0\0\0\0\0\0\0\5\0\0"..., 945) = 944
read(6, "", 1)                          = 0
close(6)                                = 0
newfstatat(AT_FDCWD, "/home/ubuntu/.local/lib/python3.12/site-packages/elftools", {st_mode=S_IFDIR|0755, st_size=4096, ...}, 0) = 0
newfstatat(AT_FDCWD, "/home/ubuntu/.local/lib/python3.12/site-packages/elftools/construct/__init__.cpython-312-x86_64-linux-gnu.so", 0x7ffc5ece54d0, 0) = -1 ENOENT (No such file or directory)
newfstatat(AT_FDCWD, "/home/ubuntu/.local/lib/python3.12/site-packages/elftools/construct/__init__.abi3.so", 0x7ffc5ece54d0, 0) = -1 ENOENT (No such file or directory)
newfstatat(AT_FDCWD, "/home/ubuntu/.local/lib/python3.12/site-packages/elftools/construct/__init__.so", 0x7ffc5ece54d0, 0) = -1 ENOENT (No such file or directory)
newfstatat(AT_FDCWD, "/home/ubuntu/.local/lib/python3.12/site-packages/elftools/construct/__init__.py", {st_mode=S_IFREG|0644, st_size=4610, ...}, 0) = 0
newfstatat(AT_FDCWD, "/home/ubuntu/.local/lib/python3.12/site-packages/elftools/construct/__init__.py", {st_mode=S_IFREG|0644, st_size=4610, ...}, 0) = 0
openat(AT_FDCWD, "/home/ubuntu/.local/lib/python3.12/site-packages/elftools/construct/__pycache__/__init__.cpython-312.pyc", O_RDONLY|O_CLOEXEC) = 6
fstat(6, {st_mode=S_IFREG|0644, st_size=4045, ...}) = 0
ioctl(6, TCGETS, 0x7ffc5ece5170)        = -1 ENOTTY (Inappropriate ioctl for device)
lseek(6, 0, SEEK_CUR)                   = 0
lseek(6, 0, SEEK_CUR)                   = 0
fstat(6, {st_mode=S_IFREG|0644, st_size=4045, ...}) = 0
read(6, "\313\r\r\n\0\0\0\0\224\254\33i\2\22\0\0\343\0\0\0\0\0\0\0\0\0\0\0\0\3\0\0"..., 4046) = 4045
read(6, "", 1)                          = 0
close(6)                                = 0
newfstatat(AT_FDCWD, "/home/ubuntu/.local/lib/python3.12/site-packages/elftools/construct", {st_mode=S_IFDIR|0755, st_size=4096, ...}, 0) = 0
newfstatat(AT_FDCWD, "/home/ubuntu/.local/lib/python3.12/site-packages/elftools/construct", {st_mode=S_IFDIR|0755, st_size=4096, ...}, 0) = 0
newfstatat(AT_FDCWD, "/home/ubuntu/.local/lib/python3.12/site-packages/elftools/construct", {st_mode=S_IFDIR|0755, st_size=4096, ...}, 0) = 0
openat(AT_FDCWD, "/home/ubuntu/.local/lib/python3.12/site-packages/elftools/construct", O_RDONLY|O_NONBLOCK|O_CLOEXEC|O_DIRECTORY) = 6
fstat(6, {st_mode=S_IFDIR|0755, st_size=4096, ...}) = 0
getdents64(6, 0x1f5443e0 /* 9 entries */, 32768) = 264
getdents64(6, 0x1f5443e0 /* 0 entries */, 32768) = 0
close(6)                                = 0
newfstatat(AT_FDCWD, "/home/ubuntu/.local/lib/python3.12/site-packages/elftools/construct/core.py", {st_mode=S_IFREG|0644, st_size=44571, ...}, 0) = 0
newfstatat(AT_FDCWD, "/home/ubuntu/.local/lib/python3.12/site-packages/elftools/construct/core.py", {st_mode=S_IFREG|0644, st_size=44571, ...}, 0) = 0
openat(AT_FDCWD, "/home/ubuntu/.local/lib/python3.12/site-packages/elftools/construct/__pycache__/core.cpython-312.pyc", O_RDONLY|O_CLOEXEC) = 6
fstat(6, {st_mode=S_IFREG|0644, st_size=60469, ...}) = 0
ioctl(6, TCGETS, 0x7ffc5ece4b00)        = -1 ENOTTY (Inappropriate ioctl for device)
lseek(6, 0, SEEK_CUR)                   = 0
lseek(6, 0, SEEK_CUR)                   = 0
fstat(6, {st_mode=S_IFREG|0644, st_size=60469, ...}) = 0
brk(0x1f588000)                         = 0x1f588000
read(6, "\313\r\r\n\0\0\0\0\224\254\33i\33\256\0\0\343\0\0\0\0\0\0\0\0\0\0\0\0\5\0\0"..., 60470) = 60469
read(6, "", 1)                          = 0
close(6)                                = 0
newfstatat(AT_FDCWD, "/home/ubuntu/.local/lib/python3.12/site-packages/elftools/construct", {st_mode=S_IFDIR|0755, st_size=4096, ...}, 0) = 0
newfstatat(AT_FDCWD, "/home/ubuntu/.local/lib/python3.12/site-packages/elftools/construct/lib/__init__.cpython-312-x86_64-linux-gnu.so", 0x7ffc5ece4380, 0) = -1 ENOENT (No such file or directory)
newfstatat(AT_FDCWD, "/home/ubuntu/.local/lib/python3.12/site-packages/elftools/construct/lib/__init__.abi3.so", 0x7ffc5ece4380, 0) = -1 ENOENT (No such file or directory)
newfstatat(AT_FDCWD, "/home/ubuntu/.local/lib/python3.12/site-packages/elftools/construct/lib/__init__.so", 0x7ffc5ece4380, 0) = -1 ENOENT (No such file or directory)
newfstatat(AT_FDCWD, "/home/ubuntu/.local/lib/python3.12/site-packages/elftools/construct/lib/__init__.py", {st_mode=S_IFREG|0644, st_size=264, ...}, 0) = 0
newfstatat(AT_FDCWD, "/home/ubuntu/.local/lib/python3.12/site-packages/elftools/construct/lib/__init__.py", {st_mode=S_IFREG|0644, st_size=264, ...}, 0) = 0
openat(AT_FDCWD, "/home/ubuntu/.local/lib/python3.12/site-packages/elftools/construct/lib/__pycache__/__init__.cpython-312.pyc", O_RDONLY|O_CLOEXEC) = 6
fstat(6, {st_mode=S_IFREG|0644, st_size=576, ...}) = 0
ioctl(6, TCGETS, 0x7ffc5ece4020)        = -1 ENOTTY (Inappropriate ioctl for device)
lseek(6, 0, SEEK_CUR)                   = 0
lseek(6, 0, SEEK_CUR)                   = 0
fstat(6, {st_mode=S_IFREG|0644, st_size=576, ...}) = 0
read(6, "\313\r\r\n\0\0\0\0\224\254\33i\10\1\0\0\343\0\0\0\0\0\0\0\0\0\0\0\0\2\0\0"..., 577) = 576
read(6, "", 1)                          = 0
close(6)                                = 0
newfstatat(AT_FDCWD, "/home/ubuntu/.local/lib/python3.12/site-packages/elftools/construct/lib", {st_mode=S_IFDIR|0755, st_size=4096, ...}, 0) = 0
newfstatat(AT_FDCWD, "/home/ubuntu/.local/lib/python3.12/site-packages/elftools/construct/lib", {st_mode=S_IFDIR|0755, st_size=4096, ...}, 0) = 0
newfstatat(AT_FDCWD, "/home/ubuntu/.local/lib/python3.12/site-packages/elftools/construct/lib", {st_mode=S_IFDIR|0755, st_size=4096, ...}, 0) = 0
openat(AT_FDCWD, "/home/ubuntu/.local/lib/python3.12/site-packages/elftools/construct/lib", O_RDONLY|O_NONBLOCK|O_CLOEXEC|O_DIRECTORY) = 6
fstat(6, {st_mode=S_IFDIR|0755, st_size=4096, ...}) = 0
getdents64(6, 0x1f5443e0 /* 9 entries */, 32768) = 272
getdents64(6, 0x1f5443e0 /* 0 entries */, 32768) = 0
close(6)                                = 0
newfstatat(AT_FDCWD, "/home/ubuntu/.local/lib/python3.12/site-packages/elftools/construct/lib/binary.py", {st_mode=S_IFREG|0644, st_size=2954, ...}, 0) = 0
newfstatat(AT_FDCWD, "/home/ubuntu/.local/lib/python3.12/site-packages/elftools/construct/lib/binary.py", {st_mode=S_IFREG|0644, st_size=2954, ...}, 0) = 0
openat(AT_FDCWD, "/home/ubuntu/.local/lib/python3.12/site-packages/elftools/construct/lib/__pycache__/binary.cpython-312.pyc", O_RDONLY|O_CLOEXEC) = 6
fstat(6, {st_mode=S_IFREG|0644, st_size=3939, ...}) = 0
ioctl(6, TCGETS, 0x7ffc5ece39b0)        = -1 ENOTTY (Inappropriate ioctl for device)
lseek(6, 0, SEEK_CUR)                   = 0
lseek(6, 0, SEEK_CUR)                   = 0
fstat(6, {st_mode=S_IFREG|0644, st_size=3939, ...}) = 0
read(6, "\313\r\r\n\0\0\0\0\224\254\33i\212\v\0\0\343\0\0\0\0\0\0\0\0\0\0\0\0\t\0\0"..., 3940) = 3939
read(6, "", 1)                          = 0
close(6)                                = 0
newfstatat(AT_FDCWD, "/home/ubuntu/.local/lib/python3.12/site-packages/elftools/construct/lib", {st_mode=S_IFDIR|0755, st_size=4096, ...}, 0) = 0
newfstatat(AT_FDCWD, "/home/ubuntu/.local/lib/python3.12/site-packages/elftools/construct/lib/py3compat.py", {st_mode=S_IFREG|0644, st_size=1569, ...}, 0) = 0
newfstatat(AT_FDCWD, "/home/ubuntu/.local/lib/python3.12/site-packages/elftools/construct/lib/py3compat.py", {st_mode=S_IFREG|0644, st_size=1569, ...}, 0) = 0
openat(AT_FDCWD, "/home/ubuntu/.local/lib/python3.12/site-packages/elftools/construct/lib/__pycache__/py3compat.cpython-312.pyc", O_RDONLY|O_CLOEXEC) = 6
fstat(6, {st_mode=S_IFREG|0644, st_size=2741, ...}) = 0
ioctl(6, TCGETS, 0x7ffc5ece3340)        = -1 ENOTTY (Inappropriate ioctl for device)
lseek(6, 0, SEEK_CUR)                   = 0
lseek(6, 0, SEEK_CUR)                   = 0
fstat(6, {st_mode=S_IFREG|0644, st_size=2741, ...}) = 0
read(6, "\313\r\r\n\0\0\0\0\224\254\33i!\6\0\0\343\0\0\0\0\0\0\0\0\0\0\0\0\4\0\0"..., 2742) = 2741
read(6, "", 1)                          = 0
close(6)                                = 0
newfstatat(AT_FDCWD, "/home/ubuntu/.local/lib/python3.12/site-packages/elftools/construct/lib", {st_mode=S_IFDIR|0755, st_size=4096, ...}, 0) = 0
newfstatat(AT_FDCWD, "/home/ubuntu/.local/lib/python3.12/site-packages/elftools/construct/lib/bitstream.py", {st_mode=S_IFREG|0644, st_size=2023, ...}, 0) = 0
newfstatat(AT_FDCWD, "/home/ubuntu/.local/lib/python3.12/site-packages/elftools/construct/lib/bitstream.py", {st_mode=S_IFREG|0644, st_size=2023, ...}, 0) = 0
openat(AT_FDCWD, "/home/ubuntu/.local/lib/python3.12/site-packages/elftools/construct/lib/__pycache__/bitstream.cpython-312.pyc", O_RDONLY|O_CLOEXEC) = 6
fstat(6, {st_mode=S_IFREG|0644, st_size=4120, ...}) = 0
ioctl(6, TCGETS, 0x7ffc5ece39b0)        = -1 ENOTTY (Inappropriate ioctl for device)
lseek(6, 0, SEEK_CUR)                   = 0
lseek(6, 0, SEEK_CUR)                   = 0
fstat(6, {st_mode=S_IFREG|0644, st_size=4120, ...}) = 0
read(6, "\313\r\r\n\0\0\0\0\224\254\33i\347\7\0\0\343\0\0\0\0\0\0\0\0\0\0\0\0\5\0\0"..., 4121) = 4120
read(6, "", 1)                          = 0
close(6)                                = 0
newfstatat(AT_FDCWD, "/home/ubuntu/.local/lib/python3.12/site-packages/elftools/construct/lib", {st_mode=S_IFDIR|0755, st_size=4096, ...}, 0) = 0
newfstatat(AT_FDCWD, "/home/ubuntu/.local/lib/python3.12/site-packages/elftools/construct/lib/container.py", {st_mode=S_IFREG|0644, st_size=3948, ...}, 0) = 0
newfstatat(AT_FDCWD, "/home/ubuntu/.local/lib/python3.12/site-packages/elftools/construct/lib/container.py", {st_mode=S_IFREG|0644, st_size=3948, ...}, 0) = 0
openat(AT_FDCWD, "/home/ubuntu/.local/lib/python3.12/site-packages/elftools/construct/lib/__pycache__/container.cpython-312.pyc", O_RDONLY|O_CLOEXEC) = 6
fstat(6, {st_mode=S_IFREG|0644, st_size=8341, ...}) = 0
ioctl(6, TCGETS, 0x7ffc5ece39b0)        = -1 ENOTTY (Inappropriate ioctl for device)
lseek(6, 0, SEEK_CUR)                   = 0
lseek(6, 0, SEEK_CUR)                   = 0
fstat(6, {st_mode=S_IFREG|0644, st_size=8341, ...}) = 0
read(6, "\313\r\r\n\0\0\0\0\224\254\33il\17\0\0\343\0\0\0\0\0\0\0\0\0\0\0\0\5\0\0"..., 8342) = 8341
read(6, "", 1)                          = 0
close(6)                                = 0
newfstatat(AT_FDCWD, "/home/ubuntu/.local/lib/python3.12/site-packages/elftools/construct/lib", {st_mode=S_IFDIR|0755, st_size=4096, ...}, 0) = 0
newfstatat(AT_FDCWD, "/home/ubuntu/.local/lib/python3.12/site-packages/elftools/construct/lib/hex.py", {st_mode=S_IFREG|0644, st_size=1301, ...}, 0) = 0
newfstatat(AT_FDCWD, "/home/ubuntu/.local/lib/python3.12/site-packages/elftools/construct/lib/hex.py", {st_mode=S_IFREG|0644, st_size=1301, ...}, 0) = 0
openat(AT_FDCWD, "/home/ubuntu/.local/lib/python3.12/site-packages/elftools/construct/lib/__pycache__/hex.cpython-312.pyc", O_RDONLY|O_CLOEXEC) = 6
fstat(6, {st_mode=S_IFREG|0644, st_size=2980, ...}) = 0
ioctl(6, TCGETS, 0x7ffc5ece39b0)        = -1 ENOTTY (Inappropriate ioctl for device)
lseek(6, 0, SEEK_CUR)                   = 0
lseek(6, 0, SEEK_CUR)                   = 0
fstat(6, {st_mode=S_IFREG|0644, st_size=2980, ...}) = 0
read(6, "\313\r\r\n\0\0\0\0\224\254\33i\25\5\0\0\343\0\0\0\0\0\0\0\0\0\0\0\0\7\0\0"..., 2981) = 2980
read(6, "", 1)                          = 0
close(6)                                = 0
newfstatat(AT_FDCWD, "/home/ubuntu/.local/lib/python3.12/site-packages/elftools/construct", {st_mode=S_IFDIR|0755, st_size=4096, ...}, 0) = 0
newfstatat(AT_FDCWD, "/home/ubuntu/.local/lib/python3.12/site-packages/elftools/construct/adapters.py", {st_mode=S_IFREG|0644, st_size=16602, ...}, 0) = 0
newfstatat(AT_FDCWD, "/home/ubuntu/.local/lib/python3.12/site-packages/elftools/construct/adapters.py", {st_mode=S_IFREG|0644, st_size=16602, ...}, 0) = 0
openat(AT_FDCWD, "/home/ubuntu/.local/lib/python3.12/site-packages/elftools/construct/__pycache__/adapters.cpython-312.pyc", O_RDONLY|O_CLOEXEC) = 6
fstat(6, {st_mode=S_IFREG|0644, st_size=23916, ...}) = 0
ioctl(6, TCGETS, 0x7ffc5ece4b00)        = -1 ENOTTY (Inappropriate ioctl for device)
lseek(6, 0, SEEK_CUR)                   = 0
lseek(6, 0, SEEK_CUR)                   = 0
fstat(6, {st_mode=S_IFREG|0644, st_size=23916, ...}) = 0
read(6, "\313\r\r\n\0\0\0\0\224\254\33i\332@\0\0\343\0\0\0\0\0\0\0\0\0\0\0\0\5\0\0"..., 23917) = 23916
read(6, "", 1)                          = 0
close(6)                                = 0
newfstatat(AT_FDCWD, "/home/ubuntu/.local/lib/python3.12/site-packages/elftools/construct", {st_mode=S_IFDIR|0755, st_size=4096, ...}, 0) = 0
newfstatat(AT_FDCWD, "/home/ubuntu/.local/lib/python3.12/site-packages/elftools/construct/macros.py", {st_mode=S_IFREG|0644, st_size=21392, ...}, 0) = 0
newfstatat(AT_FDCWD, "/home/ubuntu/.local/lib/python3.12/site-packages/elftools/construct/macros.py", {st_mode=S_IFREG|0644, st_size=21392, ...}, 0) = 0
openat(AT_FDCWD, "/home/ubuntu/.local/lib/python3.12/site-packages/elftools/construct/__pycache__/macros.cpython-312.pyc", O_RDONLY|O_CLOEXEC) = 6
fstat(6, {st_mode=S_IFREG|0644, st_size=26052, ...}) = 0
ioctl(6, TCGETS, 0x7ffc5ece4b00)        = -1 ENOTTY (Inappropriate ioctl for device)
lseek(6, 0, SEEK_CUR)                   = 0
lseek(6, 0, SEEK_CUR)                   = 0
fstat(6, {st_mode=S_IFREG|0644, st_size=26052, ...}) = 0
read(6, "\313\r\r\n\0\0\0\0\224\254\33i\220S\0\0\343\0\0\0\0\0\0\0\0\0\0\0\0\6\0\0"..., 26053) = 26052
read(6, "", 1)                          = 0
close(6)                                = 0
newfstatat(AT_FDCWD, "/home/ubuntu/.local/lib/python3.12/site-packages/elftools/construct", {st_mode=S_IFDIR|0755, st_size=4096, ...}, 0) = 0
newfstatat(AT_FDCWD, "/home/ubuntu/.local/lib/python3.12/site-packages/elftools/construct/debug.py", {st_mode=S_IFREG|0644, st_size=4062, ...}, 0) = 0
newfstatat(AT_FDCWD, "/home/ubuntu/.local/lib/python3.12/site-packages/elftools/construct/debug.py", {st_mode=S_IFREG|0644, st_size=4062, ...}, 0) = 0
openat(AT_FDCWD, "/home/ubuntu/.local/lib/python3.12/site-packages/elftools/construct/__pycache__/debug.cpython-312.pyc", O_RDONLY|O_CLOEXEC) = 6
fstat(6, {st_mode=S_IFREG|0644, st_size=6256, ...}) = 0
ioctl(6, TCGETS, 0x7ffc5ece4b00)        = -1 ENOTTY (Inappropriate ioctl for device)
lseek(6, 0, SEEK_CUR)                   = 0
lseek(6, 0, SEEK_CUR)                   = 0
fstat(6, {st_mode=S_IFREG|0644, st_size=6256, ...}) = 0
read(6, "\313\r\r\n\0\0\0\0\224\254\33i\336\17\0\0\343\0\0\0\0\0\0\0\0\0\0\0\0\5\0\0"..., 6257) = 6256
read(6, "", 1)                          = 0
close(6)                                = 0
newfstatat(AT_FDCWD, "/workspace/sidechannel/ropfu", {st_mode=S_IFDIR|0755, st_size=4096, ...}, 0) = 0
newfstatat(AT_FDCWD, "/usr/lib/python3.12", {st_mode=S_IFDIR|0755, st_size=4096, ...}, 0) = 0
newfstatat(AT_FDCWD, "/usr/lib/python3.12/pdb.py", {st_mode=S_IFREG|0755, st_size=69459, ...}, 0) = 0
newfstatat(AT_FDCWD, "/usr/lib/python3.12/pdb.py", {st_mode=S_IFREG|0755, st_size=69459, ...}, 0) = 0
openat(AT_FDCWD, "/usr/lib/python3.12/__pycache__/pdb.cpython-312.pyc", O_RDONLY|O_CLOEXEC) = 6
fstat(6, {st_mode=S_IFREG|0644, st_size=84919, ...}) = 0
ioctl(6, TCGETS, 0x7ffc5ece4490)        = -1 ENOTTY (Inappropriate ioctl for device)
lseek(6, 0, SEEK_CUR)                   = 0
lseek(6, 0, SEEK_CUR)                   = 0
fstat(6, {st_mode=S_IFREG|0644, st_size=84919, ...}) = 0
read(6, "\313\r\r\n\0\0\0\0)!\236hS\17\1\0\343\0\0\0\0\0\0\0\0\0\0\0\0\7\0\0"..., 84920) = 84919
read(6, "", 1)                          = 0
close(6)                                = 0
brk(0x1f5aa000)                         = 0x1f5aa000
newfstatat(AT_FDCWD, "/workspace/sidechannel/ropfu", {st_mode=S_IFDIR|0755, st_size=4096, ...}, 0) = 0
newfstatat(AT_FDCWD, "/usr/lib/python3.12", {st_mode=S_IFDIR|0755, st_size=4096, ...}, 0) = 0
newfstatat(AT_FDCWD, "/usr/lib/python3.12/cmd.py", {st_mode=S_IFREG|0644, st_size=14873, ...}, 0) = 0
newfstatat(AT_FDCWD, "/usr/lib/python3.12/cmd.py", {st_mode=S_IFREG|0644, st_size=14873, ...}, 0) = 0
openat(AT_FDCWD, "/usr/lib/python3.12/__pycache__/cmd.cpython-312.pyc", O_RDONLY|O_CLOEXEC) = 6
fstat(6, {st_mode=S_IFREG|0644, st_size=18619, ...}) = 0
ioctl(6, TCGETS, 0x7ffc5ece3e20)        = -1 ENOTTY (Inappropriate ioctl for device)
lseek(6, 0, SEEK_CUR)                   = 0
lseek(6, 0, SEEK_CUR)                   = 0
fstat(6, {st_mode=S_IFREG|0644, st_size=18619, ...}) = 0
read(6, "\313\r\r\n\0\0\0\0)!\236h\31:\0\0\343\0\0\0\0\0\0\0\0\0\0\0\0\4\0\0"..., 18620) = 18619
read(6, "", 1)                          = 0
close(6)                                = 0
newfstatat(AT_FDCWD, "/workspace/sidechannel/ropfu", {st_mode=S_IFDIR|0755, st_size=4096, ...}, 0) = 0
newfstatat(AT_FDCWD, "/usr/lib/python3.12", {st_mode=S_IFDIR|0755, st_size=4096, ...}, 0) = 0
newfstatat(AT_FDCWD, "/usr/lib/python3.12/bdb.py", {st_mode=S_IFREG|0644, st_size=32463, ...}, 0) = 0
newfstatat(AT_FDCWD, "/usr/lib/python3.12/bdb.py", {st_mode=S_IFREG|0644, st_size=32463, ...}, 0) = 0
openat(AT_FDCWD, "/usr/lib/python3.12/__pycache__/bdb.cpython-312.pyc", O_RDONLY|O_CLOEXEC) = 6
fstat(6, {st_mode=S_IFREG|0644, st_size=37359, ...}) = 0
ioctl(6, TCGETS, 0x7ffc5ece3e20)        = -1 ENOTTY (Inappropriate ioctl for device)
lseek(6, 0, SEEK_CUR)                   = 0
lseek(6, 0, SEEK_CUR)                   = 0
fstat(6, {st_mode=S_IFREG|0644, st_size=37359, ...}) = 0
read(6, "\313\r\r\n\0\0\0\0)!\236h\317~\0\0\343\0\0\0\0\0\0\0\0\0\0\0\0\5\0\0"..., 37360) = 37359
read(6, "", 1)                          = 0
close(6)                                = 0
newfstatat(AT_FDCWD, "/workspace/sidechannel/ropfu", {st_mode=S_IFDIR|0755, st_size=4096, ...}, 0) = 0
newfstatat(AT_FDCWD, "/usr/lib/python3.12", {st_mode=S_IFDIR|0755, st_size=4096, ...}, 0) = 0
newfstatat(AT_FDCWD, "/usr/lib/python3.12/code.py", {st_mode=S_IFREG|0644, st_size=10695, ...}, 0) = 0
newfstatat(AT_FDCWD, "/usr/lib/python3.12/code.py", {st_mode=S_IFREG|0644, st_size=10695, ...}, 0) = 0
openat(AT_FDCWD, "/usr/lib/python3.12/__pycache__/code.cpython-312.pyc", O_RDONLY|O_CLOEXEC) = 6
fstat(6, {st_mode=S_IFREG|0644, st_size=13051, ...}) = 0
ioctl(6, TCGETS, 0x7ffc5ece3e20)        = -1 ENOTTY (Inappropriate ioctl for device)
lseek(6, 0, SEEK_CUR)                   = 0
lseek(6, 0, SEEK_CUR)                   = 0
fstat(6, {st_mode=S_IFREG|0644, st_size=13051, ...}) = 0
read(6, "\313\r\r\n\0\0\0\0)!\236h\307)\0\0\343\0\0\0\0\0\0\0\0\0\0\0\0\5\0\0"..., 13052) = 13051
read(6, "", 1)                          = 0
close(6)                                = 0
newfstatat(AT_FDCWD, "/workspace/sidechannel/ropfu", {st_mode=S_IFDIR|0755, st_size=4096, ...}, 0) = 0
newfstatat(AT_FDCWD, "/usr/lib/python3.12", {st_mode=S_IFDIR|0755, st_size=4096, ...}, 0) = 0
newfstatat(AT_FDCWD, "/usr/lib/python3.12/codeop.py", {st_mode=S_IFREG|0644, st_size=5908, ...}, 0) = 0
newfstatat(AT_FDCWD, "/usr/lib/python3.12/codeop.py", {st_mode=S_IFREG|0644, st_size=5908, ...}, 0) = 0
openat(AT_FDCWD, "/usr/lib/python3.12/__pycache__/codeop.cpython-312.pyc", O_RDONLY|O_CLOEXEC) = 6
fstat(6, {st_mode=S_IFREG|0644, st_size=6916, ...}) = 0
ioctl(6, TCGETS, 0x7ffc5ece37b0)        = -1 ENOTTY (Inappropriate ioctl for device)
lseek(6, 0, SEEK_CUR)                   = 0
lseek(6, 0, SEEK_CUR)                   = 0
fstat(6, {st_mode=S_IFREG|0644, st_size=6916, ...}) = 0
read(6, "\313\r\r\n\0\0\0\0)!\236h\24\27\0\0\343\0\0\0\0\0\0\0\0\0\0\0\0\7\0\0"..., 6917) = 6916
read(6, "", 1)                          = 0
close(6)                                = 0
newfstatat(AT_FDCWD, "/workspace/sidechannel/ropfu", {st_mode=S_IFDIR|0755, st_size=4096, ...}, 0) = 0
newfstatat(AT_FDCWD, "/usr/lib/python3.12", {st_mode=S_IFDIR|0755, st_size=4096, ...}, 0) = 0
newfstatat(AT_FDCWD, "/usr/lib/python3.12/typing.py", {st_mode=S_IFREG|0644, st_size=117428, ...}, 0) = 0
newfstatat(AT_FDCWD, "/usr/lib/python3.12/typing.py", {st_mode=S_IFREG|0644, st_size=117428, ...}, 0) = 0
openat(AT_FDCWD, "/usr/lib/python3.12/__pycache__/typing.cpython-312.pyc", O_RDONLY|O_CLOEXEC) = 6
fstat(6, {st_mode=S_IFREG|0644, st_size=141860, ...}) = 0
ioctl(6, TCGETS, 0x7ffc5ece3e20)        = -1 ENOTTY (Inappropriate ioctl for device)
lseek(6, 0, SEEK_CUR)                   = 0
lseek(6, 0, SEEK_CUR)                   = 0
fstat(6, {st_mode=S_IFREG|0644, st_size=141860, ...}) = 0
brk(0x1f5d1000)                         = 0x1f5d1000
read(6, "\313\r\r\n\0\0\0\0)!\236h\264\312\1\0\343\0\0\0\0\0\0\0\0\0\0\0\0\17\0\0"..., 141861) = 141860
read(6, "", 1)                          = 0
close(6)                                = 0
mmap(NULL, 1048576, PROT_READ|PROT_WRITE, MAP_PRIVATE|MAP_ANONYMOUS, -1, 0) = 0x7fd8f2692000
newfstatat(AT_FDCWD, "/home/ubuntu/.local/lib/python3.12/site-packages/pwnlib", {st_mode=S_IFDIR|0755, st_size=4096, ...}, 0) = 0
newfstatat(AT_FDCWD, "/home/ubuntu/.local/lib/python3.12/site-packages/pwnlib/elf/__init__.cpython-312-x86_64-linux-gnu.so", 0x7ffc5ece5d40, 0) = -1 ENOENT (No such file or directory)
newfstatat(AT_FDCWD, "/home/ubuntu/.local/lib/python3.12/site-packages/pwnlib/elf/__init__.abi3.so", 0x7ffc5ece5d40, 0) = -1 ENOENT (No such file or directory)
newfstatat(AT_FDCWD, "/home/ubuntu/.local/lib/python3.12/site-packages/pwnlib/elf/__init__.so", 0x7ffc5ece5d40, 0) = -1 ENOENT (No such file or directory)
newfstatat(AT_FDCWD, "/home/ubuntu/.local/lib/python3.12/site-packages/pwnlib/elf/__init__.py", {st_mode=S_IFREG|0644, st_size=600, ...}, 0) = 0
newfstatat(AT_FDCWD, "/home/ubuntu/.local/lib/python3.12/site-packages/pwnlib/elf/__init__.py", {st_mode=S_IFREG|0644, st_size=600, ...}, 0) = 0
openat(AT_FDCWD, "/home/ubuntu/.local/lib/python3.12/site-packages/pwnlib/elf/__pycache__/__init__.cpython-312.pyc", O_RDONLY|O_CLOEXEC) = 6
fstat(6, {st_mode=S_IFREG|0644, st_size=1066, ...}) = 0
ioctl(6, TCGETS, 0x7ffc5ece59e0)        = -1 ENOTTY (Inappropriate ioctl for device)
lseek(6, 0, SEEK_CUR)                   = 0
lseek(6, 0, SEEK_CUR)                   = 0
fstat(6, {st_mode=S_IFREG|0644, st_size=1066, ...}) = 0
read(6, "\313\r\r\n\0\0\0\0\226\254\33iX\2\0\0\343\0\0\0\0\0\0\0\0\0\0\0\0\10\0\0"..., 1067) = 1066
read(6, "", 1)                          = 0
close(6)                                = 0
newfstatat(AT_FDCWD, "/home/ubuntu/.local/lib/python3.12/site-packages/pwnlib/elf", {st_mode=S_IFDIR|0755, st_size=4096, ...}, 0) = 0
newfstatat(AT_FDCWD, "/home/ubuntu/.local/lib/python3.12/site-packages/pwnlib/elf", {st_mode=S_IFDIR|0755, st_size=4096, ...}, 0) = 0
newfstatat(AT_FDCWD, "/home/ubuntu/.local/lib/python3.12/site-packages/pwnlib/elf", {st_mode=S_IFDIR|0755, st_size=4096, ...}, 0) = 0
openat(AT_FDCWD, "/home/ubuntu/.local/lib/python3.12/site-packages/pwnlib/elf", O_RDONLY|O_NONBLOCK|O_CLOEXEC|O_DIRECTORY) = 6
fstat(6, {st_mode=S_IFDIR|0755, st_size=4096, ...}) = 0
getdents64(6, 0x1f5b52a0 /* 10 entries */, 32768) = 304
getdents64(6, 0x1f5b52a0 /* 0 entries */, 32768) = 0
close(6)                                = 0
newfstatat(AT_FDCWD, "/home/ubuntu/.local/lib/python3.12/site-packages/pwnlib/elf/corefile.py", {st_mode=S_IFREG|0644, st_size=55495, ...}, 0) = 0
newfstatat(AT_FDCWD, "/home/ubuntu/.local/lib/python3.12/site-packages/pwnlib/elf/corefile.py", {st_mode=S_IFREG|0644, st_size=55495, ...}, 0) = 0
openat(AT_FDCWD, "/home/ubuntu/.local/lib/python3.12/site-packages/pwnlib/elf/__pycache__/corefile.cpython-312.pyc", O_RDONLY|O_CLOEXEC) = 6
fstat(6, {st_mode=S_IFREG|0644, st_size=62668, ...}) = 0
ioctl(6, TCGETS, 0x7ffc5ece5370)        = -1 ENOTTY (Inappropriate ioctl for device)
lseek(6, 0, SEEK_CUR)                   = 0
lseek(6, 0, SEEK_CUR)                   = 0
fstat(6, {st_mode=S_IFREG|0644, st_size=62668, ...}) = 0
read(6, "\313\r\r\n\0\0\0\0\226\254\33i\307\330\0\0\343\0\0\0\0\0\0\0\0\0\0\0\0\5\0\0"..., 62669) = 62668
read(6, "", 1)                          = 0
close(6)                                = 0
newfstatat(AT_FDCWD, "/workspace/sidechannel/ropfu", {st_mode=S_IFDIR|0755, st_size=4096, ...}, 0) = 0
newfstatat(AT_FDCWD, "/usr/lib/python3.12", {st_mode=S_IFDIR|0755, st_size=4096, ...}, 0) = 0
newfstatat(AT_FDCWD, "/usr/lib/python3.12/gzip.py", {st_mode=S_IFREG|0644, st_size=24859, ...}, 0) = 0
newfstatat(AT_FDCWD, "/usr/lib/python3.12/gzip.py", {st_mode=S_IFREG|0644, st_size=24859, ...}, 0) = 0
openat(AT_FDCWD, "/usr/lib/python3.12/__pycache__/gzip.cpython-312.pyc", O_RDONLY|O_CLOEXEC) = 6
fstat(6, {st_mode=S_IFREG|0644, st_size=32015, ...}) = 0
ioctl(6, TCGETS, 0x7ffc5ece4d00)        = -1 ENOTTY (Inappropriate ioctl for device)
lseek(6, 0, SEEK_CUR)                   = 0
lseek(6, 0, SEEK_CUR)                   = 0
fstat(6, {st_mode=S_IFREG|0644, st_size=32015, ...}) = 0
read(6, "\313\r\r\n\0\0\0\0)!\236h\33a\0\0\343\0\0\0\0\0\0\0\0\0\0\0\0\5\0\0"..., 32016) = 32015
read(6, "", 1)                          = 0
close(6)                                = 0
newfstatat(AT_FDCWD, "/home/ubuntu/.local/lib/python3.12/site-packages/pwnlib/elf", {st_mode=S_IFDIR|0755, st_size=4096, ...}, 0) = 0
newfstatat(AT_FDCWD, "/home/ubuntu/.local/lib/python3.12/site-packages/pwnlib/elf/datatypes.py", {st_mode=S_IFREG|0644, st_size=22002, ...}, 0) = 0
newfstatat(AT_FDCWD, "/home/ubuntu/.local/lib/python3.12/site-packages/pwnlib/elf/datatypes.py", {st_mode=S_IFREG|0644, st_size=22002, ...}, 0) = 0
openat(AT_FDCWD, "/home/ubuntu/.local/lib/python3.12/site-packages/pwnlib/elf/__pycache__/datatypes.cpython-312.pyc", O_RDONLY|O_CLOEXEC) = 6
fstat(6, {st_mode=S_IFREG|0644, st_size=21679, ...}) = 0
ioctl(6, TCGETS, 0x7ffc5ece4d00)        = -1 ENOTTY (Inappropriate ioctl for device)
lseek(6, 0, SEEK_CUR)                   = 0
lseek(6, 0, SEEK_CUR)                   = 0
fstat(6, {st_mode=S_IFREG|0644, st_size=21679, ...}) = 0
read(6, "\313\r\r\n\0\0\0\0\226\254\33i\362U\0\0\343\0\0\0\0\0\0\0\0\0\0\0\0\10\0\0"..., 21680) = 21679
read(6, "", 1)                          = 0
close(6)                                = 0
brk(0x1f5f2000)                         = 0x1f5f2000
newfstatat(AT_FDCWD, "/home/ubuntu/.local/lib/python3.12/site-packages/pwnlib/elf", {st_mode=S_IFDIR|0755, st_size=4096, ...}, 0) = 0
newfstatat(AT_FDCWD, "/home/ubuntu/.local/lib/python3.12/site-packages/pwnlib/elf/elf.py", {st_mode=S_IFREG|0644, st_size=91242, ...}, 0) = 0
newfstatat(AT_FDCWD, "/home/ubuntu/.local/lib/python3.12/site-packages/pwnlib/elf/elf.py", {st_mode=S_IFREG|0644, st_size=91242, ...}, 0) = 0
openat(AT_FDCWD, "/home/ubuntu/.local/lib/python3.12/site-packages/pwnlib/elf/__pycache__/elf.cpython-312.pyc", O_RDONLY|O_CLOEXEC) = 6
fstat(6, {st_mode=S_IFREG|0644, st_size=107620, ...}) = 0
ioctl(6, TCGETS, 0x7ffc5ece4d00)        = -1 ENOTTY (Inappropriate ioctl for device)
lseek(6, 0, SEEK_CUR)                   = 0
lseek(6, 0, SEEK_CUR)                   = 0
fstat(6, {st_mode=S_IFREG|0644, st_size=107620, ...}) = 0
read(6, "\313\r\r\n\0\0\0\0\226\254\33ijd\1\0\343\0\0\0\0\0\0\0\0\0\0\0\0\5\0\0"..., 107621) = 107620
read(6, "", 1)                          = 0
close(6)                                = 0
brk(0x1f613000)                         = 0x1f613000
newfstatat(AT_FDCWD, "/workspace/sidechannel/ropfu", {st_mode=S_IFDIR|0755, st_size=4096, ...}, 0) = 0
newfstatat(AT_FDCWD, "/usr/lib/python3.12", {st_mode=S_IFDIR|0755, st_size=4096, ...}, 0) = 0
newfstatat(AT_FDCWD, "/usr/lib/python3.12/lib-dynload", {st_mode=S_IFDIR|0755, st_size=4096, ...}, 0) = 0
newfstatat(AT_FDCWD, "/usr/lib/python3.12/lib-dynload/mmap.cpython-312-x86_64-linux-gnu.so", {st_mode=S_IFREG|0644, st_size=32600, ...}, 0) = 0
openat(AT_FDCWD, "/usr/lib/python3.12/lib-dynload/mmap.cpython-312-x86_64-linux-gnu.so", O_RDONLY|O_CLOEXEC) = 6
read(6, "\177ELF\2\1\1\0\0\0\0\0\0\0\0\0\3\0>\0\1\0\0\0\0\0\0\0\0\0\0\0"..., 832) = 832
fstat(6, {st_mode=S_IFREG|0644, st_size=32600, ...}) = 0
mmap(NULL, 34600, PROT_READ, MAP_PRIVATE|MAP_DENYWRITE, 6, 0) = 0x7fd8f2689000
mmap(0x7fd8f268b000, 12288, PROT_READ|PROT_EXEC, MAP_PRIVATE|MAP_FIXED|MAP_DENYWRITE, 6, 0x2000) = 0x7fd8f268b000
mmap(0x7fd8f268e000, 8192, PROT_READ, MAP_PRIVATE|MAP_FIXED|MAP_DENYWRITE, 6, 0x5000) = 0x7fd8f268e000
mmap(0x7fd8f2690000, 8192, PROT_READ|PROT_WRITE, MAP_PRIVATE|MAP_FIXED|MAP_DENYWRITE, 6, 0x6000) = 0x7fd8f2690000
close(6)                                = 0
mprotect(0x7fd8f2690000, 4096, PROT_READ) = 0
newfstatat(AT_FDCWD, "/home/ubuntu/.local/lib/python3.12/site-packages/elftools/elf", {st_mode=S_IFDIR|0755, st_size=4096, ...}, 0) = 0
newfstatat(AT_FDCWD, "/home/ubuntu/.local/lib/python3.12/site-packages/elftools/elf/constants.py", {st_mode=S_IFREG|0644, st_size=4952, ...}, 0) = 0
newfstatat(AT_FDCWD, "/home/ubuntu/.local/lib/python3.12/site-packages/elftools/elf/constants.py", {st_mode=S_IFREG|0644, st_size=4952, ...}, 0) = 0
openat(AT_FDCWD, "/home/ubuntu/.local/lib/python3.12/site-packages/elftools/elf/__pycache__/constants.cpython-312.pyc", O_RDONLY|O_CLOEXEC) = 6
fstat(6, {st_mode=S_IFREG|0644, st_size=5832, ...}) = 0
ioctl(6, TCGETS, 0x7ffc5ece4690)        = -1 ENOTTY (Inappropriate ioctl for device)
lseek(6, 0, SEEK_CUR)                   = 0
lseek(6, 0, SEEK_CUR)                   = 0
fstat(6, {st_mode=S_IFREG|0644, st_size=5832, ...}) = 0
read(6, "\313\r\r\n\0\0\0\0\224\254\33iX\23\0\0\343\0\0\0\0\0\0\0\0\0\0\0\0\5\0\0"..., 5833) = 5832
read(6, "", 1)                          = 0
close(6)                                = 0
newfstatat(AT_FDCWD, "/home/ubuntu/.local/lib/python3.12/site-packages/elftools/elf", {st_mode=S_IFDIR|0755, st_size=4096, ...}, 0) = 0
newfstatat(AT_FDCWD, "/home/ubuntu/.local/lib/python3.12/site-packages/elftools/elf/descriptions.py", {st_mode=S_IFREG|0644, st_size=32200, ...}, 0) = 0
newfstatat(AT_FDCWD, "/home/ubuntu/.local/lib/python3.12/site-packages/elftools/elf/descriptions.py", {st_mode=S_IFREG|0644, st_size=32200, ...}, 0) = 0
openat(AT_FDCWD, "/home/ubuntu/.local/lib/python3.12/site-packages/elftools/elf/__pycache__/descriptions.cpython-312.pyc", O_RDONLY|O_CLOEXEC) = 6
fstat(6, {st_mode=S_IFREG|0644, st_size=37953, ...}) = 0
ioctl(6, TCGETS, 0x7ffc5ece4690)        = -1 ENOTTY (Inappropriate ioctl for device)
lseek(6, 0, SEEK_CUR)                   = 0
lseek(6, 0, SEEK_CUR)                   = 0
fstat(6, {st_mode=S_IFREG|0644, st_size=37953, ...}) = 0
read(6, "\313\r\r\n\0\0\0\0\224\254\33i\310}\0\0\343\0\0\0\0\0\0\0\0\0\0\0\0\30\0\0"..., 37954) = 37953
read(6, "", 1)                          = 0
close(6)                                = 0
newfstatat(AT_FDCWD, "/home/ubuntu/.local/lib/python3.12/site-packages/elftools/elf", {st_mode=S_IFDIR|0755, st_size=4096, ...}, 0) = 0
newfstatat(AT_FDCWD, "/home/ubuntu/.local/lib/python3.12/site-packages/elftools/elf/dynamic.py", {st_mode=S_IFREG|0644, st_size=14189, ...}, 0) = 0
newfstatat(AT_FDCWD, "/home/ubuntu/.local/lib/python3.12/site-packages/elftools/elf/dynamic.py", {st_mode=S_IFREG|0644, st_size=14189, ...}, 0) = 0
openat(AT_FDCWD, "/home/ubuntu/.local/lib/python3.12/site-packages/elftools/elf/__pycache__/dynamic.cpython-312.pyc", O_RDONLY|O_CLOEXEC) = 6
fstat(6, {st_mode=S_IFREG|0644, st_size=17316, ...}) = 0
ioctl(6, TCGETS, 0x7ffc5ece4690)        = -1 ENOTTY (Inappropriate ioctl for device)
lseek(6, 0, SEEK_CUR)                   = 0
lseek(6, 0, SEEK_CUR)                   = 0
fstat(6, {st_mode=S_IFREG|0644, st_size=17316, ...}) = 0
read(6, "\313\r\r\n\0\0\0\0\224\254\33im7\0\0\343\0\0\0\0\0\0\0\0\0\0\0\0\6\0\0"..., 17317) = 17316
read(6, "", 1)                          = 0
close(6)                                = 0
newfstatat(AT_FDCWD, "/home/ubuntu/.local/lib/python3.12/site-packages/elftools/elf", {st_mode=S_IFDIR|0755, st_size=4096, ...}, 0) = 0
newfstatat(AT_FDCWD, "/home/ubuntu/.local/lib/python3.12/site-packages/elftools/elf/hash.py", {st_mode=S_IFREG|0644, st_size=7490, ...}, 0) = 0
newfstatat(AT_FDCWD, "/home/ubuntu/.local/lib/python3.12/site-packages/elftools/elf/hash.py", {st_mode=S_IFREG|0644, st_size=7490, ...}, 0) = 0
openat(AT_FDCWD, "/home/ubuntu/.local/lib/python3.12/site-packages/elftools/elf/__pycache__/hash.cpython-312.pyc", O_RDONLY|O_CLOEXEC) = 6
fstat(6, {st_mode=S_IFREG|0644, st_size=9957, ...}) = 0
ioctl(6, TCGETS, 0x7ffc5ece4020)        = -1 ENOTTY (Inappropriate ioctl for device)
lseek(6, 0, SEEK_CUR)                   = 0
lseek(6, 0, SEEK_CUR)                   = 0
fstat(6, {st_mode=S_IFREG|0644, st_size=9957, ...}) = 0
read(6, "\313\r\r\n\0\0\0\0\224\254\33iB\35\0\0\343\0\0\0\0\0\0\0\0\0\0\0\0\6\0\0"..., 9958) = 9957
read(6, "", 1)                          = 0
close(6)                                = 0
newfstatat(AT_FDCWD, "/home/ubuntu/.local/lib/python3.12/site-packages/elftools/elf", {st_mode=S_IFDIR|0755, st_size=4096, ...}, 0) = 0
newfstatat(AT_FDCWD, "/home/ubuntu/.local/lib/python3.12/site-packages/elftools/elf/sections.py", {st_mode=S_IFREG|0644, st_size=20744, ...}, 0) = 0
newfstatat(AT_FDCWD, "/home/ubuntu/.local/lib/python3.12/site-packages/elftools/elf/sections.py", {st_mode=S_IFREG|0644, st_size=20744, ...}, 0) = 0
openat(AT_FDCWD, "/home/ubuntu/.local/lib/python3.12/site-packages/elftools/elf/__pycache__/sections.cpython-312.pyc", O_RDONLY|O_CLOEXEC) = 6
fstat(6, {st_mode=S_IFREG|0644, st_size=31814, ...}) = 0
ioctl(6, TCGETS, 0x7ffc5ece39b0)        = -1 ENOTTY (Inappropriate ioctl for device)
lseek(6, 0, SEEK_CUR)                   = 0
lseek(6, 0, SEEK_CUR)                   = 0
fstat(6, {st_mode=S_IFREG|0644, st_size=31814, ...}) = 0
read(6, "\313\r\r\n\0\0\0\0\224\254\33i\10Q\0\0\343\0\0\0\0\0\0\0\0\0\0\0\0\5\0\0"..., 31815) = 31814
read(6, "", 1)                          = 0
close(6)                                = 0
newfstatat(AT_FDCWD, "/home/ubuntu/.local/lib/python3.12/site-packages/elftools/elf", {st_mode=S_IFDIR|0755, st_size=4096, ...}, 0) = 0
newfstatat(AT_FDCWD, "/home/ubuntu/.local/lib/python3.12/site-packages/elftools/elf/notes.py", {st_mode=S_IFREG|0644, st_size=3178, ...}, 0) = 0
newfstatat(AT_FDCWD, "/home/ubuntu/.local/lib/python3.12/site-packages/elftools/elf/notes.py", {st_mode=S_IFREG|0644, st_size=3178, ...}, 0) = 0
openat(AT_FDCWD, "/home/ubuntu/.local/lib/python3.12/site-packages/elftools/elf/__pycache__/notes.cpython-312.pyc", O_RDONLY|O_CLOEXEC) = 6
fstat(6, {st_mode=S_IFREG|0644, st_size=3102, ...}) = 0
ioctl(6, TCGETS, 0x7ffc5ece3340)        = -1 ENOTTY (Inappropriate ioctl for device)
lseek(6, 0, SEEK_CUR)                   = 0
lseek(6, 0, SEEK_CUR)                   = 0
fstat(6, {st_mode=S_IFREG|0644, st_size=3102, ...}) = 0
read(6, "\313\r\r\n\0\0\0\0\224\254\33ij\f\0\0\343\0\0\0\0\0\0\0\0\0\0\0\0\2\0\0"..., 3103) = 3102
read(6, "", 1)                          = 0
close(6)                                = 0
newfstatat(AT_FDCWD, "/home/ubuntu/.local/lib/python3.12/site-packages/elftools/elf", {st_mode=S_IFDIR|0755, st_size=4096, ...}, 0) = 0
newfstatat(AT_FDCWD, "/home/ubuntu/.local/lib/python3.12/site-packages/elftools/elf/segments.py", {st_mode=S_IFREG|0644, st_size=4857, ...}, 0) = 0
newfstatat(AT_FDCWD, "/home/ubuntu/.local/lib/python3.12/site-packages/elftools/elf/segments.py", {st_mode=S_IFREG|0644, st_size=4857, ...}, 0) = 0
openat(AT_FDCWD, "/home/ubuntu/.local/lib/python3.12/site-packages/elftools/elf/__pycache__/segments.cpython-312.pyc", O_RDONLY|O_CLOEXEC) = 6
fstat(6, {st_mode=S_IFREG|0644, st_size=4633, ...}) = 0
ioctl(6, TCGETS, 0x7ffc5ece4020)        = -1 ENOTTY (Inappropriate ioctl for device)
lseek(6, 0, SEEK_CUR)                   = 0
lseek(6, 0, SEEK_CUR)                   = 0
fstat(6, {st_mode=S_IFREG|0644, st_size=4633, ...}) = 0
read(6, "\313\r\r\n\0\0\0\0\224\254\33i\371\22\0\0\343\0\0\0\0\0\0\0\0\0\0\0\0\5\0\0"..., 4634) = 4633
read(6, "", 1)                          = 0
close(6)                                = 0
newfstatat(AT_FDCWD, "/home/ubuntu/.local/lib/python3.12/site-packages/elftools/elf", {st_mode=S_IFDIR|0755, st_size=4096, ...}, 0) = 0
newfstatat(AT_FDCWD, "/home/ubuntu/.local/lib/python3.12/site-packages/elftools/elf/relocation.py", {st_mode=S_IFREG|0644, st_size=22953, ...}, 0) = 0
newfstatat(AT_FDCWD, "/home/ubuntu/.local/lib/python3.12/site-packages/elftools/elf/relocation.py", {st_mode=S_IFREG|0644, st_size=22953, ...}, 0) = 0
openat(AT_FDCWD, "/home/ubuntu/.local/lib/python3.12/site-packages/elftools/elf/__pycache__/relocation.cpython-312.pyc", O_RDONLY|O_CLOEXEC) = 6
fstat(6, {st_mode=S_IFREG|0644, st_size=20920, ...}) = 0
ioctl(6, TCGETS, 0x7ffc5ece4020)        = -1 ENOTTY (Inappropriate ioctl for device)
lseek(6, 0, SEEK_CUR)                   = 0
lseek(6, 0, SEEK_CUR)                   = 0
fstat(6, {st_mode=S_IFREG|0644, st_size=20920, ...}) = 0
read(6, "\313\r\r\n\0\0\0\0\224\254\33i\251Y\0\0\343\0\0\0\0\0\0\0\0\0\0\0\0\6\0\0"..., 20921) = 20920
read(6, "", 1)                          = 0
close(6)                                = 0
newfstatat(AT_FDCWD, "/home/ubuntu/.local/lib/python3.12/site-packages/elftools/elf", {st_mode=S_IFDIR|0755, st_size=4096, ...}, 0) = 0
newfstatat(AT_FDCWD, "/home/ubuntu/.local/lib/python3.12/site-packages/elftools/elf/elffile.py", {st_mode=S_IFREG|0644, st_size=42667, ...}, 0) = 0
newfstatat(AT_FDCWD, "/home/ubuntu/.local/lib/python3.12/site-packages/elftools/elf/elffile.py", {st_mode=S_IFREG|0644, st_size=42667, ...}, 0) = 0
openat(AT_FDCWD, "/home/ubuntu/.local/lib/python3.12/site-packages/elftools/elf/__pycache__/elffile.cpython-312.pyc", O_RDONLY|O_CLOEXEC) = 6
fstat(6, {st_mode=S_IFREG|0644, st_size=44045, ...}) = 0
ioctl(6, TCGETS, 0x7ffc5ece4690)        = -1 ENOTTY (Inappropriate ioctl for device)
lseek(6, 0, SEEK_CUR)                   = 0
lseek(6, 0, SEEK_CUR)                   = 0
fstat(6, {st_mode=S_IFREG|0644, st_size=44045, ...}) = 0
brk(0x1f638000)                         = 0x1f638000
read(6, "\313\r\r\n\0\0\0\0\224\254\33i\253\246\0\0\343\0\0\0\0\0\0\0\0\0\0\0\0\5\0\0"..., 44046) = 44045
read(6, "", 1)                          = 0
close(6)                                = 0
newfstatat(AT_FDCWD, "/home/ubuntu/.local/lib/python3.12/site-packages/elftools/elf", {st_mode=S_IFDIR|0755, st_size=4096, ...}, 0) = 0
newfstatat(AT_FDCWD, "/home/ubuntu/.local/lib/python3.12/site-packages/elftools/elf/structs.py", {st_mode=S_IFREG|0644, st_size=23759, ...}, 0) = 0
newfstatat(AT_FDCWD, "/home/ubuntu/.local/lib/python3.12/site-packages/elftools/elf/structs.py", {st_mode=S_IFREG|0644, st_size=23759, ...}, 0) = 0
openat(AT_FDCWD, "/home/ubuntu/.local/lib/python3.12/site-packages/elftools/elf/__pycache__/structs.cpython-312.pyc", O_RDONLY|O_CLOEXEC) = 6
fstat(6, {st_mode=S_IFREG|0644, st_size=28660, ...}) = 0
ioctl(6, TCGETS, 0x7ffc5ece4020)        = -1 ENOTTY (Inappropriate ioctl for device)
lseek(6, 0, SEEK_CUR)                   = 0
lseek(6, 0, SEEK_CUR)                   = 0
fstat(6, {st_mode=S_IFREG|0644, st_size=28660, ...}) = 0
read(6, "\313\r\r\n\0\0\0\0\224\254\33i\317\\\0\0\343\0\0\0\0\0\0\0\0\0\0\0\0\5\0\0"..., 28661) = 28660
read(6, "", 1)                          = 0
close(6)                                = 0
newfstatat(AT_FDCWD, "/home/ubuntu/.local/lib/python3.12/site-packages/elftools/common", {st_mode=S_IFDIR|0755, st_size=4096, ...}, 0) = 0
newfstatat(AT_FDCWD, "/home/ubuntu/.local/lib/python3.12/site-packages/elftools/common/construct_utils.py", {st_mode=S_IFREG|0644, st_size=4506, ...}, 0) = 0
newfstatat(AT_FDCWD, "/home/ubuntu/.local/lib/python3.12/site-packages/elftools/common/construct_utils.py", {st_mode=S_IFREG|0644, st_size=4506, ...}, 0) = 0
openat(AT_FDCWD, "/home/ubuntu/.local/lib/python3.12/site-packages/elftools/common/__pycache__/construct_utils.cpython-312.pyc", O_RDONLY|O_CLOEXEC) = 6
fstat(6, {st_mode=S_IFREG|0644, st_size=7242, ...}) = 0
ioctl(6, TCGETS, 0x7ffc5ece39b0)        = -1 ENOTTY (Inappropriate ioctl for device)
lseek(6, 0, SEEK_CUR)                   = 0
lseek(6, 0, SEEK_CUR)                   = 0
fstat(6, {st_mode=S_IFREG|0644, st_size=7242, ...}) = 0
read(6, "\313\r\r\n\0\0\0\0\224\254\33i\232\21\0\0\343\0\0\0\0\0\0\0\0\0\0\0\0\5\0\0"..., 7243) = 7242
read(6, "", 1)                          = 0
close(6)                                = 0
newfstatat(AT_FDCWD, "/home/ubuntu/.local/lib/python3.12/site-packages/elftools/elf", {st_mode=S_IFDIR|0755, st_size=4096, ...}, 0) = 0
newfstatat(AT_FDCWD, "/home/ubuntu/.local/lib/python3.12/site-packages/elftools/elf/gnuversions.py", {st_mode=S_IFREG|0644, st_size=8383, ...}, 0) = 0
newfstatat(AT_FDCWD, "/home/ubuntu/.local/lib/python3.12/site-packages/elftools/elf/gnuversions.py", {st_mode=S_IFREG|0644, st_size=8383, ...}, 0) = 0
openat(AT_FDCWD, "/home/ubuntu/.local/lib/python3.12/site-packages/elftools/elf/__pycache__/gnuversions.cpython-312.pyc", O_RDONLY|O_CLOEXEC) = 6
fstat(6, {st_mode=S_IFREG|0644, st_size=11141, ...}) = 0
ioctl(6, TCGETS, 0x7ffc5ece4020)        = -1 ENOTTY (Inappropriate ioctl for device)
lseek(6, 0, SEEK_CUR)                   = 0
lseek(6, 0, SEEK_CUR)                   = 0
fstat(6, {st_mode=S_IFREG|0644, st_size=11141, ...}) = 0
read(6, "\313\r\r\n\0\0\0\0\224\254\33i\277 \0\0\343\0\0\0\0\0\0\0\0\0\0\0\0\5\0\0"..., 11142) = 11141
read(6, "", 1)                          = 0
close(6)                                = 0
newfstatat(AT_FDCWD, "/home/ubuntu/.local/lib/python3.12/site-packages/elftools", {st_mode=S_IFDIR|0755, st_size=4096, ...}, 0) = 0
newfstatat(AT_FDCWD, "/home/ubuntu/.local/lib/python3.12/site-packages/elftools/dwarf/__init__.cpython-312-x86_64-linux-gnu.so", 0x7ffc5ece3f10, 0) = -1 ENOENT (No such file or directory)
newfstatat(AT_FDCWD, "/home/ubuntu/.local/lib/python3.12/site-packages/elftools/dwarf/__init__.abi3.so", 0x7ffc5ece3f10, 0) = -1 ENOENT (No such file or directory)
newfstatat(AT_FDCWD, "/home/ubuntu/.local/lib/python3.12/site-packages/elftools/dwarf/__init__.so", 0x7ffc5ece3f10, 0) = -1 ENOENT (No such file or directory)
newfstatat(AT_FDCWD, "/home/ubuntu/.local/lib/python3.12/site-packages/elftools/dwarf/__init__.py", {st_mode=S_IFREG|0644, st_size=0, ...}, 0) = 0
newfstatat(AT_FDCWD, "/home/ubuntu/.local/lib/python3.12/site-packages/elftools/dwarf/__init__.py", {st_mode=S_IFREG|0644, st_size=0, ...}, 0) = 0
openat(AT_FDCWD, "/home/ubuntu/.local/lib/python3.12/site-packages/elftools/dwarf/__pycache__/__init__.cpython-312.pyc", O_RDONLY|O_CLOEXEC) = 6
fstat(6, {st_mode=S_IFREG|0644, st_size=172, ...}) = 0
ioctl(6, TCGETS, 0x7ffc5ece3bb0)        = -1 ENOTTY (Inappropriate ioctl for device)
lseek(6, 0, SEEK_CUR)                   = 0
lseek(6, 0, SEEK_CUR)                   = 0
fstat(6, {st_mode=S_IFREG|0644, st_size=172, ...}) = 0
read(6, "\313\r\r\n\0\0\0\0\224\254\33i\0\0\0\0\343\0\0\0\0\0\0\0\0\0\0\0\0\0\0\0"..., 173) = 172
read(6, "", 1)                          = 0
close(6)                                = 0
newfstatat(AT_FDCWD, "/home/ubuntu/.local/lib/python3.12/site-packages/elftools/dwarf", {st_mode=S_IFDIR|0755, st_size=4096, ...}, 0) = 0
newfstatat(AT_FDCWD, "/home/ubuntu/.local/lib/python3.12/site-packages/elftools/dwarf", {st_mode=S_IFDIR|0755, st_size=4096, ...}, 0) = 0
newfstatat(AT_FDCWD, "/home/ubuntu/.local/lib/python3.12/site-packages/elftools/dwarf", {st_mode=S_IFDIR|0755, st_size=4096, ...}, 0) = 0
openat(AT_FDCWD, "/home/ubuntu/.local/lib/python3.12/site-packages/elftools/dwarf", O_RDONLY|O_NONBLOCK|O_CLOEXEC|O_DIRECTORY) = 6
fstat(6, {st_mode=S_IFDIR|0755, st_size=4096, ...}) = 0
getdents64(6, 0x1f61b8f0 /* 22 entries */, 32768) = 752
getdents64(6, 0x1f61b8f0 /* 0 entries */, 32768) = 0
close(6)                                = 0
newfstatat(AT_FDCWD, "/home/ubuntu/.local/lib/python3.12/site-packages/elftools/dwarf/dwarfinfo.py", {st_mode=S_IFREG|0644, st_size=30632, ...}, 0) = 0
newfstatat(AT_FDCWD, "/home/ubuntu/.local/lib/python3.12/site-packages/elftools/dwarf/dwarfinfo.py", {st_mode=S_IFREG|0644, st_size=30632, ...}, 0) = 0
openat(AT_FDCWD, "/home/ubuntu/.local/lib/python3.12/site-packages/elftools/dwarf/__pycache__/dwarfinfo.cpython-312.pyc", O_RDONLY|O_CLOEXEC) = 6
fstat(6, {st_mode=S_IFREG|0644, st_size=30774, ...}) = 0
ioctl(6, TCGETS, 0x7ffc5ece4020)        = -1 ENOTTY (Inappropriate ioctl for device)
lseek(6, 0, SEEK_CUR)                   = 0
lseek(6, 0, SEEK_CUR)                   = 0
fstat(6, {st_mode=S_IFREG|0644, st_size=30774, ...}) = 0
read(6, "\313\r\r\n\0\0\0\0\224\254\33i\250w\0\0\343\0\0\0\0\0\0\0\0\0\0\0\0\5\0\0"..., 30775) = 30774
read(6, "", 1)                          = 0
close(6)                                = 0
newfstatat(AT_FDCWD, "/home/ubuntu/.local/lib/python3.12/site-packages/elftools/dwarf", {st_mode=S_IFDIR|0755, st_size=4096, ...}, 0) = 0
newfstatat(AT_FDCWD, "/home/ubuntu/.local/lib/python3.12/site-packages/elftools/dwarf/structs.py", {st_mode=S_IFREG|0644, st_size=26057, ...}, 0) = 0
newfstatat(AT_FDCWD, "/home/ubuntu/.local/lib/python3.12/site-packages/elftools/dwarf/structs.py", {st_mode=S_IFREG|0644, st_size=26057, ...}, 0) = 0
openat(AT_FDCWD, "/home/ubuntu/.local/lib/python3.12/site-packages/elftools/dwarf/__pycache__/structs.cpython-312.pyc", O_RDONLY|O_CLOEXEC) = 6
fstat(6, {st_mode=S_IFREG|0644, st_size=33974, ...}) = 0
ioctl(6, TCGETS, 0x7ffc5ece39b0)        = -1 ENOTTY (Inappropriate ioctl for device)
lseek(6, 0, SEEK_CUR)                   = 0
lseek(6, 0, SEEK_CUR)                   = 0
fstat(6, {st_mode=S_IFREG|0644, st_size=33974, ...}) = 0
read(6, "\313\r\r\n\0\0\0\0\224\254\33i\311e\0\0\343\0\0\0\0\0\0\0\0\0\0\0\0\5\0\0"..., 33975) = 33974
read(6, "", 1)                          = 0
close(6)                                = 0
newfstatat(AT_FDCWD, "/usr/lib/python3.12/logging", {st_mode=S_IFDIR|0755, st_size=4096, ...}, 0) = 0
newfstatat(AT_FDCWD, "/usr/lib/python3.12/logging", {st_mode=S_IFDIR|0755, st_size=4096, ...}, 0) = 0
newfstatat(AT_FDCWD, "/usr/lib/python3.12/logging", {st_mode=S_IFDIR|0755, st_size=4096, ...}, 0) = 0
openat(AT_FDCWD, "/usr/lib/python3.12/logging", O_RDONLY|O_NONBLOCK|O_CLOEXEC|O_DIRECTORY) = 6
fstat(6, {st_mode=S_IFDIR|0755, st_size=4096, ...}) = 0
getdents64(6, 0x1f61c6d0 /* 6 entries */, 32768) = 176
getdents64(6, 0x1f61c6d0 /* 0 entries */, 32768) = 0
close(6)                                = 0
newfstatat(AT_FDCWD, "/usr/lib/python3.12/logging/config.py", {st_mode=S_IFREG|0644, st_size=41526, ...}, 0) = 0
newfstatat(AT_FDCWD, "/usr/lib/python3.12/logging/config.py", {st_mode=S_IFREG|0644, st_size=41526, ...}, 0) = 0
openat(AT_FDCWD, "/usr/lib/python3.12/logging/__pycache__/config.cpython-312.pyc", O_RDONLY|O_CLOEXEC) = 6
fstat(6, {st_mode=S_IFREG|0644, st_size=43060, ...}) = 0
ioctl(6, TCGETS, 0x7ffc5ece3340)        = -1 ENOTTY (Inappropriate ioctl for device)
lseek(6, 0, SEEK_CUR)                   = 0
lseek(6, 0, SEEK_CUR)                   = 0
fstat(6, {st_mode=S_IFREG|0644, st_size=43060, ...}) = 0
read(6, "\313\r\r\n\0\0\0\0)!\236h6\242\0\0\343\0\0\0\0\0\0\0\0\0\0\0\0\6\0\0"..., 43061) = 43060
read(6, "", 1)                          = 0
close(6)                                = 0
mmap(NULL, 1048576, PROT_READ|PROT_WRITE, MAP_PRIVATE|MAP_ANONYMOUS, -1, 0) = 0x7fd8f2589000
newfstatat(AT_FDCWD, "/usr/lib/python3.12/logging", {st_mode=S_IFDIR|0755, st_size=4096, ...}, 0) = 0
newfstatat(AT_FDCWD, "/usr/lib/python3.12/logging/handlers.py", {st_mode=S_IFREG|0644, st_size=62007, ...}, 0) = 0
newfstatat(AT_FDCWD, "/usr/lib/python3.12/logging/handlers.py", {st_mode=S_IFREG|0644, st_size=62007, ...}, 0) = 0
openat(AT_FDCWD, "/usr/lib/python3.12/logging/__pycache__/handlers.cpython-312.pyc", O_RDONLY|O_CLOEXEC) = 6
fstat(6, {st_mode=S_IFREG|0644, st_size=66795, ...}) = 0
ioctl(6, TCGETS, 0x7ffc5ece2cd0)        = -1 ENOTTY (Inappropriate ioctl for device)
lseek(6, 0, SEEK_CUR)                   = 0
lseek(6, 0, SEEK_CUR)                   = 0
fstat(6, {st_mode=S_IFREG|0644, st_size=66795, ...}) = 0
brk(0x1f65b000)                         = 0x1f65b000
read(6, "\313\r\r\n\0\0\0\0)!\236h7\362\0\0\343\0\0\0\0\0\0\0\0\0\0\0\0\5\0\0"..., 66796) = 66795
read(6, "", 1)                          = 0
close(6)                                = 0
newfstatat(AT_FDCWD, "/workspace/sidechannel/ropfu", {st_mode=S_IFDIR|0755, st_size=4096, ...}, 0) = 0
newfstatat(AT_FDCWD, "/usr/lib/python3.12", {st_mode=S_IFDIR|0755, st_size=4096, ...}, 0) = 0
newfstatat(AT_FDCWD, "/usr/lib/python3.12/socketserver.py", {st_mode=S_IFREG|0644, st_size=27851, ...}, 0) = 0
newfstatat(AT_FDCWD, "/usr/lib/python3.12/socketserver.py", {st_mode=S_IFREG|0644, st_size=27851, ...}, 0) = 0
openat(AT_FDCWD, "/usr/lib/python3.12/__pycache__/socketserver.cpython-312.pyc", O_RDONLY|O_CLOEXEC) = 6
fstat(6, {st_mode=S_IFREG|0644, st_size=34258, ...}) = 0
ioctl(6, TCGETS, 0x7ffc5ece2cd0)        = -1 ENOTTY (Inappropriate ioctl for device)
lseek(6, 0, SEEK_CUR)                   = 0
lseek(6, 0, SEEK_CUR)                   = 0
fstat(6, {st_mode=S_IFREG|0644, st_size=34258, ...}) = 0
read(6, "\313\r\r\n\0\0\0\0)!\236h\313l\0\0\343\0\0\0\0\0\0\0\0\0\0\0\0\6\0\0"..., 34259) = 34258
read(6, "", 1)                          = 0
close(6)                                = 0
brk(0x1f681000)                         = 0x1f681000
newfstatat(AT_FDCWD, "/home/ubuntu/.local/lib/python3.12/site-packages/elftools/dwarf", {st_mode=S_IFDIR|0755, st_size=4096, ...}, 0) = 0
newfstatat(AT_FDCWD, "/home/ubuntu/.local/lib/python3.12/site-packages/elftools/dwarf/enums.py", {st_mode=S_IFREG|0644, st_size=20920, ...}, 0) = 0
newfstatat(AT_FDCWD, "/home/ubuntu/.local/lib/python3.12/site-packages/elftools/dwarf/enums.py", {st_mode=S_IFREG|0644, st_size=20920, ...}, 0) = 0
openat(AT_FDCWD, "/home/ubuntu/.local/lib/python3.12/site-packages/elftools/dwarf/__pycache__/enums.cpython-312.pyc", O_RDONLY|O_CLOEXEC) = 6
fstat(6, {st_mode=S_IFREG|0644, st_size=19716, ...}) = 0
ioctl(6, TCGETS, 0x7ffc5ece3340)        = -1 ENOTTY (Inappropriate ioctl for device)
lseek(6, 0, SEEK_CUR)                   = 0
lseek(6, 0, SEEK_CUR)                   = 0
fstat(6, {st_mode=S_IFREG|0644, st_size=19716, ...}) = 0
read(6, "\313\r\r\n\0\0\0\0\224\254\33i\270Q\0\0\343\0\0\0\0\0\0\0\0\0\0\0\0\v\0\0"..., 19717) = 19716
read(6, "", 1)                          = 0
close(6)                                = 0
newfstatat(AT_FDCWD, "/home/ubuntu/.local/lib/python3.12/site-packages/elftools/dwarf", {st_mode=S_IFDIR|0755, st_size=4096, ...}, 0) = 0
newfstatat(AT_FDCWD, "/home/ubuntu/.local/lib/python3.12/site-packages/elftools/dwarf/compileunit.py", {st_mode=S_IFREG|0644, st_size=9519, ...}, 0) = 0
newfstatat(AT_FDCWD, "/home/ubuntu/.local/lib/python3.12/site-packages/elftools/dwarf/compileunit.py", {st_mode=S_IFREG|0644, st_size=9519, ...}, 0) = 0
openat(AT_FDCWD, "/home/ubuntu/.local/lib/python3.12/site-packages/elftools/dwarf/__pycache__/compileunit.cpython-312.pyc", O_RDONLY|O_CLOEXEC) = 6
fstat(6, {st_mode=S_IFREG|0644, st_size=9247, ...}) = 0
ioctl(6, TCGETS, 0x7ffc5ece39b0)        = -1 ENOTTY (Inappropriate ioctl for device)
lseek(6, 0, SEEK_CUR)                   = 0
lseek(6, 0, SEEK_CUR)                   = 0
fstat(6, {st_mode=S_IFREG|0644, st_size=9247, ...}) = 0
read(6, "\313\r\r\n\0\0\0\0\224\254\33i/%\0\0\343\0\0\0\0\0\0\0\0\0\0\0\0\5\0\0"..., 9248) = 9247
read(6, "", 1)                          = 0
close(6)                                = 0
newfstatat(AT_FDCWD, "/home/ubuntu/.local/lib/python3.12/site-packages/elftools/dwarf", {st_mode=S_IFDIR|0755, st_size=4096, ...}, 0) = 0
newfstatat(AT_FDCWD, "/home/ubuntu/.local/lib/python3.12/site-packages/elftools/dwarf/die.py", {st_mode=S_IFREG|0644, st_size=15608, ...}, 0) = 0
newfstatat(AT_FDCWD, "/home/ubuntu/.local/lib/python3.12/site-packages/elftools/dwarf/die.py", {st_mode=S_IFREG|0644, st_size=15608, ...}, 0) = 0
openat(AT_FDCWD, "/home/ubuntu/.local/lib/python3.12/site-packages/elftools/dwarf/__pycache__/die.cpython-312.pyc", O_RDONLY|O_CLOEXEC) = 6
fstat(6, {st_mode=S_IFREG|0644, st_size=15187, ...}) = 0
ioctl(6, TCGETS, 0x7ffc5ece3340)        = -1 ENOTTY (Inappropriate ioctl for device)
lseek(6, 0, SEEK_CUR)                   = 0
lseek(6, 0, SEEK_CUR)                   = 0
fstat(6, {st_mode=S_IFREG|0644, st_size=15187, ...}) = 0
read(6, "\313\r\r\n\0\0\0\0\224\254\33i\370<\0\0\343\0\0\0\0\0\0\0\0\0\0\0\0\5\0\0"..., 15188) = 15187
read(6, "", 1)                          = 0
close(6)                                = 0
newfstatat(AT_FDCWD, "/home/ubuntu/.local/lib/python3.12/site-packages/elftools/dwarf", {st_mode=S_IFDIR|0755, st_size=4096, ...}, 0) = 0
newfstatat(AT_FDCWD, "/home/ubuntu/.local/lib/python3.12/site-packages/elftools/dwarf/dwarf_util.py", {st_mode=S_IFREG|0644, st_size=3053, ...}, 0) = 0
newfstatat(AT_FDCWD, "/home/ubuntu/.local/lib/python3.12/site-packages/elftools/dwarf/dwarf_util.py", {st_mode=S_IFREG|0644, st_size=3053, ...}, 0) = 0
openat(AT_FDCWD, "/home/ubuntu/.local/lib/python3.12/site-packages/elftools/dwarf/__pycache__/dwarf_util.cpython-312.pyc", O_RDONLY|O_CLOEXEC) = 6
fstat(6, {st_mode=S_IFREG|0644, st_size=3843, ...}) = 0
ioctl(6, TCGETS, 0x7ffc5ece2cd0)        = -1 ENOTTY (Inappropriate ioctl for device)
lseek(6, 0, SEEK_CUR)                   = 0
lseek(6, 0, SEEK_CUR)                   = 0
fstat(6, {st_mode=S_IFREG|0644, st_size=3843, ...}) = 0
read(6, "\313\r\r\n\0\0\0\0\224\254\33i\355\v\0\0\343\0\0\0\0\0\0\0\0\0\0\0\0\2\0\0"..., 3844) = 3843
read(6, "", 1)                          = 0
close(6)                                = 0
newfstatat(AT_FDCWD, "/home/ubuntu/.local/lib/python3.12/site-packages/elftools/dwarf", {st_mode=S_IFDIR|0755, st_size=4096, ...}, 0) = 0
newfstatat(AT_FDCWD, "/home/ubuntu/.local/lib/python3.12/site-packages/elftools/dwarf/typeunit.py", {st_mode=S_IFREG|0644, st_size=10179, ...}, 0) = 0
newfstatat(AT_FDCWD, "/home/ubuntu/.local/lib/python3.12/site-packages/elftools/dwarf/typeunit.py", {st_mode=S_IFREG|0644, st_size=10179, ...}, 0) = 0
openat(AT_FDCWD, "/home/ubuntu/.local/lib/python3.12/site-packages/elftools/dwarf/__pycache__/typeunit.cpython-312.pyc", O_RDONLY|O_CLOEXEC) = 6
fstat(6, {st_mode=S_IFREG|0644, st_size=10056, ...}) = 0
ioctl(6, TCGETS, 0x7ffc5ece39b0)        = -1 ENOTTY (Inappropriate ioctl for device)
lseek(6, 0, SEEK_CUR)                   = 0
lseek(6, 0, SEEK_CUR)                   = 0
fstat(6, {st_mode=S_IFREG|0644, st_size=10056, ...}) = 0
read(6, "\313\r\r\n\0\0\0\0\224\254\33i\303'\0\0\343\0\0\0\0\0\0\0\0\0\0\0\0\5\0\0"..., 10057) = 10056
read(6, "", 1)                          = 0
close(6)                                = 0
newfstatat(AT_FDCWD, "/home/ubuntu/.local/lib/python3.12/site-packages/elftools/dwarf", {st_mode=S_IFDIR|0755, st_size=4096, ...}, 0) = 0
newfstatat(AT_FDCWD, "/home/ubuntu/.local/lib/python3.12/site-packages/elftools/dwarf/abbrevtable.py", {st_mode=S_IFREG|0644, st_size=2653, ...}, 0) = 0
newfstatat(AT_FDCWD, "/home/ubuntu/.local/lib/python3.12/site-packages/elftools/dwarf/abbrevtable.py", {st_mode=S_IFREG|0644, st_size=2653, ...}, 0) = 0
openat(AT_FDCWD, "/home/ubuntu/.local/lib/python3.12/site-packages/elftools/dwarf/__pycache__/abbrevtable.cpython-312.pyc", O_RDONLY|O_CLOEXEC) = 6
fstat(6, {st_mode=S_IFREG|0644, st_size=3644, ...}) = 0
ioctl(6, TCGETS, 0x7ffc5ece39b0)        = -1 ENOTTY (Inappropriate ioctl for device)
lseek(6, 0, SEEK_CUR)                   = 0
lseek(6, 0, SEEK_CUR)                   = 0
fstat(6, {st_mode=S_IFREG|0644, st_size=3644, ...}) = 0
read(6, "\313\r\r\n\0\0\0\0\224\254\33i]\n\0\0\343\0\0\0\0\0\0\0\0\0\0\0\0\5\0\0"..., 3645) = 3644
read(6, "", 1)                          = 0
close(6)                                = 0
newfstatat(AT_FDCWD, "/home/ubuntu/.local/lib/python3.12/site-packages/elftools/dwarf", {st_mode=S_IFDIR|0755, st_size=4096, ...}, 0) = 0
newfstatat(AT_FDCWD, "/home/ubuntu/.local/lib/python3.12/site-packages/elftools/dwarf/lineprogram.py", {st_mode=S_IFREG|0644, st_size=12090, ...}, 0) = 0
newfstatat(AT_FDCWD, "/home/ubuntu/.local/lib/python3.12/site-packages/elftools/dwarf/lineprogram.py", {st_mode=S_IFREG|0644, st_size=12090, ...}, 0) = 0
openat(AT_FDCWD, "/home/ubuntu/.local/lib/python3.12/site-packages/elftools/dwarf/__pycache__/lineprogram.cpython-312.pyc", O_RDONLY|O_CLOEXEC) = 6
fstat(6, {st_mode=S_IFREG|0644, st_size=10371, ...}) = 0
ioctl(6, TCGETS, 0x7ffc5ece39b0)        = -1 ENOTTY (Inappropriate ioctl for device)
lseek(6, 0, SEEK_CUR)                   = 0
lseek(6, 0, SEEK_CUR)                   = 0
fstat(6, {st_mode=S_IFREG|0644, st_size=10371, ...}) = 0
read(6, "\313\r\r\n\0\0\0\0\224\254\33i:/\0\0\343\0\0\0\0\0\0\0\0\0\0\0\0\5\0\0"..., 10372) = 10371
read(6, "", 1)                          = 0
close(6)                                = 0
newfstatat(AT_FDCWD, "/home/ubuntu/.local/lib/python3.12/site-packages/elftools/dwarf", {st_mode=S_IFDIR|0755, st_size=4096, ...}, 0) = 0
newfstatat(AT_FDCWD, "/home/ubuntu/.local/lib/python3.12/site-packages/elftools/dwarf/constants.py", {st_mode=S_IFREG|0644, st_size=5391, ...}, 0) = 0
newfstatat(AT_FDCWD, "/home/ubuntu/.local/lib/python3.12/site-packages/elftools/dwarf/constants.py", {st_mode=S_IFREG|0644, st_size=5391, ...}, 0) = 0
openat(AT_FDCWD, "/home/ubuntu/.local/lib/python3.12/site-packages/elftools/dwarf/__pycache__/constants.cpython-312.pyc", O_RDONLY|O_CLOEXEC) = 6
fstat(6, {st_mode=S_IFREG|0644, st_size=5161, ...}) = 0
ioctl(6, TCGETS, 0x7ffc5ece3340)        = -1 ENOTTY (Inappropriate ioctl for device)
lseek(6, 0, SEEK_CUR)                   = 0
lseek(6, 0, SEEK_CUR)                   = 0
fstat(6, {st_mode=S_IFREG|0644, st_size=5161, ...}) = 0
read(6, "\313\r\r\n\0\0\0\0\224\254\33i\17\25\0\0\343\0\0\0\0\0\0\0\0\0\0\0\0\1\0\0"..., 5162) = 5161
read(6, "", 1)                          = 0
close(6)                                = 0
newfstatat(AT_FDCWD, "/home/ubuntu/.local/lib/python3.12/site-packages/elftools/dwarf", {st_mode=S_IFDIR|0755, st_size=4096, ...}, 0) = 0
newfstatat(AT_FDCWD, "/home/ubuntu/.local/lib/python3.12/site-packages/elftools/dwarf/callframe.py", {st_mode=S_IFREG|0644, st_size=30333, ...}, 0) = 0
newfstatat(AT_FDCWD, "/home/ubuntu/.local/lib/python3.12/site-packages/elftools/dwarf/callframe.py", {st_mode=S_IFREG|0644, st_size=30333, ...}, 0) = 0
openat(AT_FDCWD, "/home/ubuntu/.local/lib/python3.12/site-packages/elftools/dwarf/__pycache__/callframe.cpython-312.pyc", O_RDONLY|O_CLOEXEC) = 6
fstat(6, {st_mode=S_IFREG|0644, st_size=29850, ...}) = 0
ioctl(6, TCGETS, 0x7ffc5ece39b0)        = -1 ENOTTY (Inappropriate ioctl for device)
lseek(6, 0, SEEK_CUR)                   = 0
lseek(6, 0, SEEK_CUR)                   = 0
fstat(6, {st_mode=S_IFREG|0644, st_size=29850, ...}) = 0
read(6, "\313\r\r\n\0\0\0\0\224\254\33i}v\0\0\343\0\0\0\0\0\0\0\0\0\0\0\0\5\0\0"..., 29851) = 29850
read(6, "", 1)                          = 0
close(6)                                = 0
newfstatat(AT_FDCWD, "/home/ubuntu/.local/lib/python3.12/site-packages/elftools/dwarf", {st_mode=S_IFDIR|0755, st_size=4096, ...}, 0) = 0
newfstatat(AT_FDCWD, "/home/ubuntu/.local/lib/python3.12/site-packages/elftools/dwarf/locationlists.py", {st_mode=S_IFREG|0644, st_size=19148, ...}, 0) = 0
newfstatat(AT_FDCWD, "/home/ubuntu/.local/lib/python3.12/site-packages/elftools/dwarf/locationlists.py", {st_mode=S_IFREG|0644, st_size=19148, ...}, 0) = 0
openat(AT_FDCWD, "/home/ubuntu/.local/lib/python3.12/site-packages/elftools/dwarf/__pycache__/locationlists.cpython-312.pyc", O_RDONLY|O_CLOEXEC) = 6
fstat(6, {st_mode=S_IFREG|0644, st_size=20240, ...}) = 0
ioctl(6, TCGETS, 0x7ffc5ece39b0)        = -1 ENOTTY (Inappropriate ioctl for device)
lseek(6, 0, SEEK_CUR)                   = 0
lseek(6, 0, SEEK_CUR)                   = 0
fstat(6, {st_mode=S_IFREG|0644, st_size=20240, ...}) = 0
read(6, "\313\r\r\n\0\0\0\0\224\254\33i\314J\0\0\343\0\0\0\0\0\0\0\0\0\0\0\0\t\0\0"..., 20241) = 20240
read(6, "", 1)                          = 0
close(6)                                = 0
newfstatat(AT_FDCWD, "/home/ubuntu/.local/lib/python3.12/site-packages/elftools/dwarf", {st_mode=S_IFDIR|0755, st_size=4096, ...}, 0) = 0
newfstatat(AT_FDCWD, "/home/ubuntu/.local/lib/python3.12/site-packages/elftools/dwarf/ranges.py", {st_mode=S_IFREG|0644, st_size=9239, ...}, 0) = 0
newfstatat(AT_FDCWD, "/home/ubuntu/.local/lib/python3.12/site-packages/elftools/dwarf/ranges.py", {st_mode=S_IFREG|0644, st_size=9239, ...}, 0) = 0
openat(AT_FDCWD, "/home/ubuntu/.local/lib/python3.12/site-packages/elftools/dwarf/__pycache__/ranges.cpython-312.pyc", O_RDONLY|O_CLOEXEC) = 6
fstat(6, {st_mode=S_IFREG|0644, st_size=12687, ...}) = 0
ioctl(6, TCGETS, 0x7ffc5ece39b0)        = -1 ENOTTY (Inappropriate ioctl for device)
lseek(6, 0, SEEK_CUR)                   = 0
lseek(6, 0, SEEK_CUR)                   = 0
fstat(6, {st_mode=S_IFREG|0644, st_size=12687, ...}) = 0
read(6, "\313\r\r\n\0\0\0\0\224\254\33i\27$\0\0\343\0\0\0\0\0\0\0\0\0\0\0\0\10\0\0"..., 12688) = 12687
read(6, "", 1)                          = 0
close(6)                                = 0
newfstatat(AT_FDCWD, "/home/ubuntu/.local/lib/python3.12/site-packages/elftools/dwarf", {st_mode=S_IFDIR|0755, st_size=4096, ...}, 0) = 0
newfstatat(AT_FDCWD, "/home/ubuntu/.local/lib/python3.12/site-packages/elftools/dwarf/aranges.py", {st_mode=S_IFREG|0644, st_size=5201, ...}, 0) = 0
newfstatat(AT_FDCWD, "/home/ubuntu/.local/lib/python3.12/site-packages/elftools/dwarf/aranges.py", {st_mode=S_IFREG|0644, st_size=5201, ...}, 0) = 0
openat(AT_FDCWD, "/home/ubuntu/.local/lib/python3.12/site-packages/elftools/dwarf/__pycache__/aranges.cpython-312.pyc", O_RDONLY|O_CLOEXEC) = 6
fstat(6, {st_mode=S_IFREG|0644, st_size=5088, ...}) = 0
ioctl(6, TCGETS, 0x7ffc5ece39b0)        = -1 ENOTTY (Inappropriate ioctl for device)
lseek(6, 0, SEEK_CUR)                   = 0
lseek(6, 0, SEEK_CUR)                   = 0
fstat(6, {st_mode=S_IFREG|0644, st_size=5088, ...}) = 0
read(6, "\313\r\r\n\0\0\0\0\224\254\33iQ\24\0\0\343\0\0\0\0\0\0\0\0\0\0\0\0\5\0\0"..., 5089) = 5088
read(6, "", 1)                          = 0
close(6)                                = 0
newfstatat(AT_FDCWD, "/home/ubuntu/.local/lib/python3.12/site-packages/elftools/dwarf", {st_mode=S_IFDIR|0755, st_size=4096, ...}, 0) = 0
newfstatat(AT_FDCWD, "/home/ubuntu/.local/lib/python3.12/site-packages/elftools/dwarf/namelut.py", {st_mode=S_IFREG|0644, st_size=7320, ...}, 0) = 0
newfstatat(AT_FDCWD, "/home/ubuntu/.local/lib/python3.12/site-packages/elftools/dwarf/namelut.py", {st_mode=S_IFREG|0644, st_size=7320, ...}, 0) = 0
openat(AT_FDCWD, "/home/ubuntu/.local/lib/python3.12/site-packages/elftools/dwarf/__pycache__/namelut.cpython-312.pyc", O_RDONLY|O_CLOEXEC) = 6
fstat(6, {st_mode=S_IFREG|0644, st_size=8093, ...}) = 0
ioctl(6, TCGETS, 0x7ffc5ece39b0)        = -1 ENOTTY (Inappropriate ioctl for device)
lseek(6, 0, SEEK_CUR)                   = 0
lseek(6, 0, SEEK_CUR)                   = 0
fstat(6, {st_mode=S_IFREG|0644, st_size=8093, ...}) = 0
read(6, "\313\r\r\n\0\0\0\0\224\254\33i\230\34\0\0\343\0\0\0\0\0\0\0\0\0\0\0\0\5\0\0"..., 8094) = 8093
read(6, "", 1)                          = 0
close(6)                                = 0
newfstatat(AT_FDCWD, "/home/ubuntu/.local/lib/python3.12/site-packages/elftools", {st_mode=S_IFDIR|0755, st_size=4096, ...}, 0) = 0
newfstatat(AT_FDCWD, "/home/ubuntu/.local/lib/python3.12/site-packages/elftools/ehabi/__init__.cpython-312-x86_64-linux-gnu.so", 0x7ffc5ece3f10, 0) = -1 ENOENT (No such file or directory)
newfstatat(AT_FDCWD, "/home/ubuntu/.local/lib/python3.12/site-packages/elftools/ehabi/__init__.abi3.so", 0x7ffc5ece3f10, 0) = -1 ENOENT (No such file or directory)
newfstatat(AT_FDCWD, "/home/ubuntu/.local/lib/python3.12/site-packages/elftools/ehabi/__init__.so", 0x7ffc5ece3f10, 0) = -1 ENOENT (No such file or directory)
newfstatat(AT_FDCWD, "/home/ubuntu/.local/lib/python3.12/site-packages/elftools/ehabi/__init__.py", {st_mode=S_IFREG|0644, st_size=0, ...}, 0) = 0
newfstatat(AT_FDCWD, "/home/ubuntu/.local/lib/python3.12/site-packages/elftools/ehabi/__init__.py", {st_mode=S_IFREG|0644, st_size=0, ...}, 0) = 0
openat(AT_FDCWD, "/home/ubuntu/.local/lib/python3.12/site-packages/elftools/ehabi/__pycache__/__init__.cpython-312.pyc", O_RDONLY|O_CLOEXEC) = 6
fstat(6, {st_mode=S_IFREG|0644, st_size=172, ...}) = 0
ioctl(6, TCGETS, 0x7ffc5ece3bb0)        = -1 ENOTTY (Inappropriate ioctl for device)
lseek(6, 0, SEEK_CUR)                   = 0
lseek(6, 0, SEEK_CUR)                   = 0
fstat(6, {st_mode=S_IFREG|0644, st_size=172, ...}) = 0
read(6, "\313\r\r\n\0\0\0\0\224\254\33i\0\0\0\0\343\0\0\0\0\0\0\0\0\0\0\0\0\0\0\0"..., 173) = 172
read(6, "", 1)                          = 0
close(6)                                = 0
newfstatat(AT_FDCWD, "/home/ubuntu/.local/lib/python3.12/site-packages/elftools/ehabi", {st_mode=S_IFDIR|0755, st_size=4096, ...}, 0) = 0
newfstatat(AT_FDCWD, "/home/ubuntu/.local/lib/python3.12/site-packages/elftools/ehabi", {st_mode=S_IFDIR|0755, st_size=4096, ...}, 0) = 0
newfstatat(AT_FDCWD, "/home/ubuntu/.local/lib/python3.12/site-packages/elftools/ehabi", {st_mode=S_IFDIR|0755, st_size=4096, ...}, 0) = 0
openat(AT_FDCWD, "/home/ubuntu/.local/lib/python3.12/site-packages/elftools/ehabi", O_RDONLY|O_NONBLOCK|O_CLOEXEC|O_DIRECTORY) = 6
fstat(6, {st_mode=S_IFDIR|0755, st_size=4096, ...}) = 0
getdents64(6, 0x1f66f6a0 /* 8 entries */, 32768) = 240
getdents64(6, 0x1f66f6a0 /* 0 entries */, 32768) = 0
close(6)                                = 0
newfstatat(AT_FDCWD, "/home/ubuntu/.local/lib/python3.12/site-packages/elftools/ehabi/ehabiinfo.py", {st_mode=S_IFREG|0644, st_size=8216, ...}, 0) = 0
newfstatat(AT_FDCWD, "/home/ubuntu/.local/lib/python3.12/site-packages/elftools/ehabi/ehabiinfo.py", {st_mode=S_IFREG|0644, st_size=8216, ...}, 0) = 0
openat(AT_FDCWD, "/home/ubuntu/.local/lib/python3.12/site-packages/elftools/ehabi/__pycache__/ehabiinfo.cpython-312.pyc", O_RDONLY|O_CLOEXEC) = 6
fstat(6, {st_mode=S_IFREG|0644, st_size=9652, ...}) = 0
ioctl(6, TCGETS, 0x7ffc5ece4020)        = -1 ENOTTY (Inappropriate ioctl for device)
lseek(6, 0, SEEK_CUR)                   = 0
lseek(6, 0, SEEK_CUR)                   = 0
fstat(6, {st_mode=S_IFREG|0644, st_size=9652, ...}) = 0
read(6, "\313\r\r\n\0\0\0\0\224\254\33i\30 \0\0\343\0\0\0\0\0\0\0\0\0\0\0\0\5\0\0"..., 9653) = 9652
read(6, "", 1)                          = 0
close(6)                                = 0
newfstatat(AT_FDCWD, "/home/ubuntu/.local/lib/python3.12/site-packages/elftools/ehabi", {st_mode=S_IFDIR|0755, st_size=4096, ...}, 0) = 0
newfstatat(AT_FDCWD, "/home/ubuntu/.local/lib/python3.12/site-packages/elftools/ehabi/decoder.py", {st_mode=S_IFREG|0644, st_size=11917, ...}, 0) = 0
newfstatat(AT_FDCWD, "/home/ubuntu/.local/lib/python3.12/site-packages/elftools/ehabi/decoder.py", {st_mode=S_IFREG|0644, st_size=11917, ...}, 0) = 0
openat(AT_FDCWD, "/home/ubuntu/.local/lib/python3.12/site-packages/elftools/ehabi/__pycache__/decoder.cpython-312.pyc", O_RDONLY|O_CLOEXEC) = 6
fstat(6, {st_mode=S_IFREG|0644, st_size=13750, ...}) = 0
ioctl(6, TCGETS, 0x7ffc5ece39b0)        = -1 ENOTTY (Inappropriate ioctl for device)
lseek(6, 0, SEEK_CUR)                   = 0
lseek(6, 0, SEEK_CUR)                   = 0
fstat(6, {st_mode=S_IFREG|0644, st_size=13750, ...}) = 0
read(6, "\313\r\r\n\0\0\0\0\224\254\33i\215.\0\0\343\0\0\0\0\0\0\0\0\0\0\0\0\5\0\0"..., 13751) = 13750
read(6, "", 1)                          = 0
close(6)                                = 0
newfstatat(AT_FDCWD, "/home/ubuntu/.local/lib/python3.12/site-packages/elftools/ehabi", {st_mode=S_IFDIR|0755, st_size=4096, ...}, 0) = 0
newfstatat(AT_FDCWD, "/home/ubuntu/.local/lib/python3.12/site-packages/elftools/ehabi/constants.py", {st_mode=S_IFREG|0644, st_size=27, ...}, 0) = 0
newfstatat(AT_FDCWD, "/home/ubuntu/.local/lib/python3.12/site-packages/elftools/ehabi/constants.py", {st_mode=S_IFREG|0644, st_size=27, ...}, 0) = 0
openat(AT_FDCWD, "/home/ubuntu/.local/lib/python3.12/site-packages/elftools/ehabi/__pycache__/constants.cpython-312.pyc", O_RDONLY|O_CLOEXEC) = 6
fstat(6, {st_mode=S_IFREG|0644, st_size=209, ...}) = 0
ioctl(6, TCGETS, 0x7ffc5ece39b0)        = -1 ENOTTY (Inappropriate ioctl for device)
lseek(6, 0, SEEK_CUR)                   = 0
lseek(6, 0, SEEK_CUR)                   = 0
fstat(6, {st_mode=S_IFREG|0644, st_size=209, ...}) = 0
read(6, "\313\r\r\n\0\0\0\0\224\254\33i\33\0\0\0\343\0\0\0\0\0\0\0\0\0\0\0\0\1\0\0"..., 210) = 209
read(6, "", 1)                          = 0
close(6)                                = 0
newfstatat(AT_FDCWD, "/home/ubuntu/.local/lib/python3.12/site-packages/elftools/ehabi", {st_mode=S_IFDIR|0755, st_size=4096, ...}, 0) = 0
newfstatat(AT_FDCWD, "/home/ubuntu/.local/lib/python3.12/site-packages/elftools/ehabi/structs.py", {st_mode=S_IFREG|0644, st_size=1387, ...}, 0) = 0
newfstatat(AT_FDCWD, "/home/ubuntu/.local/lib/python3.12/site-packages/elftools/ehabi/structs.py", {st_mode=S_IFREG|0644, st_size=1387, ...}, 0) = 0
openat(AT_FDCWD, "/home/ubuntu/.local/lib/python3.12/site-packages/elftools/ehabi/__pycache__/structs.cpython-312.pyc", O_RDONLY|O_CLOEXEC) = 6
fstat(6, {st_mode=S_IFREG|0644, st_size=1886, ...}) = 0
ioctl(6, TCGETS, 0x7ffc5ece39b0)        = -1 ENOTTY (Inappropriate ioctl for device)
lseek(6, 0, SEEK_CUR)                   = 0
lseek(6, 0, SEEK_CUR)                   = 0
fstat(6, {st_mode=S_IFREG|0644, st_size=1886, ...}) = 0
read(6, "\313\r\r\n\0\0\0\0\224\254\33ik\5\0\0\343\0\0\0\0\0\0\0\0\0\0\0\0\5\0\0"..., 1887) = 1886
read(6, "", 1)                          = 0
close(6)                                = 0
newfstatat(AT_FDCWD, "/workspace/sidechannel/ropfu", {st_mode=S_IFDIR|0755, st_size=4096, ...}, 0) = 0
newfstatat(AT_FDCWD, "/usr/lib/python3.12", {st_mode=S_IFDIR|0755, st_size=4096, ...}, 0) = 0
newfstatat(AT_FDCWD, "/usr/lib/python3.12/lib-dynload", {st_mode=S_IFDIR|0755, st_size=4096, ...}, 0) = 0
newfstatat(AT_FDCWD, "/home/ubuntu/.local/lib/python3.12/site-packages", {st_mode=S_IFDIR|0755, st_size=4096, ...}, 0) = 0
newfstatat(AT_FDCWD, "/home/ubuntu/.local/lib/python3.12/site-packages/intervaltree/__init__.cpython-312-x86_64-linux-gnu.so", 0x7ffc5ece49f0, 0) = -1 ENOENT (No such file or directory)
newfstatat(AT_FDCWD, "/home/ubuntu/.local/lib/python3.12/site-packages/intervaltree/__init__.abi3.so", 0x7ffc5ece49f0, 0) = -1 ENOENT (No such file or directory)
newfstatat(AT_FDCWD, "/home/ubuntu/.local/lib/python3.12/site-packages/intervaltree/__init__.so", 0x7ffc5ece49f0, 0) = -1 ENOENT (No such file or directory)
newfstatat(AT_FDCWD, "/home/ubuntu/.local/lib/python3.12/site-packages/intervaltree/__init__.py", {st_mode=S_IFREG|0644, st_size=846, ...}, 0) = 0
newfstatat(AT_FDCWD, "/home/ubuntu/.local/lib/python3.12/site-packages/intervaltree/__init__.py", {st_mode=S_IFREG|0644, st_size=846, ...}, 0) = 0
openat(AT_FDCWD, "/home/ubuntu/.local/lib/python3.12/site-packages/intervaltree/__pycache__/__init__.cpython-312.pyc", O_RDONLY|O_CLOEXEC) = 6
fstat(6, {st_mode=S_IFREG|0644, st_size=1011, ...}) = 0
ioctl(6, TCGETS, 0x7ffc5ece4690)        = -1 ENOTTY (Inappropriate ioctl for device)
lseek(6, 0, SEEK_CUR)                   = 0
lseek(6, 0, SEEK_CUR)                   = 0
fstat(6, {st_mode=S_IFREG|0644, st_size=1011, ...}) = 0
read(6, "\313\r\r\n\0\0\0\0\225\254\33iN\3\0\0\343\0\0\0\0\0\0\0\0\0\0\0\0\2\0\0"..., 1012) = 1011
read(6, "", 1)                          = 0
close(6)                                = 0
newfstatat(AT_FDCWD, "/home/ubuntu/.local/lib/python3.12/site-packages/intervaltree", {st_mode=S_IFDIR|0755, st_size=4096, ...}, 0) = 0
newfstatat(AT_FDCWD, "/home/ubuntu/.local/lib/python3.12/site-packages/intervaltree", {st_mode=S_IFDIR|0755, st_size=4096, ...}, 0) = 0
newfstatat(AT_FDCWD, "/home/ubuntu/.local/lib/python3.12/site-packages/intervaltree", {st_mode=S_IFDIR|0755, st_size=4096, ...}, 0) = 0
openat(AT_FDCWD, "/home/ubuntu/.local/lib/python3.12/site-packages/intervaltree", O_RDONLY|O_NONBLOCK|O_CLOEXEC|O_DIRECTORY) = 6
fstat(6, {st_mode=S_IFDIR|0755, st_size=4096, ...}) = 0
getdents64(6, 0x1f671b30 /* 7 entries */, 32768) = 216
getdents64(6, 0x1f671b30 /* 0 entries */, 32768) = 0
close(6)                                = 0
newfstatat(AT_FDCWD, "/home/ubuntu/.local/lib/python3.12/site-packages/intervaltree/interval.py", {st_mode=S_IFREG|0644, st_size=10230, ...}, 0) = 0
newfstatat(AT_FDCWD, "/home/ubuntu/.local/lib/python3.12/site-packages/intervaltree/interval.py", {st_mode=S_IFREG|0644, st_size=10230, ...}, 0) = 0
openat(AT_FDCWD, "/home/ubuntu/.local/lib/python3.12/site-packages/intervaltree/__pycache__/interval.cpython-312.pyc", O_RDONLY|O_CLOEXEC) = 6
fstat(6, {st_mode=S_IFREG|0644, st_size=13241, ...}) = 0
ioctl(6, TCGETS, 0x7ffc5ece4020)        = -1 ENOTTY (Inappropriate ioctl for device)
lseek(6, 0, SEEK_CUR)                   = 0
lseek(6, 0, SEEK_CUR)                   = 0
fstat(6, {st_mode=S_IFREG|0644, st_size=13241, ...}) = 0
read(6, "\313\r\r\n\0\0\0\0\225\254\33i\366'\0\0\343\0\0\0\0\0\0\0\0\0\0\0\0\t\0\0"..., 13242) = 13241
read(6, "", 1)                          = 0
close(6)                                = 0
newfstatat(AT_FDCWD, "/home/ubuntu/.local/lib/python3.12/site-packages/intervaltree", {st_mode=S_IFDIR|0755, st_size=4096, ...}, 0) = 0
newfstatat(AT_FDCWD, "/home/ubuntu/.local/lib/python3.12/site-packages/intervaltree/intervaltree.py", {st_mode=S_IFREG|0644, st_size=38289, ...}, 0) = 0
newfstatat(AT_FDCWD, "/home/ubuntu/.local/lib/python3.12/site-packages/intervaltree/intervaltree.py", {st_mode=S_IFREG|0644, st_size=38289, ...}, 0) = 0
openat(AT_FDCWD, "/home/ubuntu/.local/lib/python3.12/site-packages/intervaltree/__pycache__/intervaltree.cpython-312.pyc", O_RDONLY|O_CLOEXEC) = 6
fstat(6, {st_mode=S_IFREG|0644, st_size=46181, ...}) = 0
ioctl(6, TCGETS, 0x7ffc5ece4020)        = -1 ENOTTY (Inappropriate ioctl for device)
lseek(6, 0, SEEK_CUR)                   = 0
lseek(6, 0, SEEK_CUR)                   = 0
fstat(6, {st_mode=S_IFREG|0644, st_size=46181, ...}) = 0
read(6, "\313\r\r\n\0\0\0\0\225\254\33i\221\225\0\0\343\0\0\0\0\0\0\0\0\0\0\0\0\5\0\0"..., 46182) = 46181
read(6, "", 1)                          = 0
close(6)                                = 0
brk(0x1f6a2000)                         = 0x1f6a2000
newfstatat(AT_FDCWD, "/home/ubuntu/.local/lib/python3.12/site-packages/intervaltree", {st_mode=S_IFDIR|0755, st_size=4096, ...}, 0) = 0
newfstatat(AT_FDCWD, "/home/ubuntu/.local/lib/python3.12/site-packages/intervaltree/node.py", {st_mode=S_IFREG|0644, st_size=21024, ...}, 0) = 0
newfstatat(AT_FDCWD, "/home/ubuntu/.local/lib/python3.12/site-packages/intervaltree/node.py", {st_mode=S_IFREG|0644, st_size=21024, ...}, 0) = 0
openat(AT_FDCWD, "/home/ubuntu/.local/lib/python3.12/site-packages/intervaltree/__pycache__/node.cpython-312.pyc", O_RDONLY|O_CLOEXEC) = 6
fstat(6, {st_mode=S_IFREG|0644, st_size=21334, ...}) = 0
ioctl(6, TCGETS, 0x7ffc5ece39b0)        = -1 ENOTTY (Inappropriate ioctl for device)
lseek(6, 0, SEEK_CUR)                   = 0
lseek(6, 0, SEEK_CUR)                   = 0
fstat(6, {st_mode=S_IFREG|0644, st_size=21334, ...}) = 0
read(6, "\313\r\r\n\0\0\0\0\225\254\33i R\0\0\343\0\0\0\0\0\0\0\0\0\0\0\0\5\0\0"..., 21335) = 21334
read(6, "", 1)                          = 0
close(6)                                = 0
newfstatat(AT_FDCWD, "/workspace/sidechannel/ropfu", {st_mode=S_IFDIR|0755, st_size=4096, ...}, 0) = 0
newfstatat(AT_FDCWD, "/usr/lib/python3.12", {st_mode=S_IFDIR|0755, st_size=4096, ...}, 0) = 0
newfstatat(AT_FDCWD, "/usr/lib/python3.12/lib-dynload", {st_mode=S_IFDIR|0755, st_size=4096, ...}, 0) = 0
newfstatat(AT_FDCWD, "/home/ubuntu/.local/lib/python3.12/site-packages", {st_mode=S_IFDIR|0755, st_size=4096, ...}, 0) = 0
newfstatat(AT_FDCWD, "/home/ubuntu/.local/lib/python3.12/site-packages/sortedcontainers/__init__.cpython-312-x86_64-linux-gnu.so", 0x7ffc5ece3d10, 0) = -1 ENOENT (No such file or directory)
newfstatat(AT_FDCWD, "/home/ubuntu/.local/lib/python3.12/site-packages/sortedcontainers/__init__.abi3.so", 0x7ffc5ece3d10, 0) = -1 ENOENT (No such file or directory)
newfstatat(AT_FDCWD, "/home/ubuntu/.local/lib/python3.12/site-packages/sortedcontainers/__init__.so", 0x7ffc5ece3d10, 0) = -1 ENOENT (No such file or directory)
newfstatat(AT_FDCWD, "/home/ubuntu/.local/lib/python3.12/site-packages/sortedcontainers/__init__.py", {st_mode=S_IFREG|0644, st_size=2131, ...}, 0) = 0
newfstatat(AT_FDCWD, "/home/ubuntu/.local/lib/python3.12/site-packages/sortedcontainers/__init__.py", {st_mode=S_IFREG|0644, st_size=2131, ...}, 0) = 0
openat(AT_FDCWD, "/home/ubuntu/.local/lib/python3.12/site-packages/sortedcontainers/__pycache__/__init__.cpython-312.pyc", O_RDONLY|O_CLOEXEC) = 6
fstat(6, {st_mode=S_IFREG|0644, st_size=2315, ...}) = 0
ioctl(6, TCGETS, 0x7ffc5ece39b0)        = -1 ENOTTY (Inappropriate ioctl for device)
lseek(6, 0, SEEK_CUR)                   = 0
lseek(6, 0, SEEK_CUR)                   = 0
fstat(6, {st_mode=S_IFREG|0644, st_size=2315, ...}) = 0
read(6, "\313\r\r\n\0\0\0\0\224\254\33iS\10\0\0\343\0\0\0\0\0\0\0\0\0\0\0\0\2\0\0"..., 2316) = 2315
read(6, "", 1)                          = 0
close(6)                                = 0
newfstatat(AT_FDCWD, "/home/ubuntu/.local/lib/python3.12/site-packages/sortedcontainers", {st_mode=S_IFDIR|0755, st_size=4096, ...}, 0) = 0
newfstatat(AT_FDCWD, "/home/ubuntu/.local/lib/python3.12/site-packages/sortedcontainers", {st_mode=S_IFDIR|0755, st_size=4096, ...}, 0) = 0
newfstatat(AT_FDCWD, "/home/ubuntu/.local/lib/python3.12/site-packages/sortedcontainers", {st_mode=S_IFDIR|0755, st_size=4096, ...}, 0) = 0
openat(AT_FDCWD, "/home/ubuntu/.local/lib/python3.12/site-packages/sortedcontainers", O_RDONLY|O_NONBLOCK|O_CLOEXEC|O_DIRECTORY) = 6
fstat(6, {st_mode=S_IFDIR|0755, st_size=4096, ...}) = 0
getdents64(6, 0x1f675990 /* 7 entries */, 32768) = 224
getdents64(6, 0x1f675990 /* 0 entries */, 32768) = 0
close(6)                                = 0
newfstatat(AT_FDCWD, "/home/ubuntu/.local/lib/python3.12/site-packages/sortedcontainers/sortedlist.py", {st_mode=S_IFREG|0644, st_size=76331, ...}, 0) = 0
newfstatat(AT_FDCWD, "/home/ubuntu/.local/lib/python3.12/site-packages/sortedcontainers/sortedlist.py", {st_mode=S_IFREG|0644, st_size=76331, ...}, 0) = 0
openat(AT_FDCWD, "/home/ubuntu/.local/lib/python3.12/site-packages/sortedcontainers/__pycache__/sortedlist.cpython-312.pyc", O_RDONLY|O_CLOEXEC) = 6
fstat(6, {st_mode=S_IFREG|0644, st_size=86717, ...}) = 0
ioctl(6, TCGETS, 0x7ffc5ece3340)        = -1 ENOTTY (Inappropriate ioctl for device)
lseek(6, 0, SEEK_CUR)                   = 0
lseek(6, 0, SEEK_CUR)                   = 0
fstat(6, {st_mode=S_IFREG|0644, st_size=86717, ...}) = 0
read(6, "\313\r\r\n\0\0\0\0\224\254\33i+*\1\0\343\0\0\0\0\0\0\0\0\0\0\0\0\5\0\0"..., 86718) = 86717
read(6, "", 1)                          = 0
close(6)                                = 0
newfstatat(AT_FDCWD, "/home/ubuntu/.local/lib/python3.12/site-packages/sortedcontainers", {st_mode=S_IFDIR|0755, st_size=4096, ...}, 0) = 0
newfstatat(AT_FDCWD, "/home/ubuntu/.local/lib/python3.12/site-packages/sortedcontainers/sortedset.py", {st_mode=S_IFREG|0644, st_size=19825, ...}, 0) = 0
newfstatat(AT_FDCWD, "/home/ubuntu/.local/lib/python3.12/site-packages/sortedcontainers/sortedset.py", {st_mode=S_IFREG|0644, st_size=19825, ...}, 0) = 0
openat(AT_FDCWD, "/home/ubuntu/.local/lib/python3.12/site-packages/sortedcontainers/__pycache__/sortedset.cpython-312.pyc", O_RDONLY|O_CLOEXEC) = 6
fstat(6, {st_mode=S_IFREG|0644, st_size=24446, ...}) = 0
ioctl(6, TCGETS, 0x7ffc5ece3340)        = -1 ENOTTY (Inappropriate ioctl for device)
lseek(6, 0, SEEK_CUR)                   = 0
lseek(6, 0, SEEK_CUR)                   = 0
fstat(6, {st_mode=S_IFREG|0644, st_size=24446, ...}) = 0
read(6, "\313\r\r\n\0\0\0\0\224\254\33iqM\0\0\343\0\0\0\0\0\0\0\0\0\0\0\0\6\0\0"..., 24447) = 24446
read(6, "", 1)                          = 0
close(6)                                = 0
newfstatat(AT_FDCWD, "/home/ubuntu/.local/lib/python3.12/site-packages/sortedcontainers", {st_mode=S_IFDIR|0755, st_size=4096, ...}, 0) = 0
newfstatat(AT_FDCWD, "/home/ubuntu/.local/lib/python3.12/site-packages/sortedcontainers/sorteddict.py", {st_mode=S_IFREG|0644, st_size=22712, ...}, 0) = 0
newfstatat(AT_FDCWD, "/home/ubuntu/.local/lib/python3.12/site-packages/sortedcontainers/sorteddict.py", {st_mode=S_IFREG|0644, st_size=22712, ...}, 0) = 0
openat(AT_FDCWD, "/home/ubuntu/.local/lib/python3.12/site-packages/sortedcontainers/__pycache__/sorteddict.cpython-312.pyc", O_RDONLY|O_CLOEXEC) = 6
fstat(6, {st_mode=S_IFREG|0644, st_size=27752, ...}) = 0
ioctl(6, TCGETS, 0x7ffc5ece3340)        = -1 ENOTTY (Inappropriate ioctl for device)
lseek(6, 0, SEEK_CUR)                   = 0
lseek(6, 0, SEEK_CUR)                   = 0
fstat(6, {st_mode=S_IFREG|0644, st_size=27752, ...}) = 0
read(6, "\313\r\r\n\0\0\0\0\224\254\33i\270X\0\0\343\0\0\0\0\0\0\0\0\0\0\0\0\6\0\0"..., 27753) = 27752
read(6, "", 1)                          = 0
close(6)                                = 0
newfstatat(AT_FDCWD, "/home/ubuntu/.local/lib/python3.12/site-packages/pwnlib/elf", {st_mode=S_IFDIR|0755, st_size=4096, ...}, 0) = 0
newfstatat(AT_FDCWD, "/home/ubuntu/.local/lib/python3.12/site-packages/pwnlib/elf/config.py", {st_mode=S_IFREG|0644, st_size=8298, ...}, 0) = 0
newfstatat(AT_FDCWD, "/home/ubuntu/.local/lib/python3.12/site-packages/pwnlib/elf/config.py", {st_mode=S_IFREG|0644, st_size=8298, ...}, 0) = 0
openat(AT_FDCWD, "/home/ubuntu/.local/lib/python3.12/site-packages/pwnlib/elf/__pycache__/config.cpython-312.pyc", O_RDONLY|O_CLOEXEC) = 6
fstat(6, {st_mode=S_IFREG|0644, st_size=10559, ...}) = 0
ioctl(6, TCGETS, 0x7ffc5ece4690)        = -1 ENOTTY (Inappropriate ioctl for device)
lseek(6, 0, SEEK_CUR)                   = 0
lseek(6, 0, SEEK_CUR)                   = 0
fstat(6, {st_mode=S_IFREG|0644, st_size=10559, ...}) = 0
read(6, "\313\r\r\n\0\0\0\0\226\254\33ij \0\0\343\0\0\0\0\0\0\0\0\0\0\0\0\7\0\0"..., 10560) = 10559
read(6, "", 1)                          = 0
close(6)                                = 0
mmap(NULL, 1048576, PROT_READ|PROT_WRITE, MAP_PRIVATE|MAP_ANONYMOUS, -1, 0) = 0x7fd8f2489000
newfstatat(AT_FDCWD, "/home/ubuntu/.local/lib/python3.12/site-packages/pwnlib/elf", {st_mode=S_IFDIR|0755, st_size=4096, ...}, 0) = 0
newfstatat(AT_FDCWD, "/home/ubuntu/.local/lib/python3.12/site-packages/pwnlib/elf/maps.py", {st_mode=S_IFREG|0644, st_size=1784, ...}, 0) = 0
newfstatat(AT_FDCWD, "/home/ubuntu/.local/lib/python3.12/site-packages/pwnlib/elf/maps.py", {st_mode=S_IFREG|0644, st_size=1784, ...}, 0) = 0
openat(AT_FDCWD, "/home/ubuntu/.local/lib/python3.12/site-packages/pwnlib/elf/__pycache__/maps.cpython-312.pyc", O_RDONLY|O_CLOEXEC) = 6
fstat(6, {st_mode=S_IFREG|0644, st_size=1677, ...}) = 0
ioctl(6, TCGETS, 0x7ffc5ece4690)        = -1 ENOTTY (Inappropriate ioctl for device)
lseek(6, 0, SEEK_CUR)                   = 0
lseek(6, 0, SEEK_CUR)                   = 0
fstat(6, {st_mode=S_IFREG|0644, st_size=1677, ...}) = 0
read(6, "\313\r\r\n\0\0\0\0\226\254\33i\370\6\0\0\343\0\0\0\0\0\0\0\0\0\0\0\0\7\0\0"..., 1678) = 1677
read(6, "", 1)                          = 0
close(6)                                = 0
newfstatat(AT_FDCWD, "/home/ubuntu/.local/lib/python3.12/site-packages/pwnlib/elf", {st_mode=S_IFDIR|0755, st_size=4096, ...}, 0) = 0
newfstatat(AT_FDCWD, "/home/ubuntu/.local/lib/python3.12/site-packages/pwnlib/elf/plt.py", {st_mode=S_IFREG|0644, st_size=6738, ...}, 0) = 0
newfstatat(AT_FDCWD, "/home/ubuntu/.local/lib/python3.12/site-packages/pwnlib/elf/plt.py", {st_mode=S_IFREG|0644, st_size=6738, ...}, 0) = 0
openat(AT_FDCWD, "/home/ubuntu/.local/lib/python3.12/site-packages/pwnlib/elf/__pycache__/plt.cpython-312.pyc", O_RDONLY|O_CLOEXEC) = 6
fstat(6, {st_mode=S_IFREG|0644, st_size=8385, ...}) = 0
ioctl(6, TCGETS, 0x7ffc5ece4690)        = -1 ENOTTY (Inappropriate ioctl for device)
lseek(6, 0, SEEK_CUR)                   = 0
lseek(6, 0, SEEK_CUR)                   = 0
fstat(6, {st_mode=S_IFREG|0644, st_size=8385, ...}) = 0
read(6, "\313\r\r\n\0\0\0\0\226\254\33iR\32\0\0\343\0\0\0\0\0\0\0\0\0\0\0\0\3\0\0"..., 8386) = 8385
read(6, "", 1)                          = 0
close(6)                                = 0
newfstatat(AT_FDCWD, "/home/ubuntu/.local/lib/python3.12/site-packages/pwnlib", {st_mode=S_IFDIR|0755, st_size=4096, ...}, 0) = 0
newfstatat(AT_FDCWD, "/home/ubuntu/.local/lib/python3.12/site-packages/pwnlib/libcdb.py", {st_mode=S_IFREG|0644, st_size=37482, ...}, 0) = 0
newfstatat(AT_FDCWD, "/home/ubuntu/.local/lib/python3.12/site-packages/pwnlib/libcdb.py", {st_mode=S_IFREG|0644, st_size=37482, ...}, 0) = 0
openat(AT_FDCWD, "/home/ubuntu/.local/lib/python3.12/site-packages/pwnlib/__pycache__/libcdb.cpython-312.pyc", O_RDONLY|O_CLOEXEC) = 6
fstat(6, {st_mode=S_IFREG|0644, st_size=40629, ...}) = 0
ioctl(6, TCGETS, 0x7ffc5ece59e0)        = -1 ENOTTY (Inappropriate ioctl for device)
brk(0x1f6c3000)                         = 0x1f6c3000
lseek(6, 0, SEEK_CUR)                   = 0
lseek(6, 0, SEEK_CUR)                   = 0
fstat(6, {st_mode=S_IFREG|0644, st_size=40629, ...}) = 0
read(6, "\313\r\r\n\0\0\0\0\226\254\33ij\222\0\0\343\0\0\0\0\0\0\0\0\0\0\0\0\6\0\0"..., 40630) = 40629
read(6, "", 1)                          = 0
close(6)                                = 0
newfstatat(AT_FDCWD, "/home/ubuntu/.local/lib/python3.12/site-packages/pwnlib", {st_mode=S_IFDIR|0755, st_size=4096, ...}, 0) = 0
newfstatat(AT_FDCWD, "/home/ubuntu/.local/lib/python3.12/site-packages/pwnlib/filesystem/__init__.cpython-312-x86_64-linux-gnu.so", 0x7ffc5ece5260, 0) = -1 ENOENT (No such file or directory)
newfstatat(AT_FDCWD, "/home/ubuntu/.local/lib/python3.12/site-packages/pwnlib/filesystem/__init__.abi3.so", 0x7ffc5ece5260, 0) = -1 ENOENT (No such file or directory)
newfstatat(AT_FDCWD, "/home/ubuntu/.local/lib/python3.12/site-packages/pwnlib/filesystem/__init__.so", 0x7ffc5ece5260, 0) = -1 ENOENT (No such file or directory)
newfstatat(AT_FDCWD, "/home/ubuntu/.local/lib/python3.12/site-packages/pwnlib/filesystem/__init__.py", {st_mode=S_IFREG|0644, st_size=201, ...}, 0) = 0
newfstatat(AT_FDCWD, "/home/ubuntu/.local/lib/python3.12/site-packages/pwnlib/filesystem/__init__.py", {st_mode=S_IFREG|0644, st_size=201, ...}, 0) = 0
openat(AT_FDCWD, "/home/ubuntu/.local/lib/python3.12/site-packages/pwnlib/filesystem/__pycache__/__init__.cpython-312.pyc", O_RDONLY|O_CLOEXEC) = 6
fstat(6, {st_mode=S_IFREG|0644, st_size=399, ...}) = 0
ioctl(6, TCGETS, 0x7ffc5ece4f00)        = -1 ENOTTY (Inappropriate ioctl for device)
lseek(6, 0, SEEK_CUR)                   = 0
lseek(6, 0, SEEK_CUR)                   = 0
fstat(6, {st_mode=S_IFREG|0644, st_size=399, ...}) = 0
read(6, "\313\r\r\n\0\0\0\0\226\254\33i\311\0\0\0\343\0\0\0\0\0\0\0\0\0\0\0\0\2\0\0"..., 400) = 399
read(6, "", 1)                          = 0
close(6)                                = 0
newfstatat(AT_FDCWD, "/home/ubuntu/.local/lib/python3.12/site-packages/pwnlib/filesystem", {st_mode=S_IFDIR|0755, st_size=4096, ...}, 0) = 0
newfstatat(AT_FDCWD, "/home/ubuntu/.local/lib/python3.12/site-packages/pwnlib/filesystem", {st_mode=S_IFDIR|0755, st_size=4096, ...}, 0) = 0
newfstatat(AT_FDCWD, "/home/ubuntu/.local/lib/python3.12/site-packages/pwnlib/filesystem", {st_mode=S_IFDIR|0755, st_size=4096, ...}, 0) = 0
openat(AT_FDCWD, "/home/ubuntu/.local/lib/python3.12/site-packages/pwnlib/filesystem", O_RDONLY|O_NONBLOCK|O_CLOEXEC|O_DIRECTORY) = 6
fstat(6, {st_mode=S_IFDIR|0755, st_size=4096, ...}) = 0
getdents64(6, 0x1f6a2a00 /* 6 entries */, 32768) = 176
getdents64(6, 0x1f6a2a00 /* 0 entries */, 32768) = 0
close(6)                                = 0
newfstatat(AT_FDCWD, "/home/ubuntu/.local/lib/python3.12/site-packages/pwnlib/filesystem/path.py", {st_mode=S_IFREG|0644, st_size=276, ...}, 0) = 0
newfstatat(AT_FDCWD, "/home/ubuntu/.local/lib/python3.12/site-packages/pwnlib/filesystem/path.py", {st_mode=S_IFREG|0644, st_size=276, ...}, 0) = 0
openat(AT_FDCWD, "/home/ubuntu/.local/lib/python3.12/site-packages/pwnlib/filesystem/__pycache__/path.cpython-312.pyc", O_RDONLY|O_CLOEXEC) = 6
fstat(6, {st_mode=S_IFREG|0644, st_size=764, ...}) = 0
ioctl(6, TCGETS, 0x7ffc5ece4890)        = -1 ENOTTY (Inappropriate ioctl for device)
lseek(6, 0, SEEK_CUR)                   = 0
lseek(6, 0, SEEK_CUR)                   = 0
fstat(6, {st_mode=S_IFREG|0644, st_size=764, ...}) = 0
read(6, "\313\r\r\n\0\0\0\0\226\254\33i\24\1\0\0\343\0\0\0\0\0\0\0\0\0\0\0\0\2\0\0"..., 765) = 764
read(6, "", 1)                          = 0
close(6)                                = 0
newfstatat(AT_FDCWD, "/workspace/sidechannel/ropfu", {st_mode=S_IFDIR|0755, st_size=4096, ...}, 0) = 0
newfstatat(AT_FDCWD, "/usr/lib/python3.12", {st_mode=S_IFDIR|0755, st_size=4096, ...}, 0) = 0
newfstatat(AT_FDCWD, "/usr/lib/python3.12/pathlib.py", {st_mode=S_IFREG|0644, st_size=51153, ...}, 0) = 0
newfstatat(AT_FDCWD, "/usr/lib/python3.12/pathlib.py", {st_mode=S_IFREG|0644, st_size=51153, ...}, 0) = 0
openat(AT_FDCWD, "/usr/lib/python3.12/__pycache__/pathlib.cpython-312.pyc", O_RDONLY|O_CLOEXEC) = 6
fstat(6, {st_mode=S_IFREG|0644, st_size=62098, ...}) = 0
ioctl(6, TCGETS, 0x7ffc5ece4220)        = -1 ENOTTY (Inappropriate ioctl for device)
lseek(6, 0, SEEK_CUR)                   = 0
lseek(6, 0, SEEK_CUR)                   = 0
fstat(6, {st_mode=S_IFREG|0644, st_size=62098, ...}) = 0
read(6, "\313\r\r\n\0\0\0\0)!\236h\321\307\0\0\343\0\0\0\0\0\0\0\0\0\0\0\0\10\0\0"..., 62099) = 62098
read(6, "", 1)                          = 0
close(6)                                = 0
newfstatat(AT_FDCWD, "/workspace/sidechannel/ropfu", {st_mode=S_IFDIR|0755, st_size=4096, ...}, 0) = 0
newfstatat(AT_FDCWD, "/usr/lib/python3.12", {st_mode=S_IFDIR|0755, st_size=4096, ...}, 0) = 0
newfstatat(AT_FDCWD, "/usr/lib/python3.12/urllib/__init__.cpython-312-x86_64-linux-gnu.so", 0x7ffc5ece3aa0, 0) = -1 ENOENT (No such file or directory)
newfstatat(AT_FDCWD, "/usr/lib/python3.12/urllib/__init__.abi3.so", 0x7ffc5ece3aa0, 0) = -1 ENOENT (No such file or directory)
newfstatat(AT_FDCWD, "/usr/lib/python3.12/urllib/__init__.so", 0x7ffc5ece3aa0, 0) = -1 ENOENT (No such file or directory)
newfstatat(AT_FDCWD, "/usr/lib/python3.12/urllib/__init__.py", {st_mode=S_IFREG|0644, st_size=0, ...}, 0) = 0
newfstatat(AT_FDCWD, "/usr/lib/python3.12/urllib/__init__.py", {st_mode=S_IFREG|0644, st_size=0, ...}, 0) = 0
openat(AT_FDCWD, "/usr/lib/python3.12/urllib/__pycache__/__init__.cpython-312.pyc", O_RDONLY|O_CLOEXEC) = 6
fstat(6, {st_mode=S_IFREG|0644, st_size=135, ...}) = 0
ioctl(6, TCGETS, 0x7ffc5ece3740)        = -1 ENOTTY (Inappropriate ioctl for device)
lseek(6, 0, SEEK_CUR)                   = 0
lseek(6, 0, SEEK_CUR)                   = 0
fstat(6, {st_mode=S_IFREG|0644, st_size=135, ...}) = 0
read(6, "\313\r\r\n\0\0\0\0)!\236h\0\0\0\0\343\0\0\0\0\0\0\0\0\0\0\0\0\0\0\0"..., 136) = 135
read(6, "", 1)                          = 0
close(6)                                = 0
newfstatat(AT_FDCWD, "/usr/lib/python3.12/urllib", {st_mode=S_IFDIR|0755, st_size=4096, ...}, 0) = 0
newfstatat(AT_FDCWD, "/usr/lib/python3.12/urllib", {st_mode=S_IFDIR|0755, st_size=4096, ...}, 0) = 0
newfstatat(AT_FDCWD, "/usr/lib/python3.12/urllib", {st_mode=S_IFDIR|0755, st_size=4096, ...}, 0) = 0
openat(AT_FDCWD, "/usr/lib/python3.12/urllib", O_RDONLY|O_NONBLOCK|O_CLOEXEC|O_DIRECTORY) = 6
fstat(6, {st_mode=S_IFDIR|0755, st_size=4096, ...}) = 0
getdents64(6, 0x1f6a59a0 /* 9 entries */, 32768) = 280
getdents64(6, 0x1f6a59a0 /* 0 entries */, 32768) = 0
close(6)                                = 0
newfstatat(AT_FDCWD, "/usr/lib/python3.12/urllib/parse.py", {st_mode=S_IFREG|0644, st_size=45591, ...}, 0) = 0
newfstatat(AT_FDCWD, "/usr/lib/python3.12/urllib/parse.py", {st_mode=S_IFREG|0644, st_size=45591, ...}, 0) = 0
openat(AT_FDCWD, "/usr/lib/python3.12/urllib/__pycache__/parse.cpython-312.pyc", O_RDONLY|O_CLOEXEC) = 6
fstat(6, {st_mode=S_IFREG|0644, st_size=50619, ...}) = 0
ioctl(6, TCGETS, 0x7ffc5ece3bb0)        = -1 ENOTTY (Inappropriate ioctl for device)
lseek(6, 0, SEEK_CUR)                   = 0
lseek(6, 0, SEEK_CUR)                   = 0
fstat(6, {st_mode=S_IFREG|0644, st_size=50619, ...}) = 0
read(6, "\313\r\r\n\0\0\0\0)!\236h\27\262\0\0\343\0\0\0\0\0\0\0\0\0\0\0\0\6\0\0"..., 50620) = 50619
read(6, "", 1)                          = 0
close(6)                                = 0
newfstatat(AT_FDCWD, "/workspace/sidechannel/ropfu", {st_mode=S_IFDIR|0755, st_size=4096, ...}, 0) = 0
newfstatat(AT_FDCWD, "/usr/lib/python3.12", {st_mode=S_IFDIR|0755, st_size=4096, ...}, 0) = 0
newfstatat(AT_FDCWD, "/usr/lib/python3.12/ipaddress.py", {st_mode=S_IFREG|0644, st_size=78294, ...}, 0) = 0
newfstatat(AT_FDCWD, "/usr/lib/python3.12/ipaddress.py", {st_mode=S_IFREG|0644, st_size=78294, ...}, 0) = 0
openat(AT_FDCWD, "/usr/lib/python3.12/__pycache__/ipaddress.cpython-312.pyc", O_RDONLY|O_CLOEXEC) = 6
fstat(6, {st_mode=S_IFREG|0644, st_size=90762, ...}) = 0
ioctl(6, TCGETS, 0x7ffc5ece3540)        = -1 ENOTTY (Inappropriate ioctl for device)
lseek(6, 0, SEEK_CUR)                   = 0
lseek(6, 0, SEEK_CUR)                   = 0
fstat(6, {st_mode=S_IFREG|0644, st_size=90762, ...}) = 0
brk(0x1f6ea000)                         = 0x1f6ea000
read(6, "\313\r\r\n\0\0\0\0)!\236h\3261\1\0\343\0\0\0\0\0\0\0\0\0\0\0\0\6\0\0"..., 90763) = 90762
read(6, "", 1)                          = 0
close(6)                                = 0
newfstatat(AT_FDCWD, "/workspace/sidechannel/ropfu", {st_mode=S_IFDIR|0755, st_size=4096, ...}, 0) = 0
newfstatat(AT_FDCWD, "/usr/lib/python3.12", {st_mode=S_IFDIR|0755, st_size=4096, ...}, 0) = 0
newfstatat(AT_FDCWD, "/usr/lib/python3.12/lib-dynload", {st_mode=S_IFDIR|0755, st_size=4096, ...}, 0) = 0
newfstatat(AT_FDCWD, "/home/ubuntu/.local/lib/python3.12/site-packages", {st_mode=S_IFDIR|0755, st_size=4096, ...}, 0) = 0
newfstatat(AT_FDCWD, "/usr/local/lib/python3.12/dist-packages", {st_mode=S_IFDIR|0755, st_size=4096, ...}, 0) = 0
newfstatat(AT_FDCWD, "/usr/lib/python3/dist-packages", {st_mode=S_IFDIR|0755, st_size=4096, ...}, 0) = 0
newfstatat(AT_FDCWD, "/workspace/sidechannel/ropfu", {st_mode=S_IFDIR|0755, st_size=4096, ...}, 0) = 0
newfstatat(AT_FDCWD, "/usr/lib/python3.12", {st_mode=S_IFDIR|0755, st_size=4096, ...}, 0) = 0
newfstatat(AT_FDCWD, "/usr/lib/python3.12/lib-dynload", {st_mode=S_IFDIR|0755, st_size=4096, ...}, 0) = 0
newfstatat(AT_FDCWD, "/home/ubuntu/.local/lib/python3.12/site-packages", {st_mode=S_IFDIR|0755, st_size=4096, ...}, 0) = 0
newfstatat(AT_FDCWD, "/usr/local/lib/python3.12/dist-packages", {st_mode=S_IFDIR|0755, st_size=4096, ...}, 0) = 0
newfstatat(AT_FDCWD, "/usr/lib/python3/dist-packages", {st_mode=S_IFDIR|0755, st_size=4096, ...}, 0) = 0
newfstatat(AT_FDCWD, "/workspace/sidechannel/ropfu", {st_mode=S_IFDIR|0755, st_size=4096, ...}, 0) = 0
newfstatat(AT_FDCWD, "/usr/lib/python3.12", {st_mode=S_IFDIR|0755, st_size=4096, ...}, 0) = 0
newfstatat(AT_FDCWD, "/usr/lib/python3.12/lib-dynload", {st_mode=S_IFDIR|0755, st_size=4096, ...}, 0) = 0
newfstatat(AT_FDCWD, "/home/ubuntu/.local/lib/python3.12/site-packages", {st_mode=S_IFDIR|0755, st_size=4096, ...}, 0) = 0
newfstatat(AT_FDCWD, "/usr/local/lib/python3.12/dist-packages", {st_mode=S_IFDIR|0755, st_size=4096, ...}, 0) = 0
newfstatat(AT_FDCWD, "/usr/lib/python3/dist-packages", {st_mode=S_IFDIR|0755, st_size=4096, ...}, 0) = 0
newfstatat(AT_FDCWD, "/workspace/sidechannel/ropfu", {st_mode=S_IFDIR|0755, st_size=4096, ...}, 0) = 0
newfstatat(AT_FDCWD, "/usr/lib/python3.12", {st_mode=S_IFDIR|0755, st_size=4096, ...}, 0) = 0
newfstatat(AT_FDCWD, "/usr/lib/python3.12/lib-dynload", {st_mode=S_IFDIR|0755, st_size=4096, ...}, 0) = 0
newfstatat(AT_FDCWD, "/home/ubuntu/.local/lib/python3.12/site-packages", {st_mode=S_IFDIR|0755, st_size=4096, ...}, 0) = 0
newfstatat(AT_FDCWD, "/usr/local/lib/python3.12/dist-packages", {st_mode=S_IFDIR|0755, st_size=4096, ...}, 0) = 0
newfstatat(AT_FDCWD, "/usr/lib/python3/dist-packages", {st_mode=S_IFDIR|0755, st_size=4096, ...}, 0) = 0
newfstatat(AT_FDCWD, "/workspace/sidechannel/ropfu", {st_mode=S_IFDIR|0755, st_size=4096, ...}, 0) = 0
newfstatat(AT_FDCWD, "/usr/lib/python3.12", {st_mode=S_IFDIR|0755, st_size=4096, ...}, 0) = 0
newfstatat(AT_FDCWD, "/usr/lib/python3.12/lib-dynload", {st_mode=S_IFDIR|0755, st_size=4096, ...}, 0) = 0
newfstatat(AT_FDCWD, "/home/ubuntu/.local/lib/python3.12/site-packages", {st_mode=S_IFDIR|0755, st_size=4096, ...}, 0) = 0
newfstatat(AT_FDCWD, "/usr/local/lib/python3.12/dist-packages", {st_mode=S_IFDIR|0755, st_size=4096, ...}, 0) = 0
newfstatat(AT_FDCWD, "/usr/lib/python3/dist-packages", {st_mode=S_IFDIR|0755, st_size=4096, ...}, 0) = 0
newfstatat(AT_FDCWD, "/workspace/sidechannel/ropfu", {st_mode=S_IFDIR|0755, st_size=4096, ...}, 0) = 0
newfstatat(AT_FDCWD, "/usr/lib/python3.12", {st_mode=S_IFDIR|0755, st_size=4096, ...}, 0) = 0
newfstatat(AT_FDCWD, "/usr/lib/python3.12/lib-dynload", {st_mode=S_IFDIR|0755, st_size=4096, ...}, 0) = 0
newfstatat(AT_FDCWD, "/home/ubuntu/.local/lib/python3.12/site-packages", {st_mode=S_IFDIR|0755, st_size=4096, ...}, 0) = 0
newfstatat(AT_FDCWD, "/usr/local/lib/python3.12/dist-packages", {st_mode=S_IFDIR|0755, st_size=4096, ...}, 0) = 0
newfstatat(AT_FDCWD, "/usr/lib/python3/dist-packages", {st_mode=S_IFDIR|0755, st_size=4096, ...}, 0) = 0
newfstatat(AT_FDCWD, "/workspace/sidechannel/ropfu", {st_mode=S_IFDIR|0755, st_size=4096, ...}, 0) = 0
newfstatat(AT_FDCWD, "/usr/lib/python3.12", {st_mode=S_IFDIR|0755, st_size=4096, ...}, 0) = 0
newfstatat(AT_FDCWD, "/usr/lib/python3.12/lib-dynload", {st_mode=S_IFDIR|0755, st_size=4096, ...}, 0) = 0
newfstatat(AT_FDCWD, "/home/ubuntu/.local/lib/python3.12/site-packages", {st_mode=S_IFDIR|0755, st_size=4096, ...}, 0) = 0
newfstatat(AT_FDCWD, "/usr/local/lib/python3.12/dist-packages", {st_mode=S_IFDIR|0755, st_size=4096, ...}, 0) = 0
newfstatat(AT_FDCWD, "/usr/lib/python3/dist-packages", {st_mode=S_IFDIR|0755, st_size=4096, ...}, 0) = 0
newfstatat(AT_FDCWD, "/home/ubuntu/.local/lib/python3.12/site-packages/pwnlib/filesystem", {st_mode=S_IFDIR|0755, st_size=4096, ...}, 0) = 0
newfstatat(AT_FDCWD, "/home/ubuntu/.local/lib/python3.12/site-packages/pwnlib/filesystem/ssh.py", {st_mode=S_IFREG|0644, st_size=21434, ...}, 0) = 0
newfstatat(AT_FDCWD, "/home/ubuntu/.local/lib/python3.12/site-packages/pwnlib/filesystem/ssh.py", {st_mode=S_IFREG|0644, st_size=21434, ...}, 0) = 0
openat(AT_FDCWD, "/home/ubuntu/.local/lib/python3.12/site-packages/pwnlib/filesystem/__pycache__/ssh.cpython-312.pyc", O_RDONLY|O_CLOEXEC) = 6
fstat(6, {st_mode=S_IFREG|0644, st_size=31516, ...}) = 0
ioctl(6, TCGETS, 0x7ffc5ece4890)        = -1 ENOTTY (Inappropriate ioctl for device)
lseek(6, 0, SEEK_CUR)                   = 0
lseek(6, 0, SEEK_CUR)                   = 0
fstat(6, {st_mode=S_IFREG|0644, st_size=31516, ...}) = 0
read(6, "\313\r\r\n\0\0\0\0\226\254\33i\272S\0\0\343\0\0\0\0\0\0\0\0\0\0\0\0\5\0\0"..., 31517) = 31516
read(6, "", 1)                          = 0
close(6)                                = 0
newfstatat(AT_FDCWD, "/home/ubuntu/.local/lib/python3.12/site-packages/pwnlib/util", {st_mode=S_IFDIR|0755, st_size=4096, ...}, 0) = 0
newfstatat(AT_FDCWD, "/home/ubuntu/.local/lib/python3.12/site-packages/pwnlib/util/web.py", {st_mode=S_IFREG|0644, st_size=2412, ...}, 0) = 0
newfstatat(AT_FDCWD, "/home/ubuntu/.local/lib/python3.12/site-packages/pwnlib/util/web.py", {st_mode=S_IFREG|0644, st_size=2412, ...}, 0) = 0
openat(AT_FDCWD, "/home/ubuntu/.local/lib/python3.12/site-packages/pwnlib/util/__pycache__/web.cpython-312.pyc", O_RDONLY|O_CLOEXEC) = 6
fstat(6, {st_mode=S_IFREG|0644, st_size=3535, ...}) = 0
ioctl(6, TCGETS, 0x7ffc5ece5370)        = -1 ENOTTY (Inappropriate ioctl for device)
lseek(6, 0, SEEK_CUR)                   = 0
lseek(6, 0, SEEK_CUR)                   = 0
fstat(6, {st_mode=S_IFREG|0644, st_size=3535, ...}) = 0
read(6, "\313\r\r\n\0\0\0\0\226\254\33il\t\0\0\343\0\0\0\0\0\0\0\0\0\0\0\0\3\0\0"..., 3536) = 3535
read(6, "", 1)                          = 0
close(6)                                = 0
newfstatat(AT_FDCWD, "/home/ubuntu/.local/lib/python3.12/site-packages/pwnlib", {st_mode=S_IFDIR|0755, st_size=4096, ...}, 0) = 0
newfstatat(AT_FDCWD, "/home/ubuntu/.local/lib/python3.12/site-packages/pwnlib/memleak.py", {st_mode=S_IFREG|0644, st_size=19054, ...}, 0) = 0
newfstatat(AT_FDCWD, "/home/ubuntu/.local/lib/python3.12/site-packages/pwnlib/memleak.py", {st_mode=S_IFREG|0644, st_size=19054, ...}, 0) = 0
openat(AT_FDCWD, "/home/ubuntu/.local/lib/python3.12/site-packages/pwnlib/__pycache__/memleak.cpython-312.pyc", O_RDONLY|O_CLOEXEC) = 6
fstat(6, {st_mode=S_IFREG|0644, st_size=24538, ...}) = 0
ioctl(6, TCGETS, 0x7ffc5ece5e50)        = -1 ENOTTY (Inappropriate ioctl for device)
lseek(6, 0, SEEK_CUR)                   = 0
lseek(6, 0, SEEK_CUR)                   = 0
fstat(6, {st_mode=S_IFREG|0644, st_size=24538, ...}) = 0
read(6, "\313\r\r\n\0\0\0\0\226\254\33inJ\0\0\343\0\0\0\0\0\0\0\0\0\0\0\0\5\0\0"..., 24539) = 24538
read(6, "", 1)                          = 0
close(6)                                = 0
newfstatat(AT_FDCWD, "/home/ubuntu/.local/lib/python3.12/site-packages/pwnlib", {st_mode=S_IFDIR|0755, st_size=4096, ...}, 0) = 0
newfstatat(AT_FDCWD, "/home/ubuntu/.local/lib/python3.12/site-packages/pwnlib/encoders/__init__.cpython-312-x86_64-linux-gnu.so", 0x7ffc5ece6820, 0) = -1 ENOENT (No such file or directory)
newfstatat(AT_FDCWD, "/home/ubuntu/.local/lib/python3.12/site-packages/pwnlib/encoders/__init__.abi3.so", 0x7ffc5ece6820, 0) = -1 ENOENT (No such file or directory)
newfstatat(AT_FDCWD, "/home/ubuntu/.local/lib/python3.12/site-packages/pwnlib/encoders/__init__.so", 0x7ffc5ece6820, 0) = -1 ENOENT (No such file or directory)
newfstatat(AT_FDCWD, "/home/ubuntu/.local/lib/python3.12/site-packages/pwnlib/encoders/__init__.py", {st_mode=S_IFREG|0644, st_size=580, ...}, 0) = 0
newfstatat(AT_FDCWD, "/home/ubuntu/.local/lib/python3.12/site-packages/pwnlib/encoders/__init__.py", {st_mode=S_IFREG|0644, st_size=580, ...}, 0) = 0
openat(AT_FDCWD, "/home/ubuntu/.local/lib/python3.12/site-packages/pwnlib/encoders/__pycache__/__init__.cpython-312.pyc", O_RDONLY|O_CLOEXEC) = 6
fstat(6, {st_mode=S_IFREG|0644, st_size=689, ...}) = 0
ioctl(6, TCGETS, 0x7ffc5ece64c0)        = -1 ENOTTY (Inappropriate ioctl for device)
lseek(6, 0, SEEK_CUR)                   = 0
lseek(6, 0, SEEK_CUR)                   = 0
fstat(6, {st_mode=S_IFREG|0644, st_size=689, ...}) = 0
read(6, "\313\r\r\n\0\0\0\0\226\254\33iD\2\0\0\343\0\0\0\0\0\0\0\0\0\0\0\0\2\0\0"..., 690) = 689
read(6, "", 1)                          = 0
close(6)                                = 0
newfstatat(AT_FDCWD, "/home/ubuntu/.local/lib/python3.12/site-packages/pwnlib/encoders", {st_mode=S_IFDIR|0755, st_size=4096, ...}, 0) = 0
newfstatat(AT_FDCWD, "/home/ubuntu/.local/lib/python3.12/site-packages/pwnlib/encoders", {st_mode=S_IFDIR|0755, st_size=4096, ...}, 0) = 0
newfstatat(AT_FDCWD, "/home/ubuntu/.local/lib/python3.12/site-packages/pwnlib/encoders", {st_mode=S_IFDIR|0755, st_size=4096, ...}, 0) = 0
openat(AT_FDCWD, "/home/ubuntu/.local/lib/python3.12/site-packages/pwnlib/encoders", O_RDONLY|O_NONBLOCK|O_CLOEXEC|O_DIRECTORY) = 6
fstat(6, {st_mode=S_IFDIR|0755, st_size=4096, ...}) = 0
getdents64(6, 0x1f6d2210 /* 9 entries */, 32768) = 248
getdents64(6, 0x1f6d2210 /* 0 entries */, 32768) = 0
close(6)                                = 0
newfstatat(AT_FDCWD, "/home/ubuntu/.local/lib/python3.12/site-packages/pwnlib/encoders/amd64/__init__.cpython-312-x86_64-linux-gnu.so", 0x7ffc5ece5d40, 0) = -1 ENOENT (No such file or directory)
newfstatat(AT_FDCWD, "/home/ubuntu/.local/lib/python3.12/site-packages/pwnlib/encoders/amd64/__init__.abi3.so", 0x7ffc5ece5d40, 0) = -1 ENOENT (No such file or directory)
newfstatat(AT_FDCWD, "/home/ubuntu/.local/lib/python3.12/site-packages/pwnlib/encoders/amd64/__init__.so", 0x7ffc5ece5d40, 0) = -1 ENOENT (No such file or directory)
newfstatat(AT_FDCWD, "/home/ubuntu/.local/lib/python3.12/site-packages/pwnlib/encoders/amd64/__init__.py", {st_mode=S_IFREG|0644, st_size=80, ...}, 0) = 0
newfstatat(AT_FDCWD, "/home/ubuntu/.local/lib/python3.12/site-packages/pwnlib/encoders/amd64/__init__.py", {st_mode=S_IFREG|0644, st_size=80, ...}, 0) = 0
openat(AT_FDCWD, "/home/ubuntu/.local/lib/python3.12/site-packages/pwnlib/encoders/amd64/__pycache__/__init__.cpython-312.pyc", O_RDONLY|O_CLOEXEC) = 6
fstat(6, {st_mode=S_IFREG|0644, st_size=284, ...}) = 0
ioctl(6, TCGETS, 0x7ffc5ece59e0)        = -1 ENOTTY (Inappropriate ioctl for device)
lseek(6, 0, SEEK_CUR)                   = 0
lseek(6, 0, SEEK_CUR)                   = 0
fstat(6, {st_mode=S_IFREG|0644, st_size=284, ...}) = 0
read(6, "\313\r\r\n\0\0\0\0\226\254\33iP\0\0\0\343\0\0\0\0\0\0\0\0\0\0\0\0\2\0\0"..., 285) = 284
read(6, "", 1)                          = 0
close(6)                                = 0
newfstatat(AT_FDCWD, "/home/ubuntu/.local/lib/python3.12/site-packages/pwnlib/encoders/amd64", {st_mode=S_IFDIR|0755, st_size=4096, ...}, 0) = 0
newfstatat(AT_FDCWD, "/home/ubuntu/.local/lib/python3.12/site-packages/pwnlib/encoders/amd64", {st_mode=S_IFDIR|0755, st_size=4096, ...}, 0) = 0
newfstatat(AT_FDCWD, "/home/ubuntu/.local/lib/python3.12/site-packages/pwnlib/encoders/amd64", {st_mode=S_IFDIR|0755, st_size=4096, ...}, 0) = 0
openat(AT_FDCWD, "/home/ubuntu/.local/lib/python3.12/site-packages/pwnlib/encoders/amd64", O_RDONLY|O_NONBLOCK|O_CLOEXEC|O_DIRECTORY) = 6
fstat(6, {st_mode=S_IFDIR|0755, st_size=4096, ...}) = 0
getdents64(6, 0x1f6d2210 /* 5 entries */, 32768) = 144
getdents64(6, 0x1f6d2210 /* 0 entries */, 32768) = 0
close(6)                                = 0
newfstatat(AT_FDCWD, "/home/ubuntu/.local/lib/python3.12/site-packages/pwnlib/encoders/amd64/delta.py", {st_mode=S_IFREG|0644, st_size=1158, ...}, 0) = 0
newfstatat(AT_FDCWD, "/home/ubuntu/.local/lib/python3.12/site-packages/pwnlib/encoders/amd64/delta.py", {st_mode=S_IFREG|0644, st_size=1158, ...}, 0) = 0
openat(AT_FDCWD, "/home/ubuntu/.local/lib/python3.12/site-packages/pwnlib/encoders/amd64/__pycache__/delta.cpython-312.pyc", O_RDONLY|O_CLOEXEC) = 6
fstat(6, {st_mode=S_IFREG|0644, st_size=1477, ...}) = 0
ioctl(6, TCGETS, 0x7ffc5ece4f00)        = -1 ENOTTY (Inappropriate ioctl for device)
lseek(6, 0, SEEK_CUR)                   = 0
lseek(6, 0, SEEK_CUR)                   = 0
fstat(6, {st_mode=S_IFREG|0644, st_size=1477, ...}) = 0
read(6, "\313\r\r\n\0\0\0\0\226\254\33i\206\4\0\0\343\0\0\0\0\0\0\0\0\0\0\0\0\5\0\0"..., 1478) = 1477
read(6, "", 1)                          = 0
close(6)                                = 0
newfstatat(AT_FDCWD, "/home/ubuntu/.local/lib/python3.12/site-packages/pwnlib/encoders", {st_mode=S_IFDIR|0755, st_size=4096, ...}, 0) = 0
newfstatat(AT_FDCWD, "/home/ubuntu/.local/lib/python3.12/site-packages/pwnlib/encoders/i386/__init__.cpython-312-x86_64-linux-gnu.so", 0x7ffc5ece4780, 0) = -1 ENOENT (No such file or directory)
newfstatat(AT_FDCWD, "/home/ubuntu/.local/lib/python3.12/site-packages/pwnlib/encoders/i386/__init__.abi3.so", 0x7ffc5ece4780, 0) = -1 ENOENT (No such file or directory)
newfstatat(AT_FDCWD, "/home/ubuntu/.local/lib/python3.12/site-packages/pwnlib/encoders/i386/__init__.so", 0x7ffc5ece4780, 0) = -1 ENOENT (No such file or directory)
newfstatat(AT_FDCWD, "/home/ubuntu/.local/lib/python3.12/site-packages/pwnlib/encoders/i386/__init__.py", {st_mode=S_IFREG|0644, st_size=165, ...}, 0) = 0
newfstatat(AT_FDCWD, "/home/ubuntu/.local/lib/python3.12/site-packages/pwnlib/encoders/i386/__init__.py", {st_mode=S_IFREG|0644, st_size=165, ...}, 0) = 0
openat(AT_FDCWD, "/home/ubuntu/.local/lib/python3.12/site-packages/pwnlib/encoders/i386/__pycache__/__init__.cpython-312.pyc", O_RDONLY|O_CLOEXEC) = 6
fstat(6, {st_mode=S_IFREG|0644, st_size=348, ...}) = 0
ioctl(6, TCGETS, 0x7ffc5ece4420)        = -1 ENOTTY (Inappropriate ioctl for device)
lseek(6, 0, SEEK_CUR)                   = 0
lseek(6, 0, SEEK_CUR)                   = 0
fstat(6, {st_mode=S_IFREG|0644, st_size=348, ...}) = 0
read(6, "\313\r\r\n\0\0\0\0\226\254\33i\245\0\0\0\343\0\0\0\0\0\0\0\0\0\0\0\0\2\0\0"..., 349) = 348
read(6, "", 1)                          = 0
close(6)                                = 0
newfstatat(AT_FDCWD, "/home/ubuntu/.local/lib/python3.12/site-packages/pwnlib/encoders/i386", {st_mode=S_IFDIR|0755, st_size=4096, ...}, 0) = 0
newfstatat(AT_FDCWD, "/home/ubuntu/.local/lib/python3.12/site-packages/pwnlib/encoders/i386", {st_mode=S_IFDIR|0755, st_size=4096, ...}, 0) = 0
newfstatat(AT_FDCWD, "/home/ubuntu/.local/lib/python3.12/site-packages/pwnlib/encoders/i386", {st_mode=S_IFDIR|0755, st_size=4096, ...}, 0) = 0
openat(AT_FDCWD, "/home/ubuntu/.local/lib/python3.12/site-packages/pwnlib/encoders/i386", O_RDONLY|O_NONBLOCK|O_CLOEXEC|O_DIRECTORY) = 6
fstat(6, {st_mode=S_IFDIR|0755, st_size=4096, ...}) = 0
getdents64(6, 0x1f6d2210 /* 7 entries */, 32768) = 216
getdents64(6, 0x1f6d2210 /* 0 entries */, 32768) = 0
close(6)                                = 0
newfstatat(AT_FDCWD, "/home/ubuntu/.local/lib/python3.12/site-packages/pwnlib/encoders/i386/ascii_shellcode.py", {st_mode=S_IFREG|0644, st_size=14631, ...}, 0) = 0
newfstatat(AT_FDCWD, "/home/ubuntu/.local/lib/python3.12/site-packages/pwnlib/encoders/i386/ascii_shellcode.py", {st_mode=S_IFREG|0644, st_size=14631, ...}, 0) = 0
openat(AT_FDCWD, "/home/ubuntu/.local/lib/python3.12/site-packages/pwnlib/encoders/i386/__pycache__/ascii_shellcode.cpython-312.pyc", O_RDONLY|O_CLOEXEC) = 6
fstat(6, {st_mode=S_IFREG|0644, st_size=14694, ...}) = 0
ioctl(6, TCGETS, 0x7ffc5ece3940)        = -1 ENOTTY (Inappropriate ioctl for device)
lseek(6, 0, SEEK_CUR)                   = 0
lseek(6, 0, SEEK_CUR)                   = 0
fstat(6, {st_mode=S_IFREG|0644, st_size=14694, ...}) = 0
read(6, "\313\r\r\n\0\0\0\0\226\254\33i'9\0\0\343\0\0\0\0\0\0\0\0\0\0\0\0\5\0\0"..., 14695) = 14694
read(6, "", 1)                          = 0
close(6)                                = 0
newfstatat(AT_FDCWD, "/home/ubuntu/.local/lib/python3.12/site-packages/pwnlib/encoders", {st_mode=S_IFDIR|0755, st_size=4096, ...}, 0) = 0
newfstatat(AT_FDCWD, "/home/ubuntu/.local/lib/python3.12/site-packages/pwnlib/encoders/encoder.py", {st_mode=S_IFREG|0644, st_size=4448, ...}, 0) = 0
newfstatat(AT_FDCWD, "/home/ubuntu/.local/lib/python3.12/site-packages/pwnlib/encoders/encoder.py", {st_mode=S_IFREG|0644, st_size=4448, ...}, 0) = 0
openat(AT_FDCWD, "/home/ubuntu/.local/lib/python3.12/site-packages/pwnlib/encoders/__pycache__/encoder.cpython-312.pyc", O_RDONLY|O_CLOEXEC) = 6
fstat(6, {st_mode=S_IFREG|0644, st_size=6191, ...}) = 0
ioctl(6, TCGETS, 0x7ffc5ece32d0)        = -1 ENOTTY (Inappropriate ioctl for device)
lseek(6, 0, SEEK_CUR)                   = 0
lseek(6, 0, SEEK_CUR)                   = 0
fstat(6, {st_mode=S_IFREG|0644, st_size=6191, ...}) = 0
read(6, "\313\r\r\n\0\0\0\0\226\254\33i`\21\0\0\343\0\0\0\0\0\0\0\0\0\0\0\0\6\0\0"..., 6192) = 6191
read(6, "", 1)                          = 0
close(6)                                = 0
newfstatat(AT_FDCWD, "/home/ubuntu/.local/lib/python3.12/site-packages/pwnlib/encoders/i386", {st_mode=S_IFDIR|0755, st_size=4096, ...}, 0) = 0
newfstatat(AT_FDCWD, "/home/ubuntu/.local/lib/python3.12/site-packages/pwnlib/encoders/i386/delta.py", {st_mode=S_IFREG|0644, st_size=2030, ...}, 0) = 0
newfstatat(AT_FDCWD, "/home/ubuntu/.local/lib/python3.12/site-packages/pwnlib/encoders/i386/delta.py", {st_mode=S_IFREG|0644, st_size=2030, ...}, 0) = 0
openat(AT_FDCWD, "/home/ubuntu/.local/lib/python3.12/site-packages/pwnlib/encoders/i386/__pycache__/delta.cpython-312.pyc", O_RDONLY|O_CLOEXEC) = 6
fstat(6, {st_mode=S_IFREG|0644, st_size=3105, ...}) = 0
ioctl(6, TCGETS, 0x7ffc5ece3940)        = -1 ENOTTY (Inappropriate ioctl for device)
lseek(6, 0, SEEK_CUR)                   = 0
lseek(6, 0, SEEK_CUR)                   = 0
fstat(6, {st_mode=S_IFREG|0644, st_size=3105, ...}) = 0
read(6, "\313\r\r\n\0\0\0\0\226\254\33i\356\7\0\0\343\0\0\0\0\0\0\0\0\0\0\0\0\5\0\0"..., 3106) = 3105
read(6, "", 1)                          = 0
close(6)                                = 0
newfstatat(AT_FDCWD, "/home/ubuntu/.local/lib/python3.12/site-packages/pwnlib/encoders/i386", {st_mode=S_IFDIR|0755, st_size=4096, ...}, 0) = 0
newfstatat(AT_FDCWD, "/home/ubuntu/.local/lib/python3.12/site-packages/pwnlib/encoders/i386/xor.py", {st_mode=S_IFREG|0644, st_size=2488, ...}, 0) = 0
newfstatat(AT_FDCWD, "/home/ubuntu/.local/lib/python3.12/site-packages/pwnlib/encoders/i386/xor.py", {st_mode=S_IFREG|0644, st_size=2488, ...}, 0) = 0
openat(AT_FDCWD, "/home/ubuntu/.local/lib/python3.12/site-packages/pwnlib/encoders/i386/__pycache__/xor.cpython-312.pyc", O_RDONLY|O_CLOEXEC) = 6
fstat(6, {st_mode=S_IFREG|0644, st_size=2844, ...}) = 0
ioctl(6, TCGETS, 0x7ffc5ece3940)        = -1 ENOTTY (Inappropriate ioctl for device)
lseek(6, 0, SEEK_CUR)                   = 0
lseek(6, 0, SEEK_CUR)                   = 0
fstat(6, {st_mode=S_IFREG|0644, st_size=2844, ...}) = 0
read(6, "\313\r\r\n\0\0\0\0\226\254\33i\270\t\0\0\343\0\0\0\0\0\0\0\0\0\0\0\0\5\0\0"..., 2845) = 2844
read(6, "", 1)                          = 0
close(6)                                = 0
newfstatat(AT_FDCWD, "/home/ubuntu/.local/lib/python3.12/site-packages/pwnlib/encoders", {st_mode=S_IFDIR|0755, st_size=4096, ...}, 0) = 0
newfstatat(AT_FDCWD, "/home/ubuntu/.local/lib/python3.12/site-packages/pwnlib/encoders/arm/__init__.cpython-312-x86_64-linux-gnu.so", 0x7ffc5ece5d40, 0) = -1 ENOENT (No such file or directory)
newfstatat(AT_FDCWD, "/home/ubuntu/.local/lib/python3.12/site-packages/pwnlib/encoders/arm/__init__.abi3.so", 0x7ffc5ece5d40, 0) = -1 ENOENT (No such file or directory)
newfstatat(AT_FDCWD, "/home/ubuntu/.local/lib/python3.12/site-packages/pwnlib/encoders/arm/__init__.so", 0x7ffc5ece5d40, 0) = -1 ENOENT (No such file or directory)
newfstatat(AT_FDCWD, "/home/ubuntu/.local/lib/python3.12/site-packages/pwnlib/encoders/arm/__init__.py", {st_mode=S_IFREG|0644, st_size=121, ...}, 0) = 0
newfstatat(AT_FDCWD, "/home/ubuntu/.local/lib/python3.12/site-packages/pwnlib/encoders/arm/__init__.py", {st_mode=S_IFREG|0644, st_size=121, ...}, 0) = 0
openat(AT_FDCWD, "/home/ubuntu/.local/lib/python3.12/site-packages/pwnlib/encoders/arm/__pycache__/__init__.cpython-312.pyc", O_RDONLY|O_CLOEXEC) = 6
fstat(6, {st_mode=S_IFREG|0644, st_size=314, ...}) = 0
ioctl(6, TCGETS, 0x7ffc5ece59e0)        = -1 ENOTTY (Inappropriate ioctl for device)
lseek(6, 0, SEEK_CUR)                   = 0
lseek(6, 0, SEEK_CUR)                   = 0
fstat(6, {st_mode=S_IFREG|0644, st_size=314, ...}) = 0
read(6, "\313\r\r\n\0\0\0\0\226\254\33iy\0\0\0\343\0\0\0\0\0\0\0\0\0\0\0\0\2\0\0"..., 315) = 314
read(6, "", 1)                          = 0
close(6)                                = 0
newfstatat(AT_FDCWD, "/home/ubuntu/.local/lib/python3.12/site-packages/pwnlib/encoders/arm", {st_mode=S_IFDIR|0755, st_size=4096, ...}, 0) = 0
newfstatat(AT_FDCWD, "/home/ubuntu/.local/lib/python3.12/site-packages/pwnlib/encoders/arm", {st_mode=S_IFDIR|0755, st_size=4096, ...}, 0) = 0
newfstatat(AT_FDCWD, "/home/ubuntu/.local/lib/python3.12/site-packages/pwnlib/encoders/arm", {st_mode=S_IFDIR|0755, st_size=4096, ...}, 0) = 0
openat(AT_FDCWD, "/home/ubuntu/.local/lib/python3.12/site-packages/pwnlib/encoders/arm", O_RDONLY|O_NONBLOCK|O_CLOEXEC|O_DIRECTORY) = 6
fstat(6, {st_mode=S_IFDIR|0755, st_size=4096, ...}) = 0
getdents64(6, 0x1f6d7cd0 /* 6 entries */, 32768) = 176
getdents64(6, 0x1f6d7cd0 /* 0 entries */, 32768) = 0
close(6)                                = 0
newfstatat(AT_FDCWD, "/home/ubuntu/.local/lib/python3.12/site-packages/pwnlib/encoders/arm/alphanumeric/__init__.cpython-312-x86_64-linux-gnu.so", 0x7ffc5ece5260, 0) = -1 ENOENT (No such file or directory)
newfstatat(AT_FDCWD, "/home/ubuntu/.local/lib/python3.12/site-packages/pwnlib/encoders/arm/alphanumeric/__init__.abi3.so", 0x7ffc5ece5260, 0) = -1 ENOENT (No such file or directory)
newfstatat(AT_FDCWD, "/home/ubuntu/.local/lib/python3.12/site-packages/pwnlib/encoders/arm/alphanumeric/__init__.so", 0x7ffc5ece5260, 0) = -1 ENOENT (No such file or directory)
newfstatat(AT_FDCWD, "/home/ubuntu/.local/lib/python3.12/site-packages/pwnlib/encoders/arm/alphanumeric/__init__.py", {st_mode=S_IFREG|0644, st_size=1543, ...}, 0) = 0
newfstatat(AT_FDCWD, "/home/ubuntu/.local/lib/python3.12/site-packages/pwnlib/encoders/arm/alphanumeric/__init__.py", {st_mode=S_IFREG|0644, st_size=1543, ...}, 0) = 0
openat(AT_FDCWD, "/home/ubuntu/.local/lib/python3.12/site-packages/pwnlib/encoders/arm/alphanumeric/__pycache__/__init__.cpython-312.pyc", O_RDONLY|O_CLOEXEC) = 6
fstat(6, {st_mode=S_IFREG|0644, st_size=2742, ...}) = 0
ioctl(6, TCGETS, 0x7ffc5ece4f00)        = -1 ENOTTY (Inappropriate ioctl for device)
lseek(6, 0, SEEK_CUR)                   = 0
lseek(6, 0, SEEK_CUR)                   = 0
fstat(6, {st_mode=S_IFREG|0644, st_size=2742, ...}) = 0
read(6, "\313\r\r\n\0\0\0\0\226\254\33i\7\6\0\0\343\0\0\0\0\0\0\0\0\0\0\0\0\5\0\0"..., 2743) = 2742
read(6, "", 1)                          = 0
close(6)                                = 0
newfstatat(AT_FDCWD, "/home/ubuntu/.local/lib/python3.12/site-packages/pwnlib/encoders/arm/alphanumeric", {st_mode=S_IFDIR|0755, st_size=4096, ...}, 0) = 0
newfstatat(AT_FDCWD, "/home/ubuntu/.local/lib/python3.12/site-packages/pwnlib/encoders/arm/alphanumeric", {st_mode=S_IFDIR|0755, st_size=4096, ...}, 0) = 0
newfstatat(AT_FDCWD, "/home/ubuntu/.local/lib/python3.12/site-packages/pwnlib/encoders/arm/alphanumeric", {st_mode=S_IFDIR|0755, st_size=4096, ...}, 0) = 0
openat(AT_FDCWD, "/home/ubuntu/.local/lib/python3.12/site-packages/pwnlib/encoders/arm/alphanumeric", O_RDONLY|O_NONBLOCK|O_CLOEXEC|O_DIRECTORY) = 6
fstat(6, {st_mode=S_IFDIR|0755, st_size=4096, ...}) = 0
getdents64(6, 0x1f6d7cd0 /* 9 entries */, 32768) = 304
getdents64(6, 0x1f6d7cd0 /* 0 entries */, 32768) = 0
close(6)                                = 0
newfstatat(AT_FDCWD, "/home/ubuntu/.local/lib/python3.12/site-packages/pwnlib/encoders/arm/alphanumeric/builder.py", {st_mode=S_IFREG|0644, st_size=16480, ...}, 0) = 0
newfstatat(AT_FDCWD, "/home/ubuntu/.local/lib/python3.12/site-packages/pwnlib/encoders/arm/alphanumeric/builder.py", {st_mode=S_IFREG|0644, st_size=16480, ...}, 0) = 0
openat(AT_FDCWD, "/home/ubuntu/.local/lib/python3.12/site-packages/pwnlib/encoders/arm/alphanumeric/__pycache__/builder.cpython-312.pyc", O_RDONLY|O_CLOEXEC) = 6
fstat(6, {st_mode=S_IFREG|0644, st_size=23077, ...}) = 0
ioctl(6, TCGETS, 0x7ffc5ece4420)        = -1 ENOTTY (Inappropriate ioctl for device)
lseek(6, 0, SEEK_CUR)                   = 0
lseek(6, 0, SEEK_CUR)                   = 0
fstat(6, {st_mode=S_IFREG|0644, st_size=23077, ...}) = 0
read(6, "\313\r\r\n\0\0\0\0\226\254\33i`@\0\0\343\0\0\0\0\0\0\0\0\0\0\0\0\4\0\0"..., 23078) = 23077
read(6, "", 1)                          = 0
close(6)                                = 0
newfstatat(AT_FDCWD, "/home/ubuntu/.local/lib/python3.12/site-packages/pwnlib/encoders/arm/alphanumeric", {st_mode=S_IFDIR|0755, st_size=4096, ...}, 0) = 0
newfstatat(AT_FDCWD, "/home/ubuntu/.local/lib/python3.12/site-packages/pwnlib/encoders/arm/alphanumeric/alphanum_byte.py", {st_mode=S_IFREG|0644, st_size=1922, ...}, 0) = 0
newfstatat(AT_FDCWD, "/home/ubuntu/.local/lib/python3.12/site-packages/pwnlib/encoders/arm/alphanumeric/alphanum_byte.py", {st_mode=S_IFREG|0644, st_size=1922, ...}, 0) = 0
openat(AT_FDCWD, "/home/ubuntu/.local/lib/python3.12/site-packages/pwnlib/encoders/arm/alphanumeric/__pycache__/alphanum_byte.cpython-312.pyc", O_RDONLY|O_CLOEXEC) = 6
fstat(6, {st_mode=S_IFREG|0644, st_size=1952, ...}) = 0
ioctl(6, TCGETS, 0x7ffc5ece3940)        = -1 ENOTTY (Inappropriate ioctl for device)
lseek(6, 0, SEEK_CUR)                   = 0
lseek(6, 0, SEEK_CUR)                   = 0
fstat(6, {st_mode=S_IFREG|0644, st_size=1952, ...}) = 0
read(6, "\313\r\r\n\0\0\0\0\226\254\33i\202\7\0\0\343\0\0\0\0\0\0\0\0\0\0\0\0\2\0\0"..., 1953) = 1952
read(6, "", 1)                          = 0
close(6)                                = 0
newfstatat(AT_FDCWD, "/home/ubuntu/.local/lib/python3.12/site-packages/pwnlib/encoders/arm/alphanumeric", {st_mode=S_IFDIR|0755, st_size=4096, ...}, 0) = 0
newfstatat(AT_FDCWD, "/home/ubuntu/.local/lib/python3.12/site-packages/pwnlib/encoders/arm/alphanumeric/random_funcs.py", {st_mode=S_IFREG|0644, st_size=1231, ...}, 0) = 0
newfstatat(AT_FDCWD, "/home/ubuntu/.local/lib/python3.12/site-packages/pwnlib/encoders/arm/alphanumeric/random_funcs.py", {st_mode=S_IFREG|0644, st_size=1231, ...}, 0) = 0
openat(AT_FDCWD, "/home/ubuntu/.local/lib/python3.12/site-packages/pwnlib/encoders/arm/alphanumeric/__pycache__/random_funcs.cpython-312.pyc", O_RDONLY|O_CLOEXEC) = 6
fstat(6, {st_mode=S_IFREG|0644, st_size=1098, ...}) = 0
ioctl(6, TCGETS, 0x7ffc5ece2e60)        = -1 ENOTTY (Inappropriate ioctl for device)
lseek(6, 0, SEEK_CUR)                   = 0
lseek(6, 0, SEEK_CUR)                   = 0
fstat(6, {st_mode=S_IFREG|0644, st_size=1098, ...}) = 0
read(6, "\313\r\r\n\0\0\0\0\226\254\33i\317\4\0\0\343\0\0\0\0\0\0\0\0\0\0\0\0\2\0\0"..., 1099) = 1098
read(6, "", 1)                          = 0
close(6)                                = 0
newfstatat(AT_FDCWD, "/home/ubuntu/.local/lib/python3.12/site-packages/pwnlib/encoders/arm/alphanumeric", {st_mode=S_IFDIR|0755, st_size=4096, ...}, 0) = 0
newfstatat(AT_FDCWD, "/home/ubuntu/.local/lib/python3.12/site-packages/pwnlib/encoders/arm/alphanumeric/ARM_Instructions.py", {st_mode=S_IFREG|0644, st_size=3263, ...}, 0) = 0
newfstatat(AT_FDCWD, "/home/ubuntu/.local/lib/python3.12/site-packages/pwnlib/encoders/arm/alphanumeric/ARM_Instructions.py", {st_mode=S_IFREG|0644, st_size=3263, ...}, 0) = 0
openat(AT_FDCWD, "/home/ubuntu/.local/lib/python3.12/site-packages/pwnlib/encoders/arm/alphanumeric/__pycache__/ARM_Instructions.cpython-312.pyc", O_RDONLY|O_CLOEXEC) = 6
fstat(6, {st_mode=S_IFREG|0644, st_size=4609, ...}) = 0
ioctl(6, TCGETS, 0x7ffc5ece3940)        = -1 ENOTTY (Inappropriate ioctl for device)
lseek(6, 0, SEEK_CUR)                   = 0
lseek(6, 0, SEEK_CUR)                   = 0
fstat(6, {st_mode=S_IFREG|0644, st_size=4609, ...}) = 0
read(6, "\313\r\r\n\0\0\0\0\226\254\33i\277\f\0\0\343\0\0\0\0\0\0\0\0\0\0\0\0\2\0\0"..., 4610) = 4609
read(6, "", 1)                          = 0
close(6)                                = 0
newfstatat(AT_FDCWD, "/home/ubuntu/.local/lib/python3.12/site-packages/pwnlib/encoders/arm", {st_mode=S_IFDIR|0755, st_size=4096, ...}, 0) = 0
newfstatat(AT_FDCWD, "/home/ubuntu/.local/lib/python3.12/site-packages/pwnlib/encoders/arm/xor.py", {st_mode=S_IFREG|0644, st_size=1629, ...}, 0) = 0
newfstatat(AT_FDCWD, "/home/ubuntu/.local/lib/python3.12/site-packages/pwnlib/encoders/arm/xor.py", {st_mode=S_IFREG|0644, st_size=1629, ...}, 0) = 0
openat(AT_FDCWD, "/home/ubuntu/.local/lib/python3.12/site-packages/pwnlib/encoders/arm/__pycache__/xor.cpython-312.pyc", O_RDONLY|O_CLOEXEC) = 6
fstat(6, {st_mode=S_IFREG|0644, st_size=2292, ...}) = 0
ioctl(6, TCGETS, 0x7ffc5ece4f00)        = -1 ENOTTY (Inappropriate ioctl for device)
lseek(6, 0, SEEK_CUR)                   = 0
lseek(6, 0, SEEK_CUR)                   = 0
fstat(6, {st_mode=S_IFREG|0644, st_size=2292, ...}) = 0
read(6, "\313\r\r\n\0\0\0\0\226\254\33i]\6\0\0\343\0\0\0\0\0\0\0\0\0\0\0\0\5\0\0"..., 2293) = 2292
read(6, "", 1)                          = 0
close(6)                                = 0
newfstatat(AT_FDCWD, "/home/ubuntu/.local/lib/python3.12/site-packages/pwnlib/encoders", {st_mode=S_IFDIR|0755, st_size=4096, ...}, 0) = 0
newfstatat(AT_FDCWD, "/home/ubuntu/.local/lib/python3.12/site-packages/pwnlib/encoders/mips/__init__.cpython-312-x86_64-linux-gnu.so", 0x7ffc5ece5d40, 0) = -1 ENOENT (No such file or directory)
newfstatat(AT_FDCWD, "/home/ubuntu/.local/lib/python3.12/site-packages/pwnlib/encoders/mips/__init__.abi3.so", 0x7ffc5ece5d40, 0) = -1 ENOENT (No such file or directory)
newfstatat(AT_FDCWD, "/home/ubuntu/.local/lib/python3.12/site-packages/pwnlib/encoders/mips/__init__.so", 0x7ffc5ece5d40, 0) = -1 ENOENT (No such file or directory)
newfstatat(AT_FDCWD, "/home/ubuntu/.local/lib/python3.12/site-packages/pwnlib/encoders/mips/__init__.py", {st_mode=S_IFREG|0644, st_size=77, ...}, 0) = 0
newfstatat(AT_FDCWD, "/home/ubuntu/.local/lib/python3.12/site-packages/pwnlib/encoders/mips/__init__.py", {st_mode=S_IFREG|0644, st_size=77, ...}, 0) = 0
openat(AT_FDCWD, "/home/ubuntu/.local/lib/python3.12/site-packages/pwnlib/encoders/mips/__pycache__/__init__.cpython-312.pyc", O_RDONLY|O_CLOEXEC) = 6
fstat(6, {st_mode=S_IFREG|0644, st_size=280, ...}) = 0
ioctl(6, TCGETS, 0x7ffc5ece59e0)        = -1 ENOTTY (Inappropriate ioctl for device)
lseek(6, 0, SEEK_CUR)                   = 0
lseek(6, 0, SEEK_CUR)                   = 0
fstat(6, {st_mode=S_IFREG|0644, st_size=280, ...}) = 0
read(6, "\313\r\r\n\0\0\0\0\226\254\33iM\0\0\0\343\0\0\0\0\0\0\0\0\0\0\0\0\2\0\0"..., 281) = 280
read(6, "", 1)                          = 0
close(6)                                = 0
newfstatat(AT_FDCWD, "/home/ubuntu/.local/lib/python3.12/site-packages/pwnlib/encoders/mips", {st_mode=S_IFDIR|0755, st_size=4096, ...}, 0) = 0
newfstatat(AT_FDCWD, "/home/ubuntu/.local/lib/python3.12/site-packages/pwnlib/encoders/mips", {st_mode=S_IFDIR|0755, st_size=4096, ...}, 0) = 0
newfstatat(AT_FDCWD, "/home/ubuntu/.local/lib/python3.12/site-packages/pwnlib/encoders/mips", {st_mode=S_IFDIR|0755, st_size=4096, ...}, 0) = 0
openat(AT_FDCWD, "/home/ubuntu/.local/lib/python3.12/site-packages/pwnlib/encoders/mips", O_RDONLY|O_NONBLOCK|O_CLOEXEC|O_DIRECTORY) = 6
fstat(6, {st_mode=S_IFDIR|0755, st_size=4096, ...}) = 0
brk(0x1f70f000)                         = 0x1f70f000
getdents64(6, 0x1f6e6ad0 /* 5 entries */, 32768) = 144
getdents64(6, 0x1f6e6ad0 /* 0 entries */, 32768) = 0
close(6)                                = 0
newfstatat(AT_FDCWD, "/home/ubuntu/.local/lib/python3.12/site-packages/pwnlib/encoders/mips/xor.py", {st_mode=S_IFREG|0644, st_size=5372, ...}, 0) = 0
newfstatat(AT_FDCWD, "/home/ubuntu/.local/lib/python3.12/site-packages/pwnlib/encoders/mips/xor.py", {st_mode=S_IFREG|0644, st_size=5372, ...}, 0) = 0
openat(AT_FDCWD, "/home/ubuntu/.local/lib/python3.12/site-packages/pwnlib/encoders/mips/__pycache__/xor.cpython-312.pyc", O_RDONLY|O_CLOEXEC) = 6
fstat(6, {st_mode=S_IFREG|0644, st_size=3140, ...}) = 0
ioctl(6, TCGETS, 0x7ffc5ece4f00)        = -1 ENOTTY (Inappropriate ioctl for device)
lseek(6, 0, SEEK_CUR)                   = 0
lseek(6, 0, SEEK_CUR)                   = 0
fstat(6, {st_mode=S_IFREG|0644, st_size=3140, ...}) = 0
read(6, "\313\r\r\n\0\0\0\0\226\254\33i\374\24\0\0\343\0\0\0\0\0\0\0\0\0\0\0\0\5\0\0"..., 3141) = 3140
read(6, "", 1)                          = 0
close(6)                                = 0
newfstatat(AT_FDCWD, "/home/ubuntu/.local/lib/python3.12/site-packages/pwnlib", {st_mode=S_IFDIR|0755, st_size=4096, ...}, 0) = 0
newfstatat(AT_FDCWD, "/home/ubuntu/.local/lib/python3.12/site-packages/pwnlib/fmtstr.py", {st_mode=S_IFREG|0644, st_size=44502, ...}, 0) = 0
newfstatat(AT_FDCWD, "/home/ubuntu/.local/lib/python3.12/site-packages/pwnlib/fmtstr.py", {st_mode=S_IFREG|0644, st_size=44502, ...}, 0) = 0
openat(AT_FDCWD, "/home/ubuntu/.local/lib/python3.12/site-packages/pwnlib/__pycache__/fmtstr.cpython-312.pyc", O_RDONLY|O_CLOEXEC) = 6
fstat(6, {st_mode=S_IFREG|0644, st_size=48778, ...}) = 0
ioctl(6, TCGETS, 0x7ffc5ece64c0)        = -1 ENOTTY (Inappropriate ioctl for device)
lseek(6, 0, SEEK_CUR)                   = 0
lseek(6, 0, SEEK_CUR)                   = 0
fstat(6, {st_mode=S_IFREG|0644, st_size=48778, ...}) = 0
read(6, "\313\r\r\n\0\0\0\0\226\254\33i\326\255\0\0\343\0\0\0\0\0\0\0\0\0\0\0\0\10\0\0"..., 48779) = 48778
read(6, "", 1)                          = 0
close(6)                                = 0
newfstatat(AT_FDCWD, "/home/ubuntu/.local/lib/python3.12/site-packages/pwnlib", {st_mode=S_IFDIR|0755, st_size=4096, ...}, 0) = 0
newfstatat(AT_FDCWD, "/home/ubuntu/.local/lib/python3.12/site-packages/pwnlib/gdb.py", {st_mode=S_IFREG|0644, st_size=53463, ...}, 0) = 0
newfstatat(AT_FDCWD, "/home/ubuntu/.local/lib/python3.12/site-packages/pwnlib/gdb.py", {st_mode=S_IFREG|0644, st_size=53463, ...}, 0) = 0
openat(AT_FDCWD, "/home/ubuntu/.local/lib/python3.12/site-packages/pwnlib/__pycache__/gdb.cpython-312.pyc", O_RDONLY|O_CLOEXEC) = 6
fstat(6, {st_mode=S_IFREG|0644, st_size=63149, ...}) = 0
ioctl(6, TCGETS, 0x7ffc5ece64c0)        = -1 ENOTTY (Inappropriate ioctl for device)
lseek(6, 0, SEEK_CUR)                   = 0
lseek(6, 0, SEEK_CUR)                   = 0
fstat(6, {st_mode=S_IFREG|0644, st_size=63149, ...}) = 0
read(6, "\313\r\r\n\0\0\0\0\226\254\33i\327\320\0\0\343\0\0\0\0\0\0\0\0\0\0\0\0\5\0\0"..., 63150) = 63149
read(6, "", 1)                          = 0
close(6)                                = 0
newfstatat(AT_FDCWD, "/home/ubuntu/.local/lib/python3.12/site-packages/pwnlib", {st_mode=S_IFDIR|0755, st_size=4096, ...}, 0) = 0
newfstatat(AT_FDCWD, "/home/ubuntu/.local/lib/python3.12/site-packages/pwnlib/pep237.py", {st_mode=S_IFREG|0644, st_size=413, ...}, 0) = 0
newfstatat(AT_FDCWD, "/home/ubuntu/.local/lib/python3.12/site-packages/pwnlib/pep237.py", {st_mode=S_IFREG|0644, st_size=413, ...}, 0) = 0
openat(AT_FDCWD, "/home/ubuntu/.local/lib/python3.12/site-packages/pwnlib/__pycache__/pep237.cpython-312.pyc", O_RDONLY|O_CLOEXEC) = 6
fstat(6, {st_mode=S_IFREG|0644, st_size=515, ...}) = 0
ioctl(6, TCGETS, 0x7ffc5ece64c0)        = -1 ENOTTY (Inappropriate ioctl for device)
lseek(6, 0, SEEK_CUR)                   = 0
lseek(6, 0, SEEK_CUR)                   = 0
fstat(6, {st_mode=S_IFREG|0644, st_size=515, ...}) = 0
read(6, "\313\r\r\n\0\0\0\0\226\254\33i\235\1\0\0\343\0\0\0\0\0\0\0\0\0\0\0\0\2\0\0"..., 516) = 515
read(6, "", 1)                          = 0
close(6)                                = 0
newfstatat(AT_FDCWD, "/home/ubuntu/.local/lib/python3.12/site-packages/pwnlib", {st_mode=S_IFDIR|0755, st_size=4096, ...}, 0) = 0
newfstatat(AT_FDCWD, "/home/ubuntu/.local/lib/python3.12/site-packages/pwnlib/regsort.py", {st_mode=S_IFREG|0644, st_size=14292, ...}, 0) = 0
newfstatat(AT_FDCWD, "/home/ubuntu/.local/lib/python3.12/site-packages/pwnlib/regsort.py", {st_mode=S_IFREG|0644, st_size=14292, ...}, 0) = 0
openat(AT_FDCWD, "/home/ubuntu/.local/lib/python3.12/site-packages/pwnlib/__pycache__/regsort.cpython-312.pyc", O_RDONLY|O_CLOEXEC) = 6
fstat(6, {st_mode=S_IFREG|0644, st_size=14657, ...}) = 0
ioctl(6, TCGETS, 0x7ffc5ece64c0)        = -1 ENOTTY (Inappropriate ioctl for device)
lseek(6, 0, SEEK_CUR)                   = 0
lseek(6, 0, SEEK_CUR)                   = 0
fstat(6, {st_mode=S_IFREG|0644, st_size=14657, ...}) = 0
read(6, "\313\r\r\n\0\0\0\0\226\254\33i\3247\0\0\343\0\0\0\0\0\0\0\0\0\0\0\0\3\0\0"..., 14658) = 14657
read(6, "", 1)                          = 0
close(6)                                = 0
newfstatat(AT_FDCWD, "/home/ubuntu/.local/lib/python3.12/site-packages/pwnlib", {st_mode=S_IFDIR|0755, st_size=4096, ...}, 0) = 0
newfstatat(AT_FDCWD, "/home/ubuntu/.local/lib/python3.12/site-packages/pwnlib/replacements.py", {st_mode=S_IFREG|0644, st_size=411, ...}, 0) = 0
newfstatat(AT_FDCWD, "/home/ubuntu/.local/lib/python3.12/site-packages/pwnlib/replacements.py", {st_mode=S_IFREG|0644, st_size=411, ...}, 0) = 0
openat(AT_FDCWD, "/home/ubuntu/.local/lib/python3.12/site-packages/pwnlib/__pycache__/replacements.cpython-312.pyc", O_RDONLY|O_CLOEXEC) = 6
fstat(6, {st_mode=S_IFREG|0644, st_size=767, ...}) = 0
ioctl(6, TCGETS, 0x7ffc5ece64c0)        = -1 ENOTTY (Inappropriate ioctl for device)
lseek(6, 0, SEEK_CUR)                   = 0
lseek(6, 0, SEEK_CUR)                   = 0
fstat(6, {st_mode=S_IFREG|0644, st_size=767, ...}) = 0
read(6, "\313\r\r\n\0\0\0\0\226\254\33i\233\1\0\0\343\0\0\0\0\0\0\0\0\0\0\0\0\2\0\0"..., 768) = 767
read(6, "", 1)                          = 0
close(6)                                = 0
newfstatat(AT_FDCWD, "/home/ubuntu/.local/lib/python3.12/site-packages/pwnlib", {st_mode=S_IFDIR|0755, st_size=4096, ...}, 0) = 0
newfstatat(AT_FDCWD, "/home/ubuntu/.local/lib/python3.12/site-packages/pwnlib/rop/__init__.cpython-312-x86_64-linux-gnu.so", 0x7ffc5ece6820, 0) = -1 ENOENT (No such file or directory)
newfstatat(AT_FDCWD, "/home/ubuntu/.local/lib/python3.12/site-packages/pwnlib/rop/__init__.abi3.so", 0x7ffc5ece6820, 0) = -1 ENOENT (No such file or directory)
newfstatat(AT_FDCWD, "/home/ubuntu/.local/lib/python3.12/site-packages/pwnlib/rop/__init__.so", 0x7ffc5ece6820, 0) = -1 ENOENT (No such file or directory)
newfstatat(AT_FDCWD, "/home/ubuntu/.local/lib/python3.12/site-packages/pwnlib/rop/__init__.py", {st_mode=S_IFREG|0644, st_size=31, ...}, 0) = 0
newfstatat(AT_FDCWD, "/home/ubuntu/.local/lib/python3.12/site-packages/pwnlib/rop/__init__.py", {st_mode=S_IFREG|0644, st_size=31, ...}, 0) = 0
openat(AT_FDCWD, "/home/ubuntu/.local/lib/python3.12/site-packages/pwnlib/rop/__pycache__/__init__.cpython-312.pyc", O_RDONLY|O_CLOEXEC) = 6
fstat(6, {st_mode=S_IFREG|0644, st_size=213, ...}) = 0
ioctl(6, TCGETS, 0x7ffc5ece64c0)        = -1 ENOTTY (Inappropriate ioctl for device)
lseek(6, 0, SEEK_CUR)                   = 0
lseek(6, 0, SEEK_CUR)                   = 0
fstat(6, {st_mode=S_IFREG|0644, st_size=213, ...}) = 0
read(6, "\313\r\r\n\0\0\0\0\226\254\33i\37\0\0\0\343\0\0\0\0\0\0\0\0\0\0\0\0\2\0\0"..., 214) = 213
read(6, "", 1)                          = 0
close(6)                                = 0
newfstatat(AT_FDCWD, "/home/ubuntu/.local/lib/python3.12/site-packages/pwnlib/rop", {st_mode=S_IFDIR|0755, st_size=4096, ...}, 0) = 0
newfstatat(AT_FDCWD, "/home/ubuntu/.local/lib/python3.12/site-packages/pwnlib/rop", {st_mode=S_IFDIR|0755, st_size=4096, ...}, 0) = 0
newfstatat(AT_FDCWD, "/home/ubuntu/.local/lib/python3.12/site-packages/pwnlib/rop", {st_mode=S_IFDIR|0755, st_size=4096, ...}, 0) = 0
openat(AT_FDCWD, "/home/ubuntu/.local/lib/python3.12/site-packages/pwnlib/rop", O_RDONLY|O_NONBLOCK|O_CLOEXEC|O_DIRECTORY) = 6
fstat(6, {st_mode=S_IFDIR|0755, st_size=4096, ...}) = 0
getdents64(6, 0x1f6fca10 /* 10 entries */, 32768) = 312
getdents64(6, 0x1f6fca10 /* 0 entries */, 32768) = 0
close(6)                                = 0
newfstatat(AT_FDCWD, "/home/ubuntu/.local/lib/python3.12/site-packages/pwnlib/rop/rop.py", {st_mode=S_IFREG|0644, st_size=58885, ...}, 0) = 0
newfstatat(AT_FDCWD, "/home/ubuntu/.local/lib/python3.12/site-packages/pwnlib/rop/rop.py", {st_mode=S_IFREG|0644, st_size=58885, ...}, 0) = 0
openat(AT_FDCWD, "/home/ubuntu/.local/lib/python3.12/site-packages/pwnlib/rop/__pycache__/rop.cpython-312.pyc", O_RDONLY|O_CLOEXEC) = 6
fstat(6, {st_mode=S_IFREG|0644, st_size=66805, ...}) = 0
ioctl(6, TCGETS, 0x7ffc5ece5e50)        = -1 ENOTTY (Inappropriate ioctl for device)
lseek(6, 0, SEEK_CUR)                   = 0
lseek(6, 0, SEEK_CUR)                   = 0
fstat(6, {st_mode=S_IFREG|0644, st_size=66805, ...}) = 0
brk(0x1f73a000)                         = 0x1f73a000
read(6, "\313\r\r\n\0\0\0\0\226\254\33i\5\346\0\0\343\0\0\0\0\0\0\0\0\0\0\0\0\6\0\0"..., 66806) = 66805
read(6, "", 1)                          = 0
close(6)                                = 0
newfstatat(AT_FDCWD, "/home/ubuntu/.local/lib/python3.12/site-packages/pwnlib", {st_mode=S_IFDIR|0755, st_size=4096, ...}, 0) = 0
newfstatat(AT_FDCWD, "/home/ubuntu/.local/lib/python3.12/site-packages/pwnlib/abi.py", {st_mode=S_IFREG|0644, st_size=9226, ...}, 0) = 0
newfstatat(AT_FDCWD, "/home/ubuntu/.local/lib/python3.12/site-packages/pwnlib/abi.py", {st_mode=S_IFREG|0644, st_size=9226, ...}, 0) = 0
openat(AT_FDCWD, "/home/ubuntu/.local/lib/python3.12/site-packages/pwnlib/__pycache__/abi.cpython-312.pyc", O_RDONLY|O_CLOEXEC) = 6
fstat(6, {st_mode=S_IFREG|0644, st_size=9026, ...}) = 0
ioctl(6, TCGETS, 0x7ffc5ece5370)        = -1 ENOTTY (Inappropriate ioctl for device)
lseek(6, 0, SEEK_CUR)                   = 0
lseek(6, 0, SEEK_CUR)                   = 0
fstat(6, {st_mode=S_IFREG|0644, st_size=9026, ...}) = 0
read(6, "\313\r\r\n\0\0\0\0\226\254\33i\n$\0\0\343\0\0\0\0\0\0\0\0\0\0\0\0\6\0\0"..., 9027) = 9026
read(6, "", 1)                          = 0
close(6)                                = 0
newfstatat(AT_FDCWD, "/home/ubuntu/.local/lib/python3.12/site-packages/pwnlib/rop", {st_mode=S_IFDIR|0755, st_size=4096, ...}, 0) = 0
newfstatat(AT_FDCWD, "/home/ubuntu/.local/lib/python3.12/site-packages/pwnlib/rop/srop.py", {st_mode=S_IFREG|0644, st_size=19092, ...}, 0) = 0
newfstatat(AT_FDCWD, "/home/ubuntu/.local/lib/python3.12/site-packages/pwnlib/rop/srop.py", {st_mode=S_IFREG|0644, st_size=19092, ...}, 0) = 0
openat(AT_FDCWD, "/home/ubuntu/.local/lib/python3.12/site-packages/pwnlib/rop/__pycache__/srop.cpython-312.pyc", O_RDONLY|O_CLOEXEC) = 6
fstat(6, {st_mode=S_IFREG|0644, st_size=24136, ...}) = 0
ioctl(6, TCGETS, 0x7ffc5ece5370)        = -1 ENOTTY (Inappropriate ioctl for device)
lseek(6, 0, SEEK_CUR)                   = 0
lseek(6, 0, SEEK_CUR)                   = 0
fstat(6, {st_mode=S_IFREG|0644, st_size=24136, ...}) = 0
read(6, "\313\r\r\n\0\0\0\0\226\254\33i\224J\0\0\343\0\0\0\0\0\0\0\0\0\0\0\0\22\0\0"..., 24137) = 24136
read(6, "", 1)                          = 0
close(6)                                = 0
mmap(NULL, 1048576, PROT_READ|PROT_WRITE, MAP_PRIVATE|MAP_ANONYMOUS, -1, 0) = 0x7fd8f2389000
newfstatat(AT_FDCWD, "/home/ubuntu/.local/lib/python3.12/site-packages/pwnlib/rop", {st_mode=S_IFDIR|0755, st_size=4096, ...}, 0) = 0
newfstatat(AT_FDCWD, "/home/ubuntu/.local/lib/python3.12/site-packages/pwnlib/rop/ret2dlresolve.py", {st_mode=S_IFREG|0644, st_size=13627, ...}, 0) = 0
newfstatat(AT_FDCWD, "/home/ubuntu/.local/lib/python3.12/site-packages/pwnlib/rop/ret2dlresolve.py", {st_mode=S_IFREG|0644, st_size=13627, ...}, 0) = 0
openat(AT_FDCWD, "/home/ubuntu/.local/lib/python3.12/site-packages/pwnlib/rop/__pycache__/ret2dlresolve.cpython-312.pyc", O_RDONLY|O_CLOEXEC) = 6
fstat(6, {st_mode=S_IFREG|0644, st_size=17384, ...}) = 0
ioctl(6, TCGETS, 0x7ffc5ece5370)        = -1 ENOTTY (Inappropriate ioctl for device)
lseek(6, 0, SEEK_CUR)                   = 0
lseek(6, 0, SEEK_CUR)                   = 0
fstat(6, {st_mode=S_IFREG|0644, st_size=17384, ...}) = 0
read(6, "\313\r\r\n\0\0\0\0\226\254\33i;5\0\0\343\0\0\0\0\0\0\0\0\0\0\0\0\5\0\0"..., 17385) = 17384
read(6, "", 1)                          = 0
close(6)                                = 0
newfstatat(AT_FDCWD, "/home/ubuntu/.local/lib/python3.12/site-packages/pwnlib/rop", {st_mode=S_IFDIR|0755, st_size=4096, ...}, 0) = 0
newfstatat(AT_FDCWD, "/home/ubuntu/.local/lib/python3.12/site-packages/pwnlib/rop/call.py", {st_mode=S_IFREG|0644, st_size=8694, ...}, 0) = 0
newfstatat(AT_FDCWD, "/home/ubuntu/.local/lib/python3.12/site-packages/pwnlib/rop/call.py", {st_mode=S_IFREG|0644, st_size=8694, ...}, 0) = 0
openat(AT_FDCWD, "/home/ubuntu/.local/lib/python3.12/site-packages/pwnlib/rop/__pycache__/call.cpython-312.pyc", O_RDONLY|O_CLOEXEC) = 6
fstat(6, {st_mode=S_IFREG|0644, st_size=13155, ...}) = 0
ioctl(6, TCGETS, 0x7ffc5ece57e0)        = -1 ENOTTY (Inappropriate ioctl for device)
lseek(6, 0, SEEK_CUR)                   = 0
lseek(6, 0, SEEK_CUR)                   = 0
fstat(6, {st_mode=S_IFREG|0644, st_size=13155, ...}) = 0
read(6, "\313\r\r\n\0\0\0\0\226\254\33i\366!\0\0\343\0\0\0\0\0\0\0\0\0\0\0\0\6\0\0"..., 13156) = 13155
read(6, "", 1)                          = 0
close(6)                                = 0
newfstatat(AT_FDCWD, "/home/ubuntu/.local/lib/python3.12/site-packages/pwnlib/rop", {st_mode=S_IFDIR|0755, st_size=4096, ...}, 0) = 0
newfstatat(AT_FDCWD, "/home/ubuntu/.local/lib/python3.12/site-packages/pwnlib/rop/gadgets.py", {st_mode=S_IFREG|0644, st_size=1816, ...}, 0) = 0
newfstatat(AT_FDCWD, "/home/ubuntu/.local/lib/python3.12/site-packages/pwnlib/rop/gadgets.py", {st_mode=S_IFREG|0644, st_size=1816, ...}, 0) = 0
openat(AT_FDCWD, "/home/ubuntu/.local/lib/python3.12/site-packages/pwnlib/rop/__pycache__/gadgets.cpython-312.pyc", O_RDONLY|O_CLOEXEC) = 6
fstat(6, {st_mode=S_IFREG|0644, st_size=1813, ...}) = 0
ioctl(6, TCGETS, 0x7ffc5ece57e0)        = -1 ENOTTY (Inappropriate ioctl for device)
lseek(6, 0, SEEK_CUR)                   = 0
lseek(6, 0, SEEK_CUR)                   = 0
fstat(6, {st_mode=S_IFREG|0644, st_size=1813, ...}) = 0
read(6, "\313\r\r\n\0\0\0\0\226\254\33i\30\7\0\0\343\0\0\0\0\0\0\0\0\0\0\0\0\5\0\0"..., 1814) = 1813
read(6, "", 1)                          = 0
close(6)                                = 0
newfstatat(AT_FDCWD, "/home/ubuntu/.local/lib/python3.12/site-packages/pwnlib", {st_mode=S_IFDIR|0755, st_size=4096, ...}, 0) = 0
newfstatat(AT_FDCWD, "/home/ubuntu/.local/lib/python3.12/site-packages/pwnlib/runner.py", {st_mode=S_IFREG|0644, st_size=3081, ...}, 0) = 0
newfstatat(AT_FDCWD, "/home/ubuntu/.local/lib/python3.12/site-packages/pwnlib/runner.py", {st_mode=S_IFREG|0644, st_size=3081, ...}, 0) = 0
openat(AT_FDCWD, "/home/ubuntu/.local/lib/python3.12/site-packages/pwnlib/__pycache__/runner.cpython-312.pyc", O_RDONLY|O_CLOEXEC) = 6
fstat(6, {st_mode=S_IFREG|0644, st_size=3782, ...}) = 0
ioctl(6, TCGETS, 0x7ffc5ece64c0)        = -1 ENOTTY (Inappropriate ioctl for device)
lseek(6, 0, SEEK_CUR)                   = 0
lseek(6, 0, SEEK_CUR)                   = 0
fstat(6, {st_mode=S_IFREG|0644, st_size=3782, ...}) = 0
read(6, "\313\r\r\n\0\0\0\0\226\254\33i\t\f\0\0\343\0\0\0\0\0\0\0\0\0\0\0\0\2\0\0"..., 3783) = 3782
read(6, "", 1)                          = 0
close(6)                                = 0
newfstatat(AT_FDCWD, "/home/ubuntu/.local/lib/python3.12/site-packages/pwnlib", {st_mode=S_IFDIR|0755, st_size=4096, ...}, 0) = 0
newfstatat(AT_FDCWD, "/home/ubuntu/.local/lib/python3.12/site-packages/pwnlib/ui.py", {st_mode=S_IFREG|0644, st_size=10545, ...}, 0) = 0
newfstatat(AT_FDCWD, "/home/ubuntu/.local/lib/python3.12/site-packages/pwnlib/ui.py", {st_mode=S_IFREG|0644, st_size=10545, ...}, 0) = 0
openat(AT_FDCWD, "/home/ubuntu/.local/lib/python3.12/site-packages/pwnlib/__pycache__/ui.cpython-312.pyc", O_RDONLY|O_CLOEXEC) = 6
fstat(6, {st_mode=S_IFREG|0644, st_size=13349, ...}) = 0
ioctl(6, TCGETS, 0x7ffc5ece64c0)        = -1 ENOTTY (Inappropriate ioctl for device)
lseek(6, 0, SEEK_CUR)                   = 0
lseek(6, 0, SEEK_CUR)                   = 0
fstat(6, {st_mode=S_IFREG|0644, st_size=13349, ...}) = 0
read(6, "\313\r\r\n\0\0\0\0\226\254\33i1)\0\0\343\0\0\0\0\0\0\0\0\0\0\0\0\3\0\0"..., 13350) = 13349
read(6, "", 1)                          = 0
close(6)                                = 0
newfstatat(AT_FDCWD, "/home/ubuntu/.local/lib/python3.12/site-packages/pwnlib", {st_mode=S_IFDIR|0755, st_size=4096, ...}, 0) = 0
newfstatat(AT_FDCWD, "/home/ubuntu/.local/lib/python3.12/site-packages/pwnlib/useragents.py", {st_mode=S_IFREG|0644, st_size=1288, ...}, 0) = 0
newfstatat(AT_FDCWD, "/home/ubuntu/.local/lib/python3.12/site-packages/pwnlib/useragents.py", {st_mode=S_IFREG|0644, st_size=1288, ...}, 0) = 0
openat(AT_FDCWD, "/home/ubuntu/.local/lib/python3.12/site-packages/pwnlib/__pycache__/useragents.cpython-312.pyc", O_RDONLY|O_CLOEXEC) = 6
fstat(6, {st_mode=S_IFREG|0644, st_size=2097, ...}) = 0
ioctl(6, TCGETS, 0x7ffc5ece64c0)        = -1 ENOTTY (Inappropriate ioctl for device)
lseek(6, 0, SEEK_CUR)                   = 0
lseek(6, 0, SEEK_CUR)                   = 0
fstat(6, {st_mode=S_IFREG|0644, st_size=2097, ...}) = 0
read(6, "\313\r\r\n\0\0\0\0\226\254\33i\10\5\0\0\343\0\0\0\0\0\0\0\0\0\0\0\0\2\0\0"..., 2098) = 2097
read(6, "", 1)                          = 0
close(6)                                = 0
newfstatat(AT_FDCWD, "/home/ubuntu/.local/lib/python3.12/site-packages/pwnlib", {st_mode=S_IFDIR|0755, st_size=4096, ...}, 0) = 0
newfstatat(AT_FDCWD, "/home/ubuntu/.local/lib/python3.12/site-packages/pwnlib/update.py", {st_mode=S_IFREG|0644, st_size=5866, ...}, 0) = 0
newfstatat(AT_FDCWD, "/home/ubuntu/.local/lib/python3.12/site-packages/pwnlib/update.py", {st_mode=S_IFREG|0644, st_size=5866, ...}, 0) = 0
openat(AT_FDCWD, "/home/ubuntu/.local/lib/python3.12/site-packages/pwnlib/__pycache__/update.cpython-312.pyc", O_RDONLY|O_CLOEXEC) = 6
fstat(6, {st_mode=S_IFREG|0644, st_size=7880, ...}) = 0
ioctl(6, TCGETS, 0x7ffc5ece64c0)        = -1 ENOTTY (Inappropriate ioctl for device)
lseek(6, 0, SEEK_CUR)                   = 0
lseek(6, 0, SEEK_CUR)                   = 0
fstat(6, {st_mode=S_IFREG|0644, st_size=7880, ...}) = 0
read(6, "\313\r\r\n\0\0\0\0\226\254\33i\352\26\0\0\343\0\0\0\0\0\0\0\0\0\0\0\0\4\0\0"..., 7881) = 7880
read(6, "", 1)                          = 0
close(6)                                = 0
newfstatat(AT_FDCWD, "/workspace/sidechannel/ropfu", {st_mode=S_IFDIR|0755, st_size=4096, ...}, 0) = 0
newfstatat(AT_FDCWD, "/usr/lib/python3.12", {st_mode=S_IFDIR|0755, st_size=4096, ...}, 0) = 0
newfstatat(AT_FDCWD, "/usr/lib/python3.12/json/__init__.cpython-312-x86_64-linux-gnu.so", 0x7ffc5ece61b0, 0) = -1 ENOENT (No such file or directory)
newfstatat(AT_FDCWD, "/usr/lib/python3.12/json/__init__.abi3.so", 0x7ffc5ece61b0, 0) = -1 ENOENT (No such file or directory)
newfstatat(AT_FDCWD, "/usr/lib/python3.12/json/__init__.so", 0x7ffc5ece61b0, 0) = -1 ENOENT (No such file or directory)
newfstatat(AT_FDCWD, "/usr/lib/python3.12/json/__init__.py", {st_mode=S_IFREG|0644, st_size=14020, ...}, 0) = 0
newfstatat(AT_FDCWD, "/usr/lib/python3.12/json/__init__.py", {st_mode=S_IFREG|0644, st_size=14020, ...}, 0) = 0
openat(AT_FDCWD, "/usr/lib/python3.12/json/__pycache__/__init__.cpython-312.pyc", O_RDONLY|O_CLOEXEC) = 6
fstat(6, {st_mode=S_IFREG|0644, st_size=13620, ...}) = 0
ioctl(6, TCGETS, 0x7ffc5ece5e50)        = -1 ENOTTY (Inappropriate ioctl for device)
lseek(6, 0, SEEK_CUR)                   = 0
lseek(6, 0, SEEK_CUR)                   = 0
fstat(6, {st_mode=S_IFREG|0644, st_size=13620, ...}) = 0
read(6, "\313\r\r\n\0\0\0\0)!\236h\3046\0\0\343\0\0\0\0\0\0\0\0\0\0\0\0\n\0\0"..., 13621) = 13620
read(6, "", 1)                          = 0
close(6)                                = 0
newfstatat(AT_FDCWD, "/usr/lib/python3.12/json", {st_mode=S_IFDIR|0755, st_size=4096, ...}, 0) = 0
newfstatat(AT_FDCWD, "/usr/lib/python3.12/json", {st_mode=S_IFDIR|0755, st_size=4096, ...}, 0) = 0
newfstatat(AT_FDCWD, "/usr/lib/python3.12/json", {st_mode=S_IFDIR|0755, st_size=4096, ...}, 0) = 0
openat(AT_FDCWD, "/usr/lib/python3.12/json", O_RDONLY|O_NONBLOCK|O_CLOEXEC|O_DIRECTORY) = 6
fstat(6, {st_mode=S_IFDIR|0755, st_size=4096, ...}) = 0
getdents64(6, 0x1f724f60 /* 8 entries */, 32768) = 240
getdents64(6, 0x1f724f60 /* 0 entries */, 32768) = 0
close(6)                                = 0
newfstatat(AT_FDCWD, "/usr/lib/python3.12/json/decoder.py", {st_mode=S_IFREG|0644, st_size=12473, ...}, 0) = 0
newfstatat(AT_FDCWD, "/usr/lib/python3.12/json/decoder.py", {st_mode=S_IFREG|0644, st_size=12473, ...}, 0) = 0
openat(AT_FDCWD, "/usr/lib/python3.12/json/__pycache__/decoder.cpython-312.pyc", O_RDONLY|O_CLOEXEC) = 6
fstat(6, {st_mode=S_IFREG|0644, st_size=13825, ...}) = 0
ioctl(6, TCGETS, 0x7ffc5ece57e0)        = -1 ENOTTY (Inappropriate ioctl for device)
lseek(6, 0, SEEK_CUR)                   = 0
lseek(6, 0, SEEK_CUR)                   = 0
fstat(6, {st_mode=S_IFREG|0644, st_size=13825, ...}) = 0
read(6, "\313\r\r\n\0\0\0\0)!\236h\2710\0\0\343\0\0\0\0\0\0\0\0\0\0\0\0\t\0\0"..., 13826) = 13825
read(6, "", 1)                          = 0
close(6)                                = 0
newfstatat(AT_FDCWD, "/usr/lib/python3.12/json", {st_mode=S_IFDIR|0755, st_size=4096, ...}, 0) = 0
newfstatat(AT_FDCWD, "/usr/lib/python3.12/json/scanner.py", {st_mode=S_IFREG|0644, st_size=2425, ...}, 0) = 0
newfstatat(AT_FDCWD, "/usr/lib/python3.12/json/scanner.py", {st_mode=S_IFREG|0644, st_size=2425, ...}, 0) = 0
openat(AT_FDCWD, "/usr/lib/python3.12/json/__pycache__/scanner.cpython-312.pyc", O_RDONLY|O_CLOEXEC) = 6
fstat(6, {st_mode=S_IFREG|0644, st_size=3321, ...}) = 0
ioctl(6, TCGETS, 0x7ffc5ece4d00)        = -1 ENOTTY (Inappropriate ioctl for device)
lseek(6, 0, SEEK_CUR)                   = 0
lseek(6, 0, SEEK_CUR)                   = 0
fstat(6, {st_mode=S_IFREG|0644, st_size=3321, ...}) = 0
read(6, "\313\r\r\n\0\0\0\0)!\236hy\t\0\0\343\0\0\0\0\0\0\0\0\0\0\0\0\5\0\0"..., 3322) = 3321
read(6, "", 1)                          = 0
close(6)                                = 0
newfstatat(AT_FDCWD, "/workspace/sidechannel/ropfu", {st_mode=S_IFDIR|0755, st_size=4096, ...}, 0) = 0
newfstatat(AT_FDCWD, "/usr/lib/python3.12", {st_mode=S_IFDIR|0755, st_size=4096, ...}, 0) = 0
newfstatat(AT_FDCWD, "/usr/lib/python3.12/lib-dynload", {st_mode=S_IFDIR|0755, st_size=4096, ...}, 0) = 0
newfstatat(AT_FDCWD, "/usr/lib/python3.12/lib-dynload/_json.cpython-312-x86_64-linux-gnu.so", {st_mode=S_IFREG|0644, st_size=48952, ...}, 0) = 0
openat(AT_FDCWD, "/usr/lib/python3.12/lib-dynload/_json.cpython-312-x86_64-linux-gnu.so", O_RDONLY|O_CLOEXEC) = 6
read(6, "\177ELF\2\1\1\0\0\0\0\0\0\0\0\0\3\0>\0\1\0\0\0\0\0\0\0\0\0\0\0"..., 832) = 832
fstat(6, {st_mode=S_IFREG|0644, st_size=48952, ...}) = 0
mmap(NULL, 51104, PROT_READ, MAP_PRIVATE|MAP_DENYWRITE, 6, 0) = 0x7fd8f237c000
mmap(0x7fd8f237e000, 28672, PROT_READ|PROT_EXEC, MAP_PRIVATE|MAP_FIXED|MAP_DENYWRITE, 6, 0x2000) = 0x7fd8f237e000
mmap(0x7fd8f2385000, 8192, PROT_READ, MAP_PRIVATE|MAP_FIXED|MAP_DENYWRITE, 6, 0x9000) = 0x7fd8f2385000
mmap(0x7fd8f2387000, 8192, PROT_READ|PROT_WRITE, MAP_PRIVATE|MAP_FIXED|MAP_DENYWRITE, 6, 0xa000) = 0x7fd8f2387000
close(6)                                = 0
mprotect(0x7fd8f2387000, 4096, PROT_READ) = 0
newfstatat(AT_FDCWD, "/usr/lib/python3.12/json", {st_mode=S_IFDIR|0755, st_size=4096, ...}, 0) = 0
newfstatat(AT_FDCWD, "/usr/lib/python3.12/json/encoder.py", {st_mode=S_IFREG|0644, st_size=16070, ...}, 0) = 0
newfstatat(AT_FDCWD, "/usr/lib/python3.12/json/encoder.py", {st_mode=S_IFREG|0644, st_size=16070, ...}, 0) = 0
openat(AT_FDCWD, "/usr/lib/python3.12/json/__pycache__/encoder.cpython-312.pyc", O_RDONLY|O_CLOEXEC) = 6
fstat(6, {st_mode=S_IFREG|0644, st_size=15098, ...}) = 0
ioctl(6, TCGETS, 0x7ffc5ece57e0)        = -1 ENOTTY (Inappropriate ioctl for device)
lseek(6, 0, SEEK_CUR)                   = 0
lseek(6, 0, SEEK_CUR)                   = 0
fstat(6, {st_mode=S_IFREG|0644, st_size=15098, ...}) = 0
read(6, "\313\r\r\n\0\0\0\0)!\236h\306>\0\0\343\0\0\0\0\0\0\0\0\0\0\0\0\n\0\0"..., 15099) = 15098
read(6, "", 1)                          = 0
close(6)                                = 0
newfstatat(AT_FDCWD, "/workspace/sidechannel/ropfu", {st_mode=S_IFDIR|0755, st_size=4096, ...}, 0) = 0
newfstatat(AT_FDCWD, "/usr/lib/python3.12", {st_mode=S_IFDIR|0755, st_size=4096, ...}, 0) = 0
newfstatat(AT_FDCWD, "/usr/lib/python3.12/lib-dynload", {st_mode=S_IFDIR|0755, st_size=4096, ...}, 0) = 0
newfstatat(AT_FDCWD, "/home/ubuntu/.local/lib/python3.12/site-packages", {st_mode=S_IFDIR|0755, st_size=4096, ...}, 0) = 0
newfstatat(AT_FDCWD, "/home/ubuntu/.local/lib/python3.12/site-packages/packaging/__init__.cpython-312-x86_64-linux-gnu.so", 0x7ffc5ece5d40, 0) = -1 ENOENT (No such file or directory)
newfstatat(AT_FDCWD, "/home/ubuntu/.local/lib/python3.12/site-packages/packaging/__init__.abi3.so", 0x7ffc5ece5d40, 0) = -1 ENOENT (No such file or directory)
newfstatat(AT_FDCWD, "/home/ubuntu/.local/lib/python3.12/site-packages/packaging/__init__.so", 0x7ffc5ece5d40, 0) = -1 ENOENT (No such file or directory)
newfstatat(AT_FDCWD, "/home/ubuntu/.local/lib/python3.12/site-packages/packaging/__init__.py", {st_mode=S_IFREG|0644, st_size=494, ...}, 0) = 0
newfstatat(AT_FDCWD, "/home/ubuntu/.local/lib/python3.12/site-packages/packaging/__init__.py", {st_mode=S_IFREG|0644, st_size=494, ...}, 0) = 0
openat(AT_FDCWD, "/home/ubuntu/.local/lib/python3.12/site-packages/packaging/__pycache__/__init__.cpython-312.pyc", O_RDONLY|O_CLOEXEC) = 6
fstat(6, {st_mode=S_IFREG|0644, st_size=532, ...}) = 0
ioctl(6, TCGETS, 0x7ffc5ece59e0)        = -1 ENOTTY (Inappropriate ioctl for device)
lseek(6, 0, SEEK_CUR)                   = 0
lseek(6, 0, SEEK_CUR)                   = 0
fstat(6, {st_mode=S_IFREG|0644, st_size=532, ...}) = 0
read(6, "\313\r\r\n\0\0\0\0\225\254\33i\356\1\0\0\343\0\0\0\0\0\0\0\0\0\0\0\0\2\0\0"..., 533) = 532
read(6, "", 1)                          = 0
close(6)                                = 0
newfstatat(AT_FDCWD, "/home/ubuntu/.local/lib/python3.12/site-packages/packaging", {st_mode=S_IFDIR|0755, st_size=4096, ...}, 0) = 0
newfstatat(AT_FDCWD, "/home/ubuntu/.local/lib/python3.12/site-packages/packaging", {st_mode=S_IFDIR|0755, st_size=4096, ...}, 0) = 0
newfstatat(AT_FDCWD, "/home/ubuntu/.local/lib/python3.12/site-packages/packaging", {st_mode=S_IFDIR|0755, st_size=4096, ...}, 0) = 0
openat(AT_FDCWD, "/home/ubuntu/.local/lib/python3.12/site-packages/packaging", O_RDONLY|O_NONBLOCK|O_CLOEXEC|O_DIRECTORY) = 6
fstat(6, {st_mode=S_IFDIR|0755, st_size=4096, ...}) = 0
getdents64(6, 0x1f72dce0 /* 19 entries */, 32768) = 640
getdents64(6, 0x1f72dce0 /* 0 entries */, 32768) = 0
close(6)                                = 0
newfstatat(AT_FDCWD, "/home/ubuntu/.local/lib/python3.12/site-packages/packaging/version.py", {st_mode=S_IFREG|0644, st_size=16676, ...}, 0) = 0
newfstatat(AT_FDCWD, "/home/ubuntu/.local/lib/python3.12/site-packages/packaging/version.py", {st_mode=S_IFREG|0644, st_size=16676, ...}, 0) = 0
openat(AT_FDCWD, "/home/ubuntu/.local/lib/python3.12/site-packages/packaging/__pycache__/version.cpython-312.pyc", O_RDONLY|O_CLOEXEC) = 6
fstat(6, {st_mode=S_IFREG|0644, st_size=20442, ...}) = 0
ioctl(6, TCGETS, 0x7ffc5ece5e50)        = -1 ENOTTY (Inappropriate ioctl for device)
lseek(6, 0, SEEK_CUR)                   = 0
lseek(6, 0, SEEK_CUR)                   = 0
fstat(6, {st_mode=S_IFREG|0644, st_size=20442, ...}) = 0
read(6, "\313\r\r\n\0\0\0\0\225\254\33i$A\0\0\343\0\0\0\0\0\0\0\0\0\0\0\0\n\0\0"..., 20443) = 20442
read(6, "", 1)                          = 0
close(6)                                = 0
newfstatat(AT_FDCWD, "/home/ubuntu/.local/lib/python3.12/site-packages/packaging", {st_mode=S_IFDIR|0755, st_size=4096, ...}, 0) = 0
newfstatat(AT_FDCWD, "/home/ubuntu/.local/lib/python3.12/site-packages/packaging/_structures.py", {st_mode=S_IFREG|0644, st_size=1431, ...}, 0) = 0
newfstatat(AT_FDCWD, "/home/ubuntu/.local/lib/python3.12/site-packages/packaging/_structures.py", {st_mode=S_IFREG|0644, st_size=1431, ...}, 0) = 0
openat(AT_FDCWD, "/home/ubuntu/.local/lib/python3.12/site-packages/packaging/__pycache__/_structures.cpython-312.pyc", O_RDONLY|O_CLOEXEC) = 6
fstat(6, {st_mode=S_IFREG|0644, st_size=3215, ...}) = 0
ioctl(6, TCGETS, 0x7ffc5ece57e0)        = -1 ENOTTY (Inappropriate ioctl for device)
lseek(6, 0, SEEK_CUR)                   = 0
lseek(6, 0, SEEK_CUR)                   = 0
fstat(6, {st_mode=S_IFREG|0644, st_size=3215, ...}) = 0
read(6, "\313\r\r\n\0\0\0\0\225\254\33i\227\5\0\0\343\0\0\0\0\0\0\0\0\0\0\0\0\4\0\0"..., 3216) = 3215
read(6, "", 1)                          = 0
close(6)                                = 0
brk(0x1f760000)                         = 0x1f760000
brk(0x1f782000)                         = 0x1f782000
newfstatat(AT_FDCWD, "/home/ubuntu/.local/lib/python3.12/site-packages/pwnlib", {st_mode=S_IFDIR|0755, st_size=4096, ...}, 0) = 0
newfstatat(AT_FDCWD, "/home/ubuntu/.local/lib/python3.12/site-packages/pwnlib/windbg.py", {st_mode=S_IFREG|0644, st_size=7293, ...}, 0) = 0
newfstatat(AT_FDCWD, "/home/ubuntu/.local/lib/python3.12/site-packages/pwnlib/windbg.py", {st_mode=S_IFREG|0644, st_size=7293, ...}, 0) = 0
openat(AT_FDCWD, "/home/ubuntu/.local/lib/python3.12/site-packages/pwnlib/__pycache__/windbg.cpython-312.pyc", O_RDONLY|O_CLOEXEC) = 6
fstat(6, {st_mode=S_IFREG|0644, st_size=8929, ...}) = 0
ioctl(6, TCGETS, 0x7ffc5ece64c0)        = -1 ENOTTY (Inappropriate ioctl for device)
lseek(6, 0, SEEK_CUR)                   = 0
lseek(6, 0, SEEK_CUR)                   = 0
fstat(6, {st_mode=S_IFREG|0644, st_size=8929, ...}) = 0
read(6, "\313\r\r\n\0\0\0\0\226\254\33i}\34\0\0\343\0\0\0\0\0\0\0\0\0\0\0\0\3\0\0"..., 8930) = 8929
read(6, "", 1)                          = 0
close(6)                                = 0
newfstatat(AT_FDCWD, "/home/ubuntu/.local/lib/python3.12/site-packages/pwnlib", {st_mode=S_IFDIR|0755, st_size=4096, ...}, 0) = 0
newfstatat(AT_FDCWD, "/home/ubuntu/.local/lib/python3.12/site-packages/pwnlib/filepointer.py", {st_mode=S_IFREG|0644, st_size=14786, ...}, 0) = 0
newfstatat(AT_FDCWD, "/home/ubuntu/.local/lib/python3.12/site-packages/pwnlib/filepointer.py", {st_mode=S_IFREG|0644, st_size=14786, ...}, 0) = 0
openat(AT_FDCWD, "/home/ubuntu/.local/lib/python3.12/site-packages/pwnlib/__pycache__/filepointer.cpython-312.pyc", O_RDONLY|O_CLOEXEC) = 6
fstat(6, {st_mode=S_IFREG|0644, st_size=17426, ...}) = 0
ioctl(6, TCGETS, 0x7ffc5ece6930)        = -1 ENOTTY (Inappropriate ioctl for device)
lseek(6, 0, SEEK_CUR)                   = 0
lseek(6, 0, SEEK_CUR)                   = 0
fstat(6, {st_mode=S_IFREG|0644, st_size=17426, ...}) = 0
read(6, "\313\r\r\n\0\0\0\0\226\254\33i\3029\0\0\343\0\0\0\0\0\0\0\0\0\0\0\0\16\0\0"..., 17427) = 17426
read(6, "", 1)                          = 0
close(6)                                = 0
newfstatat(AT_FDCWD, "/home/ubuntu/.local/lib/python3.12/site-packages/pwnlib", {st_mode=S_IFDIR|0755, st_size=4096, ...}, 0) = 0
newfstatat(AT_FDCWD, "/home/ubuntu/.local/lib/python3.12/site-packages/pwnlib/flag/__init__.cpython-312-x86_64-linux-gnu.so", 0x7ffc5ece6c90, 0) = -1 ENOENT (No such file or directory)
newfstatat(AT_FDCWD, "/home/ubuntu/.local/lib/python3.12/site-packages/pwnlib/flag/__init__.abi3.so", 0x7ffc5ece6c90, 0) = -1 ENOENT (No such file or directory)
newfstatat(AT_FDCWD, "/home/ubuntu/.local/lib/python3.12/site-packages/pwnlib/flag/__init__.so", 0x7ffc5ece6c90, 0) = -1 ENOENT (No such file or directory)
newfstatat(AT_FDCWD, "/home/ubuntu/.local/lib/python3.12/site-packages/pwnlib/flag/__init__.py", {st_mode=S_IFREG|0644, st_size=115, ...}, 0) = 0
newfstatat(AT_FDCWD, "/home/ubuntu/.local/lib/python3.12/site-packages/pwnlib/flag/__init__.py", {st_mode=S_IFREG|0644, st_size=115, ...}, 0) = 0
openat(AT_FDCWD, "/home/ubuntu/.local/lib/python3.12/site-packages/pwnlib/flag/__pycache__/__init__.cpython-312.pyc", O_RDONLY|O_CLOEXEC) = 6
fstat(6, {st_mode=S_IFREG|0644, st_size=307, ...}) = 0
ioctl(6, TCGETS, 0x7ffc5ece6930)        = -1 ENOTTY (Inappropriate ioctl for device)
lseek(6, 0, SEEK_CUR)                   = 0
lseek(6, 0, SEEK_CUR)                   = 0
fstat(6, {st_mode=S_IFREG|0644, st_size=307, ...}) = 0
read(6, "\313\r\r\n\0\0\0\0\226\254\33is\0\0\0\343\0\0\0\0\0\0\0\0\0\0\0\0\2\0\0"..., 308) = 307
read(6, "", 1)                          = 0
close(6)                                = 0
newfstatat(AT_FDCWD, "/home/ubuntu/.local/lib/python3.12/site-packages/pwnlib/flag", {st_mode=S_IFDIR|0755, st_size=4096, ...}, 0) = 0
newfstatat(AT_FDCWD, "/home/ubuntu/.local/lib/python3.12/site-packages/pwnlib/flag", {st_mode=S_IFDIR|0755, st_size=4096, ...}, 0) = 0
newfstatat(AT_FDCWD, "/home/ubuntu/.local/lib/python3.12/site-packages/pwnlib/flag", {st_mode=S_IFDIR|0755, st_size=4096, ...}, 0) = 0
openat(AT_FDCWD, "/home/ubuntu/.local/lib/python3.12/site-packages/pwnlib/flag", O_RDONLY|O_NONBLOCK|O_CLOEXEC|O_DIRECTORY) = 6
fstat(6, {st_mode=S_IFDIR|0755, st_size=4096, ...}) = 0
getdents64(6, 0x1f73a330 /* 5 entries */, 32768) = 144
getdents64(6, 0x1f73a330 /* 0 entries */, 32768) = 0
close(6)                                = 0
newfstatat(AT_FDCWD, "/home/ubuntu/.local/lib/python3.12/site-packages/pwnlib/flag/flag.py", {st_mode=S_IFREG|0644, st_size=2184, ...}, 0) = 0
newfstatat(AT_FDCWD, "/home/ubuntu/.local/lib/python3.12/site-packages/pwnlib/flag/flag.py", {st_mode=S_IFREG|0644, st_size=2184, ...}, 0) = 0
openat(AT_FDCWD, "/home/ubuntu/.local/lib/python3.12/site-packages/pwnlib/flag/__pycache__/flag.cpython-312.pyc", O_RDONLY|O_CLOEXEC) = 6
fstat(6, {st_mode=S_IFREG|0644, st_size=3250, ...}) = 0
ioctl(6, TCGETS, 0x7ffc5ece62c0)        = -1 ENOTTY (Inappropriate ioctl for device)
lseek(6, 0, SEEK_CUR)                   = 0
lseek(6, 0, SEEK_CUR)                   = 0
fstat(6, {st_mode=S_IFREG|0644, st_size=3250, ...}) = 0
read(6, "\313\r\r\n\0\0\0\0\226\254\33i\210\10\0\0\343\0\0\0\0\0\0\0\0\0\0\0\0\5\0\0"..., 3251) = 3250
read(6, "", 1)                          = 0
close(6)                                = 0
newfstatat(AT_FDCWD, "/home/ubuntu/.local/lib/python3.12/site-packages/pwnlib/util", {st_mode=S_IFDIR|0755, st_size=4096, ...}, 0) = 0
newfstatat(AT_FDCWD, "/home/ubuntu/.local/lib/python3.12/site-packages/pwnlib/util/crc/__init__.cpython-312-x86_64-linux-gnu.so", 0x7ffc5ece6820, 0) = -1 ENOENT (No such file or directory)
newfstatat(AT_FDCWD, "/home/ubuntu/.local/lib/python3.12/site-packages/pwnlib/util/crc/__init__.abi3.so", 0x7ffc5ece6820, 0) = -1 ENOENT (No such file or directory)
newfstatat(AT_FDCWD, "/home/ubuntu/.local/lib/python3.12/site-packages/pwnlib/util/crc/__init__.so", 0x7ffc5ece6820, 0) = -1 ENOENT (No such file or directory)
newfstatat(AT_FDCWD, "/home/ubuntu/.local/lib/python3.12/site-packages/pwnlib/util/crc/__init__.py", {st_mode=S_IFREG|0644, st_size=11504, ...}, 0) = 0
newfstatat(AT_FDCWD, "/home/ubuntu/.local/lib/python3.12/site-packages/pwnlib/util/crc/__init__.py", {st_mode=S_IFREG|0644, st_size=11504, ...}, 0) = 0
openat(AT_FDCWD, "/home/ubuntu/.local/lib/python3.12/site-packages/pwnlib/util/crc/__pycache__/__init__.cpython-312.pyc", O_RDONLY|O_CLOEXEC) = 6
fstat(6, {st_mode=S_IFREG|0644, st_size=17918, ...}) = 0
ioctl(6, TCGETS, 0x7ffc5ece64c0)        = -1 ENOTTY (Inappropriate ioctl for device)
lseek(6, 0, SEEK_CUR)                   = 0
lseek(6, 0, SEEK_CUR)                   = 0
fstat(6, {st_mode=S_IFREG|0644, st_size=17918, ...}) = 0
read(6, "\313\r\r\n\0\0\0\0\226\254\33i\360,\0\0\343\0\0\0\0\0\0\0\0\0\0\0\0\5\0\0"..., 17919) = 17918
read(6, "", 1)                          = 0
close(6)                                = 0
newfstatat(AT_FDCWD, "/home/ubuntu/.local/lib/python3.12/site-packages/pwnlib/util/crc", {st_mode=S_IFDIR|0755, st_size=4096, ...}, 0) = 0
newfstatat(AT_FDCWD, "/home/ubuntu/.local/lib/python3.12/site-packages/pwnlib/util/crc", {st_mode=S_IFDIR|0755, st_size=4096, ...}, 0) = 0
newfstatat(AT_FDCWD, "/home/ubuntu/.local/lib/python3.12/site-packages/pwnlib/util/crc", {st_mode=S_IFDIR|0755, st_size=4096, ...}, 0) = 0
openat(AT_FDCWD, "/home/ubuntu/.local/lib/python3.12/site-packages/pwnlib/util/crc", O_RDONLY|O_NONBLOCK|O_CLOEXEC|O_DIRECTORY) = 6
fstat(6, {st_mode=S_IFDIR|0755, st_size=4096, ...}) = 0
getdents64(6, 0x1f73a330 /* 5 entries */, 32768) = 144
getdents64(6, 0x1f73a330 /* 0 entries */, 32768) = 0
close(6)                                = 0
newfstatat(AT_FDCWD, "/home/ubuntu/.local/lib/python3.12/site-packages/pwnlib/util/crc/known.py", {st_mode=S_IFREG|0644, st_size=47976, ...}, 0) = 0
newfstatat(AT_FDCWD, "/home/ubuntu/.local/lib/python3.12/site-packages/pwnlib/util/crc/known.py", {st_mode=S_IFREG|0644, st_size=47976, ...}, 0) = 0
openat(AT_FDCWD, "/home/ubuntu/.local/lib/python3.12/site-packages/pwnlib/util/crc/__pycache__/known.cpython-312.pyc", O_RDONLY|O_CLOEXEC) = 6
fstat(6, {st_mode=S_IFREG|0644, st_size=22001, ...}) = 0
ioctl(6, TCGETS, 0x7ffc5ece59e0)        = -1 ENOTTY (Inappropriate ioctl for device)
lseek(6, 0, SEEK_CUR)                   = 0
lseek(6, 0, SEEK_CUR)                   = 0
fstat(6, {st_mode=S_IFREG|0644, st_size=22001, ...}) = 0
read(6, "\313\r\r\n\0\0\0\0\226\254\33ih\273\0\0\343\0\0\0\0\0\0\0\0\0\0\0\0\23\0\0"..., 22002) = 22001
read(6, "", 1)                          = 0
close(6)                                = 0
newfstatat(AT_FDCWD, "/home/ubuntu/.local/lib/python3.12/site-packages/pwnlib/util", {st_mode=S_IFDIR|0755, st_size=4096, ...}, 0) = 0
newfstatat(AT_FDCWD, "/home/ubuntu/.local/lib/python3.12/site-packages/pwnlib/util/getdents.py", {st_mode=S_IFREG|0644, st_size=1432, ...}, 0) = 0
newfstatat(AT_FDCWD, "/home/ubuntu/.local/lib/python3.12/site-packages/pwnlib/util/getdents.py", {st_mode=S_IFREG|0644, st_size=1432, ...}, 0) = 0
openat(AT_FDCWD, "/home/ubuntu/.local/lib/python3.12/site-packages/pwnlib/util/__pycache__/getdents.cpython-312.pyc", O_RDONLY|O_CLOEXEC) = 6
fstat(6, {st_mode=S_IFREG|0644, st_size=2477, ...}) = 0
ioctl(6, TCGETS, 0x7ffc5ece6930)        = -1 ENOTTY (Inappropriate ioctl for device)
lseek(6, 0, SEEK_CUR)                   = 0
lseek(6, 0, SEEK_CUR)                   = 0
fstat(6, {st_mode=S_IFREG|0644, st_size=2477, ...}) = 0
read(6, "\313\r\r\n\0\0\0\0\226\254\33i\230\5\0\0\343\0\0\0\0\0\0\0\0\0\0\0\0\5\0\0"..., 2478) = 2477
read(6, "", 1)                          = 0
close(6)                                = 0
newfstatat(AT_FDCWD, "/home/ubuntu/.local/lib/python3.12/site-packages/pwnlib/util", {st_mode=S_IFDIR|0755, st_size=4096, ...}, 0) = 0
newfstatat(AT_FDCWD, "/home/ubuntu/.local/lib/python3.12/site-packages/pwnlib/util/splash.py", {st_mode=S_IFREG|0644, st_size=2713, ...}, 0) = 0
newfstatat(AT_FDCWD, "/home/ubuntu/.local/lib/python3.12/site-packages/pwnlib/util/splash.py", {st_mode=S_IFREG|0644, st_size=2713, ...}, 0) = 0
openat(AT_FDCWD, "/home/ubuntu/.local/lib/python3.12/site-packages/pwnlib/util/__pycache__/splash.cpython-312.pyc", O_RDONLY|O_CLOEXEC) = 6
fstat(6, {st_mode=S_IFREG|0644, st_size=4106, ...}) = 0
ioctl(6, TCGETS, 0x7ffc5ece6930)        = -1 ENOTTY (Inappropriate ioctl for device)
lseek(6, 0, SEEK_CUR)                   = 0
lseek(6, 0, SEEK_CUR)                   = 0
fstat(6, {st_mode=S_IFREG|0644, st_size=4106, ...}) = 0
read(6, "\313\r\r\n\0\0\0\0\226\254\33i\231\n\0\0\343\0\0\0\0\0\0\0\0\0\0\0\0\2\0\0"..., 4107) = 4106
read(6, "", 1)                          = 0
close(6)                                = 0
newfstatat(AT_FDCWD, "/workspace/sidechannel/ropfu", {st_mode=S_IFDIR|0755, st_size=4096, ...}, 0) = 0
newfstatat(AT_FDCWD, "/usr/lib/python3.12", {st_mode=S_IFDIR|0755, st_size=4096, ...}, 0) = 0
newfstatat(AT_FDCWD, "/usr/lib/python3.12/lib-dynload", {st_mode=S_IFDIR|0755, st_size=4096, ...}, 0) = 0
newfstatat(AT_FDCWD, "/home/ubuntu/.local/lib/python3.12/site-packages", {st_mode=S_IFDIR|0755, st_size=4096, ...}, 0) = 0
newfstatat(AT_FDCWD, "/home/ubuntu/.local/lib/python3.12/site-packages/colored_traceback/__init__.cpython-312-x86_64-linux-gnu.so", 0x7ffc5ece6c90, 0) = -1 ENOENT (No such file or directory)
newfstatat(AT_FDCWD, "/home/ubuntu/.local/lib/python3.12/site-packages/colored_traceback/__init__.abi3.so", 0x7ffc5ece6c90, 0) = -1 ENOENT (No such file or directory)
newfstatat(AT_FDCWD, "/home/ubuntu/.local/lib/python3.12/site-packages/colored_traceback/__init__.so", 0x7ffc5ece6c90, 0) = -1 ENOENT (No such file or directory)
newfstatat(AT_FDCWD, "/home/ubuntu/.local/lib/python3.12/site-packages/colored_traceback/__init__.py", {st_mode=S_IFREG|0644, st_size=40, ...}, 0) = 0
newfstatat(AT_FDCWD, "/home/ubuntu/.local/lib/python3.12/site-packages/colored_traceback/__init__.py", {st_mode=S_IFREG|0644, st_size=40, ...}, 0) = 0
openat(AT_FDCWD, "/home/ubuntu/.local/lib/python3.12/site-packages/colored_traceback/__pycache__/__init__.cpython-312.pyc", O_RDONLY|O_CLOEXEC) = 6
fstat(6, {st_mode=S_IFREG|0644, st_size=228, ...}) = 0
ioctl(6, TCGETS, 0x7ffc5ece6930)        = -1 ENOTTY (Inappropriate ioctl for device)
lseek(6, 0, SEEK_CUR)                   = 0
lseek(6, 0, SEEK_CUR)                   = 0
fstat(6, {st_mode=S_IFREG|0644, st_size=228, ...}) = 0
read(6, "\313\r\r\n\0\0\0\0\225\254\33i(\0\0\0\343\0\0\0\0\0\0\0\0\0\0\0\0\2\0\0"..., 229) = 228
read(6, "", 1)                          = 0
close(6)                                = 0
newfstatat(AT_FDCWD, "/home/ubuntu/.local/lib/python3.12/site-packages/colored_traceback", {st_mode=S_IFDIR|0755, st_size=4096, ...}, 0) = 0
newfstatat(AT_FDCWD, "/home/ubuntu/.local/lib/python3.12/site-packages/colored_traceback", {st_mode=S_IFDIR|0755, st_size=4096, ...}, 0) = 0
newfstatat(AT_FDCWD, "/home/ubuntu/.local/lib/python3.12/site-packages/colored_traceback", {st_mode=S_IFDIR|0755, st_size=4096, ...}, 0) = 0
openat(AT_FDCWD, "/home/ubuntu/.local/lib/python3.12/site-packages/colored_traceback", O_RDONLY|O_NONBLOCK|O_CLOEXEC|O_DIRECTORY) = 6
fstat(6, {st_mode=S_IFDIR|0755, st_size=4096, ...}) = 0
getdents64(6, 0x1f73df80 /* 8 entries */, 32768) = 240
getdents64(6, 0x1f73df80 /* 0 entries */, 32768) = 0
close(6)                                = 0
newfstatat(AT_FDCWD, "/home/ubuntu/.local/lib/python3.12/site-packages/colored_traceback/colored_traceback.py", {st_mode=S_IFREG|0644, st_size=2738, ...}, 0) = 0
newfstatat(AT_FDCWD, "/home/ubuntu/.local/lib/python3.12/site-packages/colored_traceback/colored_traceback.py", {st_mode=S_IFREG|0644, st_size=2738, ...}, 0) = 0
openat(AT_FDCWD, "/home/ubuntu/.local/lib/python3.12/site-packages/colored_traceback/__pycache__/colored_traceback.cpython-312.pyc", O_RDONLY|O_CLOEXEC) = 6
fstat(6, {st_mode=S_IFREG|0644, st_size=4373, ...}) = 0
ioctl(6, TCGETS, 0x7ffc5ece62c0)        = -1 ENOTTY (Inappropriate ioctl for device)
lseek(6, 0, SEEK_CUR)                   = 0
lseek(6, 0, SEEK_CUR)                   = 0
fstat(6, {st_mode=S_IFREG|0644, st_size=4373, ...}) = 0
read(6, "\313\r\r\n\0\0\0\0\225\254\33i\262\n\0\0\343\0\0\0\0\0\0\0\0\0\0\0\0\5\0\0"..., 4374) = 4373
read(6, "", 1)                          = 0
close(6)                                = 0
newfstatat(AT_FDCWD, "/workspace/sidechannel/ropfu", {st_mode=S_IFDIR|0755, st_size=4096, ...}, 0) = 0
newfstatat(AT_FDCWD, "/usr/lib/python3.12", {st_mode=S_IFDIR|0755, st_size=4096, ...}, 0) = 0
newfstatat(AT_FDCWD, "/usr/lib/python3.12/lib-dynload", {st_mode=S_IFDIR|0755, st_size=4096, ...}, 0) = 0
newfstatat(AT_FDCWD, "/home/ubuntu/.local/lib/python3.12/site-packages", {st_mode=S_IFDIR|0755, st_size=4096, ...}, 0) = 0
newfstatat(AT_FDCWD, "/usr/local/lib/python3.12/dist-packages", {st_mode=S_IFDIR|0755, st_size=4096, ...}, 0) = 0
newfstatat(AT_FDCWD, "/usr/lib/python3/dist-packages", {st_mode=S_IFDIR|0755, st_size=4096, ...}, 0) = 0
newfstatat(AT_FDCWD, "/usr/lib/python3/dist-packages/pygments/__init__.cpython-312-x86_64-linux-gnu.so", 0x7ffc5ece5fb0, 0) = -1 ENOENT (No such file or directory)
newfstatat(AT_FDCWD, "/usr/lib/python3/dist-packages/pygments/__init__.abi3.so", 0x7ffc5ece5fb0, 0) = -1 ENOENT (No such file or directory)
newfstatat(AT_FDCWD, "/usr/lib/python3/dist-packages/pygments/__init__.so", 0x7ffc5ece5fb0, 0) = -1 ENOENT (No such file or directory)
newfstatat(AT_FDCWD, "/usr/lib/python3/dist-packages/pygments/__init__.py", {st_mode=S_IFREG|0644, st_size=2959, ...}, 0) = 0
newfstatat(AT_FDCWD, "/usr/lib/python3/dist-packages/pygments/__init__.py", {st_mode=S_IFREG|0644, st_size=2959, ...}, 0) = 0
openat(AT_FDCWD, "/usr/lib/python3/dist-packages/pygments/__pycache__/__init__.cpython-312.pyc", O_RDONLY|O_CLOEXEC) = 6
fstat(6, {st_mode=S_IFREG|0644, st_size=3421, ...}) = 0
ioctl(6, TCGETS, 0x7ffc5ece5c50)        = -1 ENOTTY (Inappropriate ioctl for device)
lseek(6, 0, SEEK_CUR)                   = 0
lseek(6, 0, SEEK_CUR)                   = 0
fstat(6, {st_mode=S_IFREG|0644, st_size=3421, ...}) = 0
read(6, "\313\r\r\n\0\0\0\0|\355\274e\217\v\0\0\343\0\0\0\0\0\0\0\0\0\0\0\0\2\0\0"..., 3422) = 3421
read(6, "", 1)                          = 0
close(6)                                = 0
newfstatat(AT_FDCWD, "/usr/lib/python3/dist-packages/pygments", {st_mode=S_IFDIR|0755, st_size=4096, ...}, 0) = 0
newfstatat(AT_FDCWD, "/usr/lib/python3/dist-packages/pygments", {st_mode=S_IFDIR|0755, st_size=4096, ...}, 0) = 0
newfstatat(AT_FDCWD, "/usr/lib/python3/dist-packages/pygments", {st_mode=S_IFDIR|0755, st_size=4096, ...}, 0) = 0
openat(AT_FDCWD, "/usr/lib/python3/dist-packages/pygments", O_RDONLY|O_NONBLOCK|O_CLOEXEC|O_DIRECTORY) = 6
fstat(6, {st_mode=S_IFDIR|0755, st_size=4096, ...}) = 0
getdents64(6, 0x1f73e3d0 /* 23 entries */, 32768) = 720
getdents64(6, 0x1f73e3d0 /* 0 entries */, 32768) = 0
close(6)                                = 0
newfstatat(AT_FDCWD, "/usr/lib/python3/dist-packages/pygments/lexers/__init__.cpython-312-x86_64-linux-gnu.so", 0x7ffc5ece5fb0, 0) = -1 ENOENT (No such file or directory)
newfstatat(AT_FDCWD, "/usr/lib/python3/dist-packages/pygments/lexers/__init__.abi3.so", 0x7ffc5ece5fb0, 0) = -1 ENOENT (No such file or directory)
newfstatat(AT_FDCWD, "/usr/lib/python3/dist-packages/pygments/lexers/__init__.so", 0x7ffc5ece5fb0, 0) = -1 ENOENT (No such file or directory)
newfstatat(AT_FDCWD, "/usr/lib/python3/dist-packages/pygments/lexers/__init__.py", {st_mode=S_IFREG|0644, st_size=12113, ...}, 0) = 0
newfstatat(AT_FDCWD, "/usr/lib/python3/dist-packages/pygments/lexers/__init__.py", {st_mode=S_IFREG|0644, st_size=12113, ...}, 0) = 0
openat(AT_FDCWD, "/usr/lib/python3/dist-packages/pygments/lexers/__pycache__/__init__.cpython-312.pyc", O_RDONLY|O_CLOEXEC) = 6
fstat(6, {st_mode=S_IFREG|0644, st_size=14589, ...}) = 0
ioctl(6, TCGETS, 0x7ffc5ece5c50)        = -1 ENOTTY (Inappropriate ioctl for device)
lseek(6, 0, SEEK_CUR)                   = 0
lseek(6, 0, SEEK_CUR)                   = 0
fstat(6, {st_mode=S_IFREG|0644, st_size=14589, ...}) = 0
read(6, "\313\r\r\n\0\0\0\0|\355\274eQ/\0\0\343\0\0\0\0\0\0\0\0\0\0\0\0\5\0\0"..., 14590) = 14589
read(6, "", 1)                          = 0
close(6)                                = 0
newfstatat(AT_FDCWD, "/usr/lib/python3/dist-packages/pygments/lexers", {st_mode=S_IFDIR|0755, st_size=12288, ...}, 0) = 0
newfstatat(AT_FDCWD, "/usr/lib/python3/dist-packages/pygments/lexers", {st_mode=S_IFDIR|0755, st_size=12288, ...}, 0) = 0
newfstatat(AT_FDCWD, "/usr/lib/python3/dist-packages/pygments/lexers", {st_mode=S_IFDIR|0755, st_size=12288, ...}, 0) = 0
openat(AT_FDCWD, "/usr/lib/python3/dist-packages/pygments/lexers", O_RDONLY|O_NONBLOCK|O_CLOEXEC|O_DIRECTORY) = 6
fstat(6, {st_mode=S_IFDIR|0755, st_size=12288, ...}) = 0
getdents64(6, 0x1f73fac0 /* 246 entries */, 32768) = 8184
getdents64(6, 0x1f73fac0 /* 0 entries */, 32768) = 0
close(6)                                = 0
newfstatat(AT_FDCWD, "/usr/lib/python3/dist-packages/pygments/lexers/_mapping.py", {st_mode=S_IFREG|0644, st_size=68026, ...}, 0) = 0
newfstatat(AT_FDCWD, "/usr/lib/python3/dist-packages/pygments/lexers/_mapping.py", {st_mode=S_IFREG|0644, st_size=68026, ...}, 0) = 0
openat(AT_FDCWD, "/usr/lib/python3/dist-packages/pygments/lexers/__pycache__/_mapping.cpython-312.pyc", O_RDONLY|O_CLOEXEC) = 6
fstat(6, {st_mode=S_IFREG|0644, st_size=64265, ...}) = 0
ioctl(6, TCGETS, 0x7ffc5ece55e0)        = -1 ENOTTY (Inappropriate ioctl for device)
lseek(6, 0, SEEK_CUR)                   = 0
lseek(6, 0, SEEK_CUR)                   = 0
fstat(6, {st_mode=S_IFREG|0644, st_size=64265, ...}) = 0
read(6, "\313\r\r\n\0\0\0\0|\355\274e\272\t\1\0\343\0\0\0\0\0\0\0\0\0\0\0\0\20\0\0"..., 64266) = 64265
read(6, "", 1)                          = 0
close(6)                                = 0
mmap(NULL, 962560, PROT_READ|PROT_WRITE, MAP_PRIVATE|MAP_ANONYMOUS, -1, 0) = 0x7fd8f2291000
munmap(0x7fd8f2fd0000, 417792)          = 0
newfstatat(AT_FDCWD, "/usr/lib/python3/dist-packages/pygments", {st_mode=S_IFDIR|0755, st_size=4096, ...}, 0) = 0
newfstatat(AT_FDCWD, "/usr/lib/python3/dist-packages/pygments/modeline.py", {st_mode=S_IFREG|0644, st_size=986, ...}, 0) = 0
newfstatat(AT_FDCWD, "/usr/lib/python3/dist-packages/pygments/modeline.py", {st_mode=S_IFREG|0644, st_size=986, ...}, 0) = 0
openat(AT_FDCWD, "/usr/lib/python3/dist-packages/pygments/__pycache__/modeline.cpython-312.pyc", O_RDONLY|O_CLOEXEC) = 6
fstat(6, {st_mode=S_IFREG|0644, st_size=1525, ...}) = 0
ioctl(6, TCGETS, 0x7ffc5ece55e0)        = -1 ENOTTY (Inappropriate ioctl for device)
lseek(6, 0, SEEK_CUR)                   = 0
lseek(6, 0, SEEK_CUR)                   = 0
fstat(6, {st_mode=S_IFREG|0644, st_size=1525, ...}) = 0
read(6, "\313\r\r\n\0\0\0\0|\355\274e\332\3\0\0\343\0\0\0\0\0\0\0\0\0\0\0\0\4\0\0"..., 1526) = 1525
read(6, "", 1)                          = 0
close(6)                                = 0
newfstatat(AT_FDCWD, "/usr/lib/python3/dist-packages/pygments", {st_mode=S_IFDIR|0755, st_size=4096, ...}, 0) = 0
newfstatat(AT_FDCWD, "/usr/lib/python3/dist-packages/pygments/plugin.py", {st_mode=S_IFREG|0644, st_size=2579, ...}, 0) = 0
newfstatat(AT_FDCWD, "/usr/lib/python3/dist-packages/pygments/plugin.py", {st_mode=S_IFREG|0644, st_size=2579, ...}, 0) = 0
openat(AT_FDCWD, "/usr/lib/python3/dist-packages/pygments/__pycache__/plugin.cpython-312.pyc", O_RDONLY|O_CLOEXEC) = 6
fstat(6, {st_mode=S_IFREG|0644, st_size=3341, ...}) = 0
ioctl(6, TCGETS, 0x7ffc5ece55e0)        = -1 ENOTTY (Inappropriate ioctl for device)
lseek(6, 0, SEEK_CUR)                   = 0
lseek(6, 0, SEEK_CUR)                   = 0
fstat(6, {st_mode=S_IFREG|0644, st_size=3341, ...}) = 0
read(6, "\313\r\r\n\0\0\0\0|\355\274e\23\n\0\0\343\0\0\0\0\0\0\0\0\0\0\0\0\1\0\0"..., 3342) = 3341
read(6, "", 1)                          = 0
close(6)                                = 0
newfstatat(AT_FDCWD, "/usr/lib/python3/dist-packages/pygments", {st_mode=S_IFDIR|0755, st_size=4096, ...}, 0) = 0
newfstatat(AT_FDCWD, "/usr/lib/python3/dist-packages/pygments/util.py", {st_mode=S_IFREG|0644, st_size=10230, ...}, 0) = 0
newfstatat(AT_FDCWD, "/usr/lib/python3/dist-packages/pygments/util.py", {st_mode=S_IFREG|0644, st_size=10230, ...}, 0) = 0
openat(AT_FDCWD, "/usr/lib/python3/dist-packages/pygments/__pycache__/util.cpython-312.pyc", O_RDONLY|O_CLOEXEC) = 6
fstat(6, {st_mode=S_IFREG|0644, st_size=13938, ...}) = 0
ioctl(6, TCGETS, 0x7ffc5ece55e0)        = -1 ENOTTY (Inappropriate ioctl for device)
lseek(6, 0, SEEK_CUR)                   = 0
lseek(6, 0, SEEK_CUR)                   = 0
fstat(6, {st_mode=S_IFREG|0644, st_size=13938, ...}) = 0
read(6, "\313\r\r\n\0\0\0\0|\355\274e\366'\0\0\343\0\0\0\0\0\0\0\0\0\0\0\0\5\0\0"..., 13939) = 13938
read(6, "", 1)                          = 0
close(6)                                = 0
newfstatat(AT_FDCWD, "/usr/lib/python3/dist-packages/pygments", {st_mode=S_IFDIR|0755, st_size=4096, ...}, 0) = 0
newfstatat(AT_FDCWD, "/usr/lib/python3/dist-packages/pygments/formatters/__init__.cpython-312-x86_64-linux-gnu.so", 0x7ffc5ece5fb0, 0) = -1 ENOENT (No such file or directory)
newfstatat(AT_FDCWD, "/usr/lib/python3/dist-packages/pygments/formatters/__init__.abi3.so", 0x7ffc5ece5fb0, 0) = -1 ENOENT (No such file or directory)
newfstatat(AT_FDCWD, "/usr/lib/python3/dist-packages/pygments/formatters/__init__.so", 0x7ffc5ece5fb0, 0) = -1 ENOENT (No such file or directory)
newfstatat(AT_FDCWD, "/usr/lib/python3/dist-packages/pygments/formatters/__init__.py", {st_mode=S_IFREG|0644, st_size=5395, ...}, 0) = 0
newfstatat(AT_FDCWD, "/usr/lib/python3/dist-packages/pygments/formatters/__init__.py", {st_mode=S_IFREG|0644, st_size=5395, ...}, 0) = 0
openat(AT_FDCWD, "/usr/lib/python3/dist-packages/pygments/formatters/__pycache__/__init__.cpython-312.pyc", O_RDONLY|O_CLOEXEC) = 6
fstat(6, {st_mode=S_IFREG|0644, st_size=6865, ...}) = 0
ioctl(6, TCGETS, 0x7ffc5ece5c50)        = -1 ENOTTY (Inappropriate ioctl for device)
lseek(6, 0, SEEK_CUR)                   = 0
lseek(6, 0, SEEK_CUR)                   = 0
fstat(6, {st_mode=S_IFREG|0644, st_size=6865, ...}) = 0
read(6, "\313\r\r\n\0\0\0\0|\355\274e\23\25\0\0\343\0\0\0\0\0\0\0\0\0\0\0\0\5\0\0"..., 6866) = 6865
read(6, "", 1)                          = 0
close(6)                                = 0
newfstatat(AT_FDCWD, "/usr/lib/python3/dist-packages/pygments/formatters", {st_mode=S_IFDIR|0755, st_size=4096, ...}, 0) = 0
newfstatat(AT_FDCWD, "/usr/lib/python3/dist-packages/pygments/formatters", {st_mode=S_IFDIR|0755, st_size=4096, ...}, 0) = 0
newfstatat(AT_FDCWD, "/usr/lib/python3/dist-packages/pygments/formatters", {st_mode=S_IFDIR|0755, st_size=4096, ...}, 0) = 0
openat(AT_FDCWD, "/usr/lib/python3/dist-packages/pygments/formatters", O_RDONLY|O_NONBLOCK|O_CLOEXEC|O_DIRECTORY) = 6
fstat(6, {st_mode=S_IFDIR|0755, st_size=4096, ...}) = 0
getdents64(6, 0x1f74b380 /* 17 entries */, 32768) = 544
getdents64(6, 0x1f74b380 /* 0 entries */, 32768) = 0
close(6)                                = 0
newfstatat(AT_FDCWD, "/usr/lib/python3/dist-packages/pygments/formatters/_mapping.py", {st_mode=S_IFREG|0755, st_size=4176, ...}, 0) = 0
newfstatat(AT_FDCWD, "/usr/lib/python3/dist-packages/pygments/formatters/_mapping.py", {st_mode=S_IFREG|0755, st_size=4176, ...}, 0) = 0
openat(AT_FDCWD, "/usr/lib/python3/dist-packages/pygments/formatters/__pycache__/_mapping.cpython-312.pyc", O_RDONLY|O_CLOEXEC) = 6
fstat(6, {st_mode=S_IFREG|0644, st_size=4172, ...}) = 0
ioctl(6, TCGETS, 0x7ffc5ece55e0)        = -1 ENOTTY (Inappropriate ioctl for device)
lseek(6, 0, SEEK_CUR)                   = 0
lseek(6, 0, SEEK_CUR)                   = 0
fstat(6, {st_mode=S_IFREG|0644, st_size=4172, ...}) = 0
read(6, "\313\r\r\n\0\0\0\0|\355\274eP\20\0\0\343\0\0\0\0\0\0\0\0\0\0\0\0\3\0\0"..., 4173) = 4172
read(6, "", 1)                          = 0
close(6)                                = 0
ioctl(1, TCGETS, 0x7ffc5ece74c0)        = -1 ENOTTY (Inappropriate ioctl for device)
openat(AT_FDCWD, "/etc/pwn.conf", O_RDONLY|O_CLOEXEC) = -1 ENOENT (No such file or directory)
openat(AT_FDCWD, "/home/ubuntu/.config/pwn.conf", O_RDONLY|O_CLOEXEC) = -1 ENOENT (No such file or directory)
openat(AT_FDCWD, "/home/ubuntu/.pwn.conf", O_RDONLY|O_CLOEXEC) = -1 ENOENT (No such file or directory)
newfstatat(AT_FDCWD, "/usr/bin/python3", {st_mode=S_IFLNK|0777, st_size=10, ...}, AT_SYMLINK_NOFOLLOW) = 0
readlink("/usr/bin/python3", "python3.12", 4096) = 10
newfstatat(AT_FDCWD, "/usr/bin/python3.12", {st_mode=S_IFREG|0755, st_size=8021824, ...}, AT_SYMLINK_NOFOLLOW) = 0
pipe2([6, 7], O_CLOEXEC)                = 0
openat(AT_FDCWD, "/dev/null", O_RDWR|O_CLOEXEC) = 8
fstat(6, {st_mode=S_IFIFO|0600, st_size=0, ...}) = 0
ioctl(6, TCGETS, 0x7ffc5ece71a0)        = -1 ENOTTY (Inappropriate ioctl for device)
lseek(6, 0, SEEK_CUR)                   = -1 ESPIPE (Illegal seek)
pipe2([9, 10], O_CLOEXEC)               = 0
rt_sigprocmask(SIG_BLOCK, ~[RTMIN RT_1], [], 8) = 0
vfork()                                 = 31534
rt_sigprocmask(SIG_SETMASK, [], NULL, 8) = 0
close(10)                               = 0
close(8)                                = 0
close(7)                                = 0
read(9, "", 50000)                      = 0
close(9)                                = 0
lseek(6, 0, SEEK_CUR)                   = -1 ESPIPE (Illegal seek)
fstat(6, {st_mode=S_IFIFO|0600, st_size=0, ...}) = 0
read(6, "ELF 64-bit LSB executable, x86-6"..., 8192) = 200
--- SIGCHLD {si_signo=SIGCHLD, si_code=CLD_EXITED, si_pid=31534, si_uid=1000, si_status=0, si_utime=0, si_stime=0} ---
read(6, "", 7992)                       = 0
close(6)                                = 0
wait4(31534, [{WIFEXITED(s) && WEXITSTATUS(s) == 0}], 0, NULL) = 31534
newfstatat(AT_FDCWD, "/home/ubuntu/.cache", {st_mode=S_IFDIR|0755, st_size=4096, ...}, 0) = 0
mkdir("/home/ubuntu/.cache/.pwntools-cache-3.12", 0777) = -1 EEXIST (File exists)
access("/home/ubuntu/.cache/.pwntools-cache-3.12", W_OK) = 0
newfstatat(AT_FDCWD, "/home/ubuntu/.cache/.pwntools-cache-3.12", {st_mode=S_IFDIR|0755, st_size=4096, ...}, 0) = 0
newfstatat(AT_FDCWD, "/home/ubuntu/.cache/.pwntools-cache-3.12/update", {st_mode=S_IFREG|0644, st_size=0, ...}, 0) = 0
openat(AT_FDCWD, "/home/ubuntu/.cache/.pwntools-cache-3.12/update", O_RDONLY|O_CLOEXEC) = 6
fstat(6, {st_mode=S_IFREG|0644, st_size=0, ...}) = 0
ioctl(6, TCGETS, 0x7ffc5ece74d0)        = -1 ENOTTY (Inappropriate ioctl for device)
lseek(6, 0, SEEK_CUR)                   = 0
lseek(6, 0, SEEK_CUR)                   = 0
fstat(6, {st_mode=S_IFREG|0644, st_size=0, ...}) = 0
read(6, "", 8192)                       = 0
close(6)                                = 0
newfstatat(AT_FDCWD, "/home/ubuntu/.cache/.pwntools-cache-3.12", {st_mode=S_IFDIR|0755, st_size=4096, ...}, 0) = 0
newfstatat(AT_FDCWD, "/home/ubuntu/.cache/.pwntools-cache-3.12/update", {st_mode=S_IFREG|0644, st_size=0, ...}, 0) = 0
newfstatat(AT_FDCWD, "/home/ubuntu/.cache/.pwntools-cache-3.12", {st_mode=S_IFDIR|0755, st_size=4096, ...}, 0) = 0
newfstatat(AT_FDCWD, "/home/ubuntu/.cache/.pwntools-cache-3.12/update", {st_mode=S_IFREG|0644, st_size=0, ...}, 0) = 0
newfstatat(AT_FDCWD, "/home/ubuntu/.cache/.pwntools-cache-3.12/update", {st_mode=S_IFREG|0644, st_size=0, ...}, 0) = 0
openat(AT_FDCWD, "./vuln", O_RDONLY|O_CLOEXEC) = 6
fstat(6, {st_mode=S_IFREG|0755, st_size=709360, ...}) = 0
ioctl(6, TCGETS, 0x7ffc5ece7820)        = -1 ENOTTY (Inappropriate ioctl for device)
lseek(6, 0, SEEK_CUR)                   = 0
fstat(6, {st_mode=S_IFREG|0755, st_size=709360, ...}) = 0
fcntl(6, F_DUPFD_CLOEXEC, 0)            = 7
mmap(NULL, 709360, PROT_READ|PROT_WRITE, MAP_PRIVATE, 6, 0) = 0x7fd8f21e3000
getcwd("/workspace/sidechannel/ropfu", 1024) = 29
uname({sysname="Linux", nodename="cursor", ...}) = 0
mmap(NULL, 438272, PROT_READ|PROT_WRITE, MAP_PRIVATE|MAP_ANONYMOUS, -1, 0) = 0x7fd8f2178000
brk(0x1f7a7000)                         = 0x1f7a7000
munmap(0x7fd8f2178000, 438272)          = 0
mmap(NULL, 1048576, PROT_READ|PROT_WRITE, MAP_PRIVATE|MAP_ANONYMOUS, -1, 0) = 0x7fd8f20e3000
mmap(NULL, 1048576, PROT_READ|PROT_WRITE, MAP_PRIVATE|MAP_ANONYMOUS, -1, 0) = 0x7fd8f1fe3000
mmap(NULL, 1048576, PROT_READ|PROT_WRITE, MAP_PRIVATE|MAP_ANONYMOUS, -1, 0) = 0x7fd8f1ee3000
getpid()                                = 31533
brk(0x1f7ce000)                         = 0x1f7ce000
mmap(NULL, 712704, PROT_READ|PROT_WRITE, MAP_PRIVATE|MAP_ANONYMOUS, -1, 0) = 0x7fd8f1e35000
munmap(0x7fd8f1e35000, 712704)          = 0
getpid()                                = 31533
write(1, "[*] '/workspace/sidechannel/ropf"..., 291) = 291
newfstatat(AT_FDCWD, "/workspace/sidechannel/ropfu", {st_mode=S_IFDIR|0755, st_size=4096, ...}, 0) = 0
newfstatat(AT_FDCWD, "/usr/lib/python3.12", {st_mode=S_IFDIR|0755, st_size=4096, ...}, 0) = 0
newfstatat(AT_FDCWD, "/usr/lib/python3.12/argparse.py", {st_mode=S_IFREG|0644, st_size=101750, ...}, 0) = 0
newfstatat(AT_FDCWD, "/usr/lib/python3.12/argparse.py", {st_mode=S_IFREG|0644, st_size=101750, ...}, 0) = 0
openat(AT_FDCWD, "/usr/lib/python3.12/__pycache__/argparse.cpython-312.pyc", O_RDONLY|O_CLOEXEC) = 8
fstat(8, {st_mode=S_IFREG|0644, st_size=101682, ...}) = 0
ioctl(8, TCGETS, 0x7ffc5ece7610)        = -1 ENOTTY (Inappropriate ioctl for device)
lseek(8, 0, SEEK_CUR)                   = 0
lseek(8, 0, SEEK_CUR)                   = 0
fstat(8, {st_mode=S_IFREG|0644, st_size=101682, ...}) = 0
read(8, "\313\r\r\n\0\0\0\0)!\236hv\215\1\0\343\0\0\0\0\0\0\0\0\0\0\0\0\6\0\0"..., 101683) = 101682
read(8, "", 1)                          = 0
close(8)                                = 0
newfstatat(AT_FDCWD, "/workspace/sidechannel/ropfu", {st_mode=S_IFDIR|0755, st_size=4096, ...}, 0) = 0
newfstatat(AT_FDCWD, "/usr/lib/python3.12", {st_mode=S_IFDIR|0755, st_size=4096, ...}, 0) = 0
newfstatat(AT_FDCWD, "/usr/lib/python3.12/gettext.py", {st_mode=S_IFREG|0644, st_size=21747, ...}, 0) = 0
newfstatat(AT_FDCWD, "/usr/lib/python3.12/gettext.py", {st_mode=S_IFREG|0644, st_size=21747, ...}, 0) = 0
openat(AT_FDCWD, "/usr/lib/python3.12/__pycache__/gettext.cpython-312.pyc", O_RDONLY|O_CLOEXEC) = 8
fstat(8, {st_mode=S_IFREG|0644, st_size=22151, ...}) = 0
ioctl(8, TCGETS, 0x7ffc5ece6fa0)        = -1 ENOTTY (Inappropriate ioctl for device)
lseek(8, 0, SEEK_CUR)                   = 0
lseek(8, 0, SEEK_CUR)                   = 0
fstat(8, {st_mode=S_IFREG|0644, st_size=22151, ...}) = 0
read(8, "\313\r\r\n\0\0\0\0)!\236h\363T\0\0\343\0\0\0\0\0\0\0\0\0\0\0\0\10\0\0"..., 22152) = 22151
read(8, "", 1)                          = 0
close(8)                                = 0
newfstatat(AT_FDCWD, "/usr/share/locale/en_US.UTF-8/LC_MESSAGES/messages.mo", 0x7ffc5ece7a10, 0) = -1 ENOENT (No such file or directory)
newfstatat(AT_FDCWD, "/usr/share/locale-langpack/en_US.UTF-8/LC_MESSAGES/messages.mo", 0x7ffc5ece7a10, 0) = -1 ENOENT (No such file or directory)
newfstatat(AT_FDCWD, "/usr/share/locale/en_US/LC_MESSAGES/messages.mo", 0x7ffc5ece7a10, 0) = -1 ENOENT (No such file or directory)
newfstatat(AT_FDCWD, "/usr/share/locale-langpack/en_US/LC_MESSAGES/messages.mo", 0x7ffc5ece7a10, 0) = -1 ENOENT (No such file or directory)
newfstatat(AT_FDCWD, "/usr/share/locale/en.UTF-8/LC_MESSAGES/messages.mo", 0x7ffc5ece7a10, 0) = -1 ENOENT (No such file or directory)
newfstatat(AT_FDCWD, "/usr/share/locale-langpack/en.UTF-8/LC_MESSAGES/messages.mo", 0x7ffc5ece7a10, 0) = -1 ENOENT (No such file or directory)
newfstatat(AT_FDCWD, "/usr/share/locale/en/LC_MESSAGES/messages.mo", 0x7ffc5ece7a10, 0) = -1 ENOENT (No such file or directory)
newfstatat(AT_FDCWD, "/usr/share/locale-langpack/en/LC_MESSAGES/messages.mo", 0x7ffc5ece7a10, 0) = -1 ENOENT (No such file or directory)
newfstatat(AT_FDCWD, "/usr/share/locale/en_US.UTF-8/LC_MESSAGES/messages.mo", 0x7ffc5ece7a10, 0) = -1 ENOENT (No such file or directory)
newfstatat(AT_FDCWD, "/usr/share/locale-langpack/en_US.UTF-8/LC_MESSAGES/messages.mo", 0x7ffc5ece7a10, 0) = -1 ENOENT (No such file or directory)
newfstatat(AT_FDCWD, "/usr/share/locale/en_US/LC_MESSAGES/messages.mo", 0x7ffc5ece7a10, 0) = -1 ENOENT (No such file or directory)
newfstatat(AT_FDCWD, "/usr/share/locale-langpack/en_US/LC_MESSAGES/messages.mo", 0x7ffc5ece7a10, 0) = -1 ENOENT (No such file or directory)
newfstatat(AT_FDCWD, "/usr/share/locale/en.UTF-8/LC_MESSAGES/messages.mo", 0x7ffc5ece7a10, 0) = -1 ENOENT (No such file or directory)
newfstatat(AT_FDCWD, "/usr/share/locale-langpack/en.UTF-8/LC_MESSAGES/messages.mo", 0x7ffc5ece7a10, 0) = -1 ENOENT (No such file or directory)
newfstatat(AT_FDCWD, "/usr/share/locale/en/LC_MESSAGES/messages.mo", 0x7ffc5ece7a10, 0) = -1 ENOENT (No such file or directory)
newfstatat(AT_FDCWD, "/usr/share/locale-langpack/en/LC_MESSAGES/messages.mo", 0x7ffc5ece7a10, 0) = -1 ENOENT (No such file or directory)
newfstatat(AT_FDCWD, "/usr/share/locale/en_US.UTF-8/LC_MESSAGES/messages.mo", 0x7ffc5ece7a10, 0) = -1 ENOENT (No such file or directory)
newfstatat(AT_FDCWD, "/usr/share/locale-langpack/en_US.UTF-8/LC_MESSAGES/messages.mo", 0x7ffc5ece7a10, 0) = -1 ENOENT (No such file or directory)
newfstatat(AT_FDCWD, "/usr/share/locale/en_US/LC_MESSAGES/messages.mo", 0x7ffc5ece7a10, 0) = -1 ENOENT (No such file or directory)
newfstatat(AT_FDCWD, "/usr/share/locale-langpack/en_US/LC_MESSAGES/messages.mo", 0x7ffc5ece7a10, 0) = -1 ENOENT (No such file or directory)
newfstatat(AT_FDCWD, "/usr/share/locale/en.UTF-8/LC_MESSAGES/messages.mo", 0x7ffc5ece7a10, 0) = -1 ENOENT (No such file or directory)
newfstatat(AT_FDCWD, "/usr/share/locale-langpack/en.UTF-8/LC_MESSAGES/messages.mo", 0x7ffc5ece7a10, 0) = -1 ENOENT (No such file or directory)
newfstatat(AT_FDCWD, "/usr/share/locale/en/LC_MESSAGES/messages.mo", 0x7ffc5ece7a10, 0) = -1 ENOENT (No such file or directory)
newfstatat(AT_FDCWD, "/usr/share/locale-langpack/en/LC_MESSAGES/messages.mo", 0x7ffc5ece7a10, 0) = -1 ENOENT (No such file or directory)
ioctl(1, TIOCGWINSZ, 0x7ffc5ece7788)    = -1 ENOTTY (Inappropriate ioctl for device)
ioctl(1, TIOCGWINSZ, 0x7ffc5ece7aa8)    = -1 ENOTTY (Inappropriate ioctl for device)
newfstatat(AT_FDCWD, "/workspace/sidechannel/ropfu/vuln", {st_mode=S_IFREG|0755, st_size=709360, ...}, 0) = 0
newfstatat(AT_FDCWD, "/workspace/sidechannel/ropfu/vuln", {st_mode=S_IFREG|0755, st_size=709360, ...}, 0) = 0
access("/workspace/sidechannel/ropfu/vuln", X_OK) = 0
openat(AT_FDCWD, "/dev/ptmx", O_RDWR)   = 8
ioctl(8, TIOCGPTN, [0])                 = 0
ioctl(8, TIOCSPTLCK, [0])               = 0
ioctl(8, TIOCGPTPEER, 0x102)            = 9
ioctl(8, FIOCLEX)                       = 0
ioctl(9, FIOCLEX)                       = 0
ioctl(8, TCGETS, {c_iflag=ICRNL|IXON, c_oflag=NL0|CR0|TAB0|BS0|VT0|FF0|OPOST|ONLCR, c_cflag=B38400|CS8|CREAD, c_lflag=ISIG|ICANON|ECHO|ECHOE|ECHOK|IEXTEN|ECHOCTL|ECHOKE, ...}) = 0
ioctl(8, TCGETS, {c_iflag=ICRNL|IXON, c_oflag=NL0|CR0|TAB0|BS0|VT0|FF0|OPOST|ONLCR, c_cflag=B38400|CS8|CREAD, c_lflag=ISIG|ICANON|ECHO|ECHOE|ECHOK|IEXTEN|ECHOCTL|ECHOKE, ...}) = 0
ioctl(8, TCGETS, {c_iflag=ICRNL|IXON, c_oflag=NL0|CR0|TAB0|BS0|VT0|FF0|OPOST|ONLCR, c_cflag=B38400|CS8|CREAD, c_lflag=ISIG|ICANON|ECHO|ECHOE|ECHOK|IEXTEN|ECHOCTL|ECHOKE, ...}) = 0
ioctl(8, TCSETSF, {c_iflag=, c_oflag=NL0|CR0|TAB0|BS0|VT0|FF0|ONLCR, c_cflag=B38400|CS8|CREAD, c_lflag=ECHOCTL|ECHOKE, ...}) = 0
ioctl(8, TCGETS, {c_iflag=, c_oflag=NL0|CR0|TAB0|BS0|VT0|FF0|ONLCR, c_cflag=B38400|CS8|CREAD, c_lflag=ECHOCTL|ECHOKE, ...}) = 0
ioctl(9, TCGETS, {c_iflag=, c_oflag=NL0|CR0|TAB0|BS0|VT0|FF0|ONLCR, c_cflag=B38400|CS8|CREAD, c_lflag=ECHOCTL|ECHOKE, ...}) = 0
ioctl(9, TCGETS, {c_iflag=, c_oflag=NL0|CR0|TAB0|BS0|VT0|FF0|ONLCR, c_cflag=B38400|CS8|CREAD, c_lflag=ECHOCTL|ECHOKE, ...}) = 0
ioctl(9, TCGETS, {c_iflag=, c_oflag=NL0|CR0|TAB0|BS0|VT0|FF0|ONLCR, c_cflag=B38400|CS8|CREAD, c_lflag=ECHOCTL|ECHOKE, ...}) = 0
ioctl(9, TCSETSF, {c_iflag=, c_oflag=NL0|CR0|TAB0|BS0|VT0|FF0|ONLCR, c_cflag=B38400|CS8|CREAD, c_lflag=ECHOCTL|ECHOKE, ...}) = 0
ioctl(9, TCGETS, {c_iflag=, c_oflag=NL0|CR0|TAB0|BS0|VT0|FF0|ONLCR, c_cflag=B38400|CS8|CREAD, c_lflag=ECHOCTL|ECHOKE, ...}) = 0
getcwd("/workspace/sidechannel/ropfu", 1024) = 29
getpid()                                = 31533
write(1, "[x] Starting local process '/wor"..., 63) = 63
pipe2([10, 11], O_CLOEXEC)              = 0
fstat(11, {st_mode=S_IFIFO|0600, st_size=0, ...}) = 0
ioctl(11, TCGETS, 0x7ffc5ece7500)       = -1 ENOTTY (Inappropriate ioctl for device)
lseek(11, 0, SEEK_CUR)                  = -1 ESPIPE (Illegal seek)
pipe2([12, 13], O_CLOEXEC)              = 0
clone(child_stack=NULL, flags=CLONE_CHILD_CLEARTID|CLONE_CHILD_SETTID|SIGCHLD, child_tidptr=0x7fd8f3b14350) = 31535
close(13)                               = 0
close(10)                               = 0
read(12, "", 50000)                     = 0
close(12)                               = 0
getpid()                                = 31533
write(1, "[+] Starting local process '/wor"..., 74) = 74
fcntl(8, F_DUPFD_CLOEXEC, 0)            = 10
fstat(10, {st_mode=S_IFCHR|0666, st_rdev=makedev(0x5, 0x2), ...}) = 0
fcntl(8, F_DUPFD_CLOEXEC, 0)            = 12
fstat(12, {st_mode=S_IFCHR|0666, st_rdev=makedev(0x5, 0x2), ...}) = 0
close(8)                                = 0
close(9)                                = 0
fcntl(10, F_GETFL)                      = 0x8002 (flags O_RDWR|O_LARGEFILE)
fcntl(10, F_SETFL, O_RDWR|O_NONBLOCK|O_LARGEFILE) = 0
getuid()                                = 1000
getgid()                                = 1000
newfstatat(AT_FDCWD, "/workspace/sidechannel/ropfu/vuln", {st_mode=S_IFREG|0755, st_size=709360, ...}, 0) = 0
openat(AT_FDCWD, "/proc/31535/stat", O_RDONLY|O_CLOEXEC) = 8
fstat(8, {st_mode=S_IFREG|0444, st_size=0, ...}) = 0
lseek(8, 0, SEEK_CUR)                   = 0
lseek(8, 0, SEEK_CUR)                   = 0
fstat(8, {st_mode=S_IFREG|0444, st_size=0, ...}) = 0
read(8, "31535 (vuln) S 31533 31535 31535"..., 8192) = 260
read(8, "", 7932)                       = 0
close(8)                                = 0
readlink("/proc/31535/cwd", "/workspace/sidechannel/ropfu", 4096) = 28
wait4(31535, 0x7ffc5ece7d6c, WNOHANG, NULL) = 0
write(11, "AAAAAAAAAAAAAAAAAAAA\0P\16\10\0\0\0\0`\33\5\10"..., 293) = 293
openat(AT_FDCWD, "/proc/31535/stat", O_RDONLY|O_CLOEXEC) = 8
fstat(8, {st_mode=S_IFREG|0444, st_size=0, ...}) = 0
lseek(8, 0, SEEK_CUR)                   = 0
lseek(8, 0, SEEK_CUR)                   = 0
fstat(8, {st_mode=S_IFREG|0444, st_size=0, ...}) = 0
read(8, "31535 (vuln) S 31533 31535 31535"..., 8192) = 260
read(8, "", 7932)                       = 0
close(8)                                = 0
readlink("/proc/31535/cwd", "/workspace/sidechannel/ropfu", 4096) = 28
wait4(31535, 0x7ffc5ece7dcc, WNOHANG, NULL) = 0
write(11, "flag.txt\n", 9)              = 9
getpid()                                = 31533
write(1, "[x] Receiving all data\n", 23) = 23
getpid()                                = 31533
write(1, "[x] Receiving all data: 0B\n", 27) = 27
openat(AT_FDCWD, "/proc/31535/stat", O_RDONLY|O_CLOEXEC) = 8
fstat(8, {st_mode=S_IFREG|0444, st_size=0, ...}) = 0
lseek(8, 0, SEEK_CUR)                   = 0
lseek(8, 0, SEEK_CUR)                   = 0
fstat(8, {st_mode=S_IFREG|0444, st_size=0, ...}) = 0
read(8, "31535 (vuln) R 31533 31535 31535"..., 8192) = 270
read(8, "", 7922)                       = 0
close(8)                                = 0
readlink("/proc/31535/cwd", "/workspace/sidechannel/ropfu", 4096) = 28
wait4(31535, 0x7ffc5ece7dcc, WNOHANG, NULL) = 0
pselect6(11, [10], NULL, NULL, {tv_sec=2, tv_nsec=0}, NULL) = 1 (in [10], left {tv_sec=1, tv_nsec=999997812})
read(10, "How strong is your ROP-fu? Snatc"..., 4096) = 71
getpid()                                = 31533
write(1, "[x] Receiving all data: 71B\n", 28) = 28
openat(AT_FDCWD, "/proc/31535/stat", O_RDONLY|O_CLOEXEC) = 8
fstat(8, {st_mode=S_IFREG|0444, st_size=0, ...}) = 0
lseek(8, 0, SEEK_CUR)                   = 0
lseek(8, 0, SEEK_CUR)                   = 0
fstat(8, {st_mode=S_IFREG|0444, st_size=0, ...}) = 0
read(8, "31535 (vuln) R 31533 31535 31535"..., 8192) = 270
read(8, "", 7922)                       = 0
close(8)                                = 0
readlink("/proc/31535/cwd", 0x7ffc5ece6a80, 4096) = -1 ENOENT (No such file or directory)
newfstatat(AT_FDCWD, "/proc/31535", {st_mode=S_IFDIR|0555, st_size=0, ...}, AT_SYMLINK_NOFOLLOW) = 0
openat(AT_FDCWD, "/proc/31535/stat", O_RDONLY|O_CLOEXEC) = 8
fstat(8, {st_mode=S_IFREG|0444, st_size=0, ...}) = 0
lseek(8, 0, SEEK_CUR)                   = 0
lseek(8, 0, SEEK_CUR)                   = 0
fstat(8, {st_mode=S_IFREG|0444, st_size=0, ...}) = 0
read(8, "31535 (vuln) D 31533 31535 31535"..., 8192) = 165
read(8, "", 8027)                       = 0
close(8)                                = 0
wait4(31535, 0x7ffc5ece7dcc, WNOHANG, NULL) = 0
pselect6(11, [10], NULL, NULL, {tv_sec=2, tv_nsec=0}, NULL) = 1 (in [10], left {tv_sec=1, tv_nsec=999998757})
read(10, 0x1f795640, 4096)              = -1 EIO (Input/output error)
close(10)                               = 0
getpid()                                = 31533
write(1, "[+] Receiving all data: Done (71"..., 35) = 35
openat(AT_FDCWD, "/proc/31535/stat", O_RDONLY|O_CLOEXEC) = 8
fstat(8, {st_mode=S_IFREG|0444, st_size=0, ...}) = 0
lseek(8, 0, SEEK_CUR)                   = 0
lseek(8, 0, SEEK_CUR)                   = 0
fstat(8, {st_mode=S_IFREG|0444, st_size=0, ...}) = 0
read(8, "31535 (vuln) R 31533 31535 31535"..., 8192) = 165
read(8, "", 8027)                       = 0
close(8)                                = 0
readlink("/proc/31535/cwd", 0x7ffc5ece6a80, 4096) = -1 ENOENT (No such file or directory)
newfstatat(AT_FDCWD, "/proc/31535", {st_mode=S_IFDIR|0555, st_size=0, ...}, AT_SYMLINK_NOFOLLOW) = 0
openat(AT_FDCWD, "/proc/31535/stat", O_RDONLY|O_CLOEXEC) = 8
fstat(8, {st_mode=S_IFREG|0444, st_size=0, ...}) = 0
lseek(8, 0, SEEK_CUR)                   = 0
lseek(8, 0, SEEK_CUR)                   = 0
fstat(8, {st_mode=S_IFREG|0444, st_size=0, ...}) = 0
read(8, "31535 (vuln) D 31533 31535 31535"..., 8192) = 165
read(8, "", 8027)                       = 0
close(8)                                = 0
wait4(31535, 0x7ffc5ece7dcc, WNOHANG, NULL) = 0
wait4(31535, 0x7ffc5ece7dcc, WNOHANG, NULL) = 0
kill(31535, SIGKILL)                    = 0
wait4(31535, [{WIFSIGNALED(s) && WTERMSIG(s) == SIGSEGV && WCOREDUMP(s)}], 0, NULL) = 31535
--- SIGCHLD {si_signo=SIGCHLD, si_code=CLD_DUMPED, si_pid=31535, si_uid=1000, si_status=SIGSEGV, si_utime=0, si_stime=0} ---
getpid()                                = 31533
write(1, "[*] Stopped process '/workspace/"..., 68) = 68
close(11)                               = 0
close(12)                               = 0
write(1, "How strong is your ROP-fu? Snatc"..., 72) = 72
openat(AT_FDCWD, "/proc/31535/stat", O_RDONLY|O_CLOEXEC) = -1 ENOENT (No such file or directory)
openat(AT_FDCWD, "/proc/31535/stat", O_RDONLY|O_CLOEXEC) = -1 ENOENT (No such file or directory)
newfstatat(AT_FDCWD, "/proc/31535/stat", 0x7ffc5ece76b0, 0) = -1 ENOENT (No such file or directory)
lseek(5, 0, SEEK_CUR)                   = 0
rt_sigaction(SIGINT, {sa_handler=SIG_DFL, sa_mask=[], sa_flags=SA_RESTORER|SA_ONSTACK, sa_restorer=0x7fd8f3b5a330}, {sa_handler=0x6e6b20, sa_mask=[], sa_flags=SA_RESTORER|SA_ONSTACK, sa_restorer=0x7fd8f3b5a330}, 8) = 0
lseek(5, 0, SEEK_CUR)                   = 0
lseek(5, 0, SEEK_CUR)                   = 0
close(5)                                = 0
close(6)                                = 0
close(7)                                = 0
munmap(0x7fd8f21e3000, 709360)          = 0
munmap(0x7fd8f20e3000, 1048576)         = 0
munmap(0x7fd8f2291000, 962560)          = 0
munmap(0x7fd8f36c2000, 16384)           = 0
exit_group(0)                           = ?
+++ exited with 0 +++
